tree
version=v4
num_class=1
num_tree_per_iteration=1
label_index=0
max_feature_idx=28
objective=binary sigmoid:1
feature_names=ret_1d ret_5d ret_20d vol_20d vol_60d dist_sma20 zscore_60d DXY_ret_5d DXY_ret_20d DXY_vol_20d VIX_lvl VIX_ret_5d VIX_ret_20d VIX_vol_20d DGS10_lvl DGS10_ret_5d DGS10_ret_20d DGS10_vol_20d DFF_lvl DFF_ret_5d DFF_ret_20d DFF_vol_20d T10Y2Y_lvl T10Y2Y_ret_5d T10Y2Y_ret_20d T10Y2Y_vol_20d IRON_ret_5d IRON_ret_20d IRON_vol_20d
feature_infos=[-0.11069886883706537:0.096694461890016181] [-0.12627215899248412:0.21945252436316354] [-0.18769604907697479:0.30003589549260079] [0.0013981035187834276:0.056306671057469108] [0.0027895773083712197:0.038295093505153845] [-0.11700556034072836:0.2550824708558157] [-3.6541421336673694:5.3014855372570748] [-0.079974460780886325:0.052918397191728417] [-0.10161625382829964:0.11629473925670908] [0.0012965675371935925:0.01288712818343282] [9.1400000000000006:82.689999999999998] [-0.55909291210651668:1.1407237740182365] [-0.76225097212909132:1.7991637635396711] [0.21885828147095893:10.231592920176725] [0.52000000000000002:5.2599999999999998] [-0.71149631922814183:0.36396537720141164] [-1.0608719606852626:0.36412376795172297] [0.015861240410776269:0.14514149176434346] [0.040000000000000001:5.4100000000000001] [-1.9924301646902063:1.4170660197866445] [-3.0910424533583156:1.5040773967762742] [0:0.61974082019060694] [-1.0800000000000001:2.9100000000000001] [-2.4849066497879999:2.3978952727983707] [-3.1354942159291492:3.0910424533583152] [0.0085069630922340617:0.13247045350806183] [-0.25072769102168024:0.23852219287261667] [-0.32226168342366801:0.2892135991801621] [0.00088475244056345306:0.055934980039433688]
tree_sizes=1688 1748 1735 1732 1746 1740 1713 1744 1748 1715 1757 1749 1749 1748 1740 1754 1748 1746 1732 1735 1757 1758 1753 1753 1758 1730 1742 1750 1745 1757 1739 1722 1748 1755 1751 1747 1743 1762 1754 1753 1768 1765 1754 1750 1749 1753 1734 1755 1754 1766 1765 1743 1757 1754 1748 1753 1756 1768 1763

Tree=0
num_leaves=15
num_cat=0
split_feature=6 9 25 24 4 26 14 18 10 6 27 2 9 8
split_gain=140.386 64.967 69.5221 62.7679 46.4602 42.0873 29.5967 32.5254 26.879 23.455 22.8474 50.0835 22.6292 18.8489
threshold=1.3474395284114438 0.0039124718984328158 0.029285347512832374 1.0601317681000457 0.0091452391152943239 1.0000000180025095e-35 2.4650000000000003 0.095000000000000015 18.755000000000006 -0.12867452350885458 0.18584539626248911 -0.0076739971612264082 0.003704587695239779 0.0094327623540459999
decision_type=8 2 2 8 8 8 2 2 2 10 8 10 2 2
left_child=3 5 -3 4 6 -2 7 -1 9 -6 11 -10 -11 -9
right_child=1 2 -4 -5 8 -7 -8 13 10 12 -12 -13 -14 -15
leaf_value=-1.3545194045630875 -1.4102497800026335 -1.3961459232366291 -1.3279919225496406 -1.4241954171653157 -1.4094121381626616 -1.3600539372651392 -1.4223426785860886 -1.4141827748485662 -1.3398718433660246 -1.3531904602585667 -1.3915861332648627 -1.3922481229179626 -1.3966417413738066 -1.375726548006206
leaf_weight=13.22232912480831 34.091306418180466 18.160789400339127 50.340433776378632 84.113129854202271 66.111645624041557 25.329522058367729 72.80246277153492 45.879889011383057 32.338949546217918 15.293296337127684 57.827776774764061 32.498254716396332 31.542423695325851 14.337465316057203
leaf_count=83 214 114 316 528 415 159 457 288 203 96 363 204 198 90
internal_value=-1.39325 -1.36553 -1.34584 -1.4009 -1.3957 -1.38865 -1.40892 -1.39541 -1.38746 -1.398 -1.37779 -1.36571 -1.38191 -1.40489
internal_weight=593.89 127.922 68.5012 465.968 381.854 59.4208 146.242 73.4397 235.612 112.947 122.665 64.8372 46.8357 60.2174
internal_count=3728 803 430 2925 2397 373 918 461 1479 709 770 407 294 378
is_linear=0
shrinkage=1


Tree=1
num_leaves=15
num_cat=0
split_feature=6 3 9 25 13 26 7 22 2 10 3 6 28 24
split_gain=130.517 63.7636 58.292 61.3541 41.0311 39.1902 38.8307 35.8701 39.4682 31.6889 37.6042 25.6188 24.1008 16.2454
threshold=1.3474395284114438 0.0087233561708537199 0.0039124718984328158 0.029285347512832374 1.3337239834331558 1.0000000180025095e-35 0.0013386185735124736 2.3250000000000006 -0.0076739971612264082 20.105000000000004 0.01433384738173786 0.5990094802254512 0.014383657573934427 -0.10234692727424377
decision_type=8 10 2 2 2 8 2 2 10 2 10 10 10 10
left_child=1 12 5 -4 13 -2 -5 8 9 -6 -11 -10 -1 -3
right_child=2 4 3 6 7 -7 -8 -9 11 10 -12 -13 -14 -15
leaf_value=-0.024831874877993036 -0.016391300193530856 -0.029550525922332191 -0.0025415314582919774 0.093617577212831302 0.0032347963108731999 0.031884824690699032 0.038881293436083306 -0.021338043342313547 -0.014381483382354074 0.075395628592729608 0.011904020001675609 0.02550134413813351 -0.002583174653512581 -0.0032151966594789641
leaf_weight=160.74035628139973 33.748294740915298 27.055973812937737 18.132221817970276 20.0381970256567 15.378024339675902 25.840842112898827 32.292962148785591 19.933330684900284 30.609174787998199 24.787789955735207 13.084708839654921 25.806562602519989 60.446324169635773 86.028028756380081
leaf_count=1021 214 172 114 121 96 159 195 125 193 152 81 162 382 541
internal_value=0.000277324 -0.0071776 0.0267194 0.0449936 0.00344049 0.00472438 0.0612028 0.0149102 0.0216321 0.0399062 0.0543302 0.00398874 -0.0187907 -0.00971986
internal_weight=593.923 463.87 130.053 70.4634 242.684 59.5891 52.3312 129.6 109.666 53.2505 37.8725 56.4157 221.187 113.084
internal_count=3728 2925 803 430 1522 373 316 809 684 329 233 355 1403 713
is_linear=0
shrinkage=0.03


Tree=2
num_leaves=15
num_cat=0
split_feature=6 3 4 25 13 14 22 2 22 13 13 3 3 4
split_gain=121.638 60.8544 53.2298 71.942 38.4784 34.6899 33.5509 36.0912 26.1165 24.7829 22.3146 20.7363 19.9734 18.8386
threshold=1.3474395284114438 0.0087233561708537199 0.0091138816264774627 0.029091507170885492 1.3337239834331558 2.4850000000000008 2.3250000000000006 -0.017552808244111647 0.50500000000000012 2.3831725485864692 1.5768102352186242 0.011545879051575709 0.01446156498491411 0.0063000342915842623
decision_type=8 10 8 2 2 2 2 10 2 2 2 8 8 10
left_child=1 5 8 11 -3 13 7 9 -2 -6 -5 -4 -12 -1
right_child=2 4 3 10 6 -7 -8 -9 -10 -11 12 -13 -14 -15
leaf_value=-0.026781431816138897 0.03038840625681458 -0.0094931679124588778 0.027788064036746708 0.087815878079595122 0.060347037440876911 -0.028177802974616584 -0.02098881055807722 0.0075290388027305453 -0.012661364289023688 0.011253717556370765 0.020167059060115265 -0.023003303209796409 0.068434697090430374 0.0044507978157607075
leaf_weight=22.590450510382652 18.524340525269508 112.43117588758469 12.881561264395716 19.024102181196213 25.611387550830841 130.82705783843994 19.677590891718864 70.389484390616417 35.220400512218475 15.020709961652754 17.136770397424698 14.11038765311241 15.097316965460776 65.249100744724274
leaf_count=144 115 713 80 111 154 845 125 439 217 91 102 89 89 414
internal_value=0.000269078 -0.00699796 0.025555 0.0411856 0.00332972 -0.018444 0.0143487 0.0207434 0.00246076 0.0429047 0.0617284 0.00136299 0.0441529 -0.00379251
internal_weight=593.792 461.797 131.995 78.2501 243.13 218.667 130.699 111.022 53.7447 40.6321 51.2582 26.9919 32.2341 87.8396
internal_count=3728 2925 803 471 1522 1403 809 684 332 245 302 169 191 558
is_linear=0
shrinkage=0.03


Tree=3
num_leaves=15
num_cat=0
split_feature=6 22 10 9 22 25 18 25 22 20 13 7 17 17
split_gain=113.574 58.3383 49.8537 46.3931 45.1007 70.2711 40.27 39.8752 32.6893 30.9744 29.1403 23.9537 23.7583 20.6743
threshold=1.3474395284114438 0.12500000000000003 29.280000000000005 0.0039124718984328158 0.48500000000000004 0.030262013708347409 0.44 0.028460497439496683 2.1150000000000007 0.0052083804291278577 1.168950664234311 0.0014395438196292967 0.034530688105693305 0.032312207356318103
decision_type=8 2 2 2 2 2 2 2 2 2 2 2 2 2
left_child=1 -1 3 9 5 12 8 -5 10 -2 13 -9 -3 -6
right_child=2 4 -4 7 6 -7 -8 11 -10 -11 -12 -13 -14 -15
leaf_value=-0.029626480427001143 -0.018781340984940151 0.028061831905293641 0.063680367092513429 -0.003198966952639977 0.025234350361419841 0.069668684546879814 -0.027901756950648966 0.080573596567417569 -0.015233630139497266 0.02767215835531444 0.017337929756466877 0.030313862712133821 -0.017783367358254826 -0.016148167345711704
leaf_weight=81.825217112898827 37.790949106216431 15.569022029638289 23.114800244569778 16.77487114071846 12.554708942770956 18.042668044567108 61.456752046942711 15.102497935295103 92.457596510648727 18.380250573158264 97.730485111474991 22.635303497314453 25.356620147824287 54.750295013189316
leaf_count=536 236 97 133 106 80 110 396 84 596 113 601 131 160 349
internal_value=0.000263656 -0.00682307 0.0244842 0.0158017 -0.00182062 0.0220604 -0.00629096 0.0352542 -0.00104505 -0.00336275 0.00694768 0.0519883 -8.95001e-05 -0.00817247
internal_weight=593.542 459.743 133.799 110.684 377.918 58.9683 318.95 54.5127 257.493 56.1712 165.035 37.7378 40.9256 67.305
internal_count=3728 2925 803 670 2389 367 2022 321 1626 349 1030 215 257 429
is_linear=0
shrinkage=0.03


Tree=4
num_leaves=15
num_cat=0
split_feature=6 3 4 18 10 14 22 4 27 22 4 9 24 4
split_gain=106.132 56.5604 45.3697 42.1929 34.6497 32.8266 31.9264 34.7653 25.8595 24.4813 21.6929 20.5649 19.3074 18.1065
threshold=1.3474395284114438 0.0087233561708537199 0.0091138816264774627 0.085000000000000006 22.595000000000002 2.4850000000000008 1.3450000000000004 0.010905636870676654 0.022788593437365282 0.50500000000000012 0.012468899821167891 0.0037869396404275018 -0.083248257824778751 0.0063000342915842623
decision_type=8 10 8 2 2 2 2 10 10 2 10 2 10 10
left_child=1 5 9 10 -5 13 -4 -8 12 -2 -3 -11 -6 -1
right_child=2 3 6 4 8 -7 7 -9 -10 11 -12 -13 -14 -15
leaf_value=-0.02642814689484789 0.028774156162077125 0.048972029999514423 0.018758516988484443 -0.011632889190115518 -0.022683132515579112 -0.027550555194662041 0.085040744182372632 0.027129413558023414 0.048740828915185032 -0.030344353416222616 0.0021722614180034825 0.0155299367491799 0.014728568735425475 0.0043674297001536702
leaf_weight=22.215283125638962 18.914027482271194 23.617474377155304 42.288601011037827 128.82831779122353 15.811954542994497 126.77538315951824 19.073866963386536 20.020500287413597 14.24650217592716 21.558074444532394 14.125005483627318 13.614819929003714 46.735908254981041 65.337319880723953
leaf_count=144 115 144 252 818 100 845 105 114 84 137 85 80 291 414
internal_value=0.000258812 -0.0066517 0.0234841 0.00324517 -0.0021557 -0.0178523 0.0375005 0.0568003 0.0136882 0.00209608 0.0319655 -0.0126488 0.00506286 -0.00365673
internal_weight=593.163 457.693 135.47 243.365 205.623 214.328 81.383 39.0944 76.7944 54.0869 37.7425 35.1729 62.5479 87.5526
internal_count=3728 2925 803 1522 1293 1403 471 219 475 332 229 217 391 558
is_linear=0
shrinkage=0.03


Tree=5
num_leaves=15
num_cat=0
split_feature=4 6 25 18 22 24 13 14 9 4 22 21 13 22
split_gain=117.734 80.8387 73.8298 65.612 88.4953 47.8057 43.5283 42.0698 55.1478 39.7085 36.8783 30.0686 28.6945 25.2058
threshold=0.0091452391152943239 0.76541195692943942 0.028663197014236936 2.1850000000000005 0.47500000000000003 -0.10066606403838534 0.7638846668387117 2.3150000000000004 0.0042451110690865483 0.012024906136118193 0.41500000000000004 0.0082557794748096911 1.0583689039070776 2.4250000000000003
decision_type=8 8 2 2 2 10 2 2 2 10 2 2 2 2
left_child=7 3 6 4 -2 -6 -3 8 10 11 -1 -4 -7 -14
right_child=1 2 9 -5 5 12 -8 -9 -10 -11 -12 -13 13 -15
leaf_value=0.021187457496516404 0.077668615419837217 0.043876057571013517 0.025106605535385795 -0.028645310525756636 0.052136491256699294 -0.019736626297271173 -0.018461056264222502 -0.024633561047083287 0.054503672074292638 0.021163352320240497 -0.022271851591834882 0.078898906068699204 0.018938180273581035 -0.015091458860949817
leaf_weight=24.631205275654793 14.804444700479506 13.440015122294424 14.206939175724981 50.301446154713631 15.083498254418371 52.748764201998711 32.399933770298958 151.33389256894588 13.631966561079023 32.790916383266449 55.306624457240105 35.771234899759293 59.822554543614388 28.0169937312603
leaf_count=153 86 83 83 330 92 339 202 1001 81 192 352 196 364 182
internal_value=0.00100577 0.0121715 0.0309786 0.00112564 0.0100258 0.00313826 0.000362359 -0.0149084 0.000914702 0.047728 -0.00878443 0.0644002 -0.00244978 0.00803651
internal_weight=594.29 349.387 128.609 220.778 170.476 155.672 45.8399 244.904 93.5698 82.7691 79.9378 49.9782 140.588 87.8395
internal_count=3736 2149 756 1393 1063 977 285 1587 586 471 505 279 885 546
is_linear=0
shrinkage=0.03


Tree=6
num_leaves=15
num_cat=0
split_feature=10 22 22 6 17 21 2 21 3 6 22 22 18 8
split_gain=102.531 61.6791 53.0102 52.1124 45.9792 46.0071 33.4266 28.0865 25.0839 27.4639 23.5772 25.2223 20.406 18.3726
threshold=30.185000000000006 0.065000000000000016 0.48500000000000004 -0.11060975251038134 0.050730194459484963 0.013817319185527383 -0.014585459554436351 0.0044721359549829967 0.014120102458547506 1.083688997014326 1.925 1.425 2.1700000000000004 0.01931114971634074
decision_type=2 2 2 8 2 2 8 2 10 8 2 2 2 2
left_child=1 -1 6 7 10 -6 12 -4 -2 -10 11 -5 -3 -9
right_child=8 2 3 4 5 -7 -8 13 9 -11 -12 -13 -14 -15
leaf_value=-0.025762899776467826 0.058309889208671833 0.072342682939100997 0.015807567474430826 -0.008055513061779743 0.0041983687633836489 0.055055033757315949 0.00776239670568036 -0.023390139985360537 -0.0089904046920366593 0.046211972954932443 -0.033639565175298369 0.023133605070680859 0.022789034789084239 0.010522377089689349
leaf_weight=89.512605056166649 28.105235576629639 14.166464418172838 21.98700176179409 69.582041472196579 34.690847083926201 29.017772123217583 53.249811187386513 137.32526610791683 15.797753408551214 15.101961180567743 18.532218009233475 33.87332384288311 17.496325552463531 15.473287537693976
leaf_count=601 161 81 133 438 211 165 329 907 95 81 121 205 109 99
internal_value=0.000979966 -0.00318565 0.00139933 -0.00363823 0.00741091 0.0278552 0.0225788 -0.0153525 0.038167 0.0185922 -0.00340591 0.00228012 0.0464962 -0.0199099
internal_weight=593.912 534.907 445.394 360.482 185.696 63.7086 84.9126 174.786 59.005 30.8997 121.988 103.455 31.6628 152.799
internal_count=3736 3399 2798 2279 1140 376 519 1139 337 176 764 643 190 1006
is_linear=0
shrinkage=0.03


Tree=7
num_leaves=15
num_cat=0
split_feature=4 6 25 18 24 9 13 8 14 9 4 18 13 8
split_gain=108.284 70.2341 63.3613 61.7067 60.8137 41.3223 40.4854 39.0115 38.959 49.4478 34.5829 33.4824 21.5622 20.5193
threshold=0.0091452391152943239 0.76541195692943942 0.028663197014236936 2.1850000000000005 -0.10066606403838534 0.0042451110690865483 0.7638846668387117 -0.014639252662479228 2.3150000000000004 0.0042451110690865483 0.010627355379319125 0.40500000000000008 1.0583689039070776 0.00087751952101866604
decision_type=8 8 2 2 8 2 2 2 2 2 10 2 2 2
left_child=8 3 6 4 -2 7 -3 -6 9 11 -4 -1 -7 -13
right_child=1 2 10 -5 5 12 -8 -9 -10 -11 -12 13 -14 -15
leaf_value=-0.024304787750463179 0.055982967411412767 0.041492502081508606 0.068846665250256719 -0.028178225201882439 -0.014553508689266074 -0.028548169799267914 -0.018181737421002632 0.040166733330428125 -0.024051437738916458 0.050202152213839814 0.028615036655224985 -0.0096458079891518396 0.0012040618873505749 0.037476689641233803
leaf_weight=48.100212916731834 21.22909939289093 13.809824526309965 31.186099782586098 49.025464028120041 16.254427209496498 32.269713297486305 32.103740274906158 37.44074784219265 147.47540578246117 14.228927582502363 54.735834389925003 15.42664283514023 64.055796980857849 16.249995678663254
leaf_count=308 122 83 165 330 102 213 202 227 1001 81 306 97 399 100
internal_value=0.000954982 0.0115536 0.028783 0.00115824 0.00967153 0.0027908 0.00026886 0.0236388 -0.0144831 0.000622901 0.0438415 -0.00873203 -0.00895406 0.014935
internal_weight=593.592 352.111 131.835 220.275 171.25 150.021 45.9136 53.6952 241.481 94.0058 85.9219 79.7769 96.3255 31.6766
internal_count=3736 2149 756 1393 1063 941 285 329 1587 586 471 505 612 197
is_linear=0
shrinkage=0.03


Tree=8
num_leaves=15
num_cat=0
split_feature=10 22 22 6 25 21 25 8 14 6 10 26 8 27
split_gain=90.0034 57.5705 49.1589 47.831 34.1894 34.1204 33.4517 33.0528 31.8513 30.2159 25.5996 18.8237 18.8185 17.2444
threshold=30.185000000000006 0.065000000000000016 0.48500000000000004 -0.11060975251038134 0.034043316060881144 0.0065985303888536325 0.02804834862533007 -0.0093698901359653402 2.2550000000000003 0.71967248159410657 15.145000000000001 0.00074175565995204817 0.0091432063000747039 0.013622654473102182
decision_type=2 2 2 8 2 2 2 2 2 8 2 10 2 10
left_child=1 -1 4 8 7 -5 -7 -3 10 -8 -4 -12 -9 -2
right_child=13 2 3 5 -6 6 9 12 -10 -11 11 -13 -14 -15
leaf_value=-0.025208626157807088 0.024975797931726173 0.048889306331075223 -0.021477973212162511 -0.011491270042616922 0.062296031625500965 -0.0079914399076382522 0.0014667253762267558 -0.0089883174206003055 -0.025316015087782376 0.038130706654654296 0.041950593024280204 0.00050960986052551321 0.029981272084963685 0.062231469891831294
leaf_weight=87.087949275970459 45.632560461759567 16.27659572660923 26.741552397608757 60.356545925140381 14.357139885425566 37.198523074388504 30.788671404123306 41.205568239092827 103.79622679948807 58.45511694252491 14.480201378464697 27.263413950800896 14.160130485892294 15.264353826642035
leaf_count=601 254 97 177 381 78 239 195 257 708 325 88 166 87 83
internal_value=0.000927632 -0.00304926 0.00133342 -0.00355944 0.021569 0.00694022 0.0157595 0.0126621 -0.0149182 0.0256382 0.000978261 0.01553 0.00133349 0.0351688
internal_weight=593.065 532.168 445.08 359.08 85.9994 186.799 126.442 71.6423 172.281 89.2438 68.4852 41.7436 55.3657 60.8969
internal_count=3736 3399 2798 2279 519 1140 759 441 1139 520 431 254 344 337
is_linear=0
shrinkage=0.03


Tree=9
num_leaves=15
num_cat=0
split_feature=10 22 22 6 17 21 14 28 14 3 22 22 3 6
split_gain=83.4753 55.1851 45.9687 45.3803 38.7912 37.9428 30.7619 29.608 30.0341 25.9264 22.2563 22.5458 21.8154 23.5755
threshold=30.185000000000006 0.065000000000000016 0.48500000000000004 -0.11060975251038134 0.050730194459484963 0.013817319185527383 2.2550000000000003 0.014383657573934427 2.9350000000000005 0.0069929069314721036 1.925 1.425 0.014120102458547506 1.083688997014326
decision_type=2 2 2 8 2 2 2 8 2 10 2 2 10 8
left_child=1 -1 7 6 10 -6 9 8 -3 -4 11 -5 -2 -14
right_child=12 2 3 4 5 -7 -8 -9 -10 -11 -12 -13 13 -15
leaf_value=-0.024865134380628547 0.051696063398691178 -0.012491167298672806 -0.024926644596213403 -0.0078010615454735923 0.0034844969787466902 0.048874638082235487 -0.024970959311653319 0.038664335299311431 0.03910400624490605 0.013738453165601882 -0.033250377653737312 0.021530503289428845 -0.0098012003271519734 0.040356230125940924
leaf_weight=85.677546799182892 29.852640345692635 31.452264323830605 22.331885501742363 69.07195545732975 35.08396877348423 30.701997324824333 102.11303459107876 41.683661729097366 13.788855463266371 46.153261557221413 17.949540048837662 34.56240513920784 16.110483631491661 16.00416861474514
leaf_count=601 161 195 149 438 211 165 708 243 81 282 121 205 95 81
internal_value=0.000904778 -0.00296567 0.00129804 -0.00346684 0.00671084 0.0250825 -0.0146191 0.0207367 0.00373989 0.000953114 -0.00335312 0.00209339 0.0335647 0.0156584
internal_weight=592.538 530.57 444.893 357.968 187.37 65.786 170.598 86.9248 45.2411 68.4851 121.584 103.634 61.9673 32.1147
internal_count=3736 3399 2798 2279 1140 376 1139 519 276 431 764 643 337 176
is_linear=0
shrinkage=0.03


Tree=10
num_leaves=15
num_cat=0
split_feature=6 24 4 22 22 7 13 28 3 3 4 20 20 4
split_gain=81.3467 56.3778 42.3444 31.6445 29.1528 27.0942 22.2378 25.9948 23.4071 35.5242 20.0027 25.5706 19.9993 19.6763
threshold=1.3116970138712321 1.0601317681000457 0.0091452391152943239 0.27500000000000008 2.5050000000000003 -0.0080695886494392948 1.3240562493733792 0.0094180821710998005 0.0095028062716225568 0.011645746059880944 0.0091138816264774627 0.0052083804291278577 0.016214840116401567 0.015099804143518837
decision_type=8 8 8 2 2 2 2 8 10 10 8 2 2 10
left_child=1 2 3 -1 6 -2 7 -4 -8 -10 11 -7 -12 -11
right_child=5 -3 4 -5 -6 10 8 -9 9 13 12 -13 -14 -15
leaf_value=0.021591510661399634 0.051058296622924951 -0.029155985399591921 0.024169727691125013 -0.019435699390310146 -0.018201842472141551 -0.01637496034525138 -0.0068691558573203537 -0.011054540751893225 0.053574783837520283 0.026155886631181888 0.034190785049049821 0.027510383367480101 0.00201640921520632 -0.010119178364386746
leaf_weight=18.833499476313591 20.743938982486725 74.748197004199028 26.709597751498222 119.53867720067501 33.523569449782372 31.783607929944992 21.793102964758873 58.013111919164658 29.871174469590187 36.551534295082092 53.263519480824471 17.803009077906609 25.779039651155472 20.295038089156151
leaf_count=117 112 543 164 814 227 201 139 377 162 211 284 106 143 117
internal_value=0.000897864 -0.00560247 -0.000714195 -0.0137367 0.00725787 0.0199501 0.0117458 0.000202637 0.0206742 0.0275956 0.0145782 -0.000386511 0.0238537 0.0132541
internal_weight=589.251 439.878 365.129 138.372 226.757 149.373 193.234 84.7227 108.511 86.7177 128.629 49.5866 79.0426 56.8466
internal_count=3717 2871 2328 931 1397 846 1170 541 629 490 734 307 427 328
is_linear=0
shrinkage=0.03


Tree=11
num_leaves=15
num_cat=0
split_feature=4 6 10 18 22 4 26 20 20 25 13 25 13 10
split_gain=76.5921 59.2016 52.553 49.3024 41.4803 30.8158 28.5624 23.8572 52.3462 22.9725 20.2663 19.4505 17.8622 17.0694
threshold=0.0091138816264774627 0.76541195692943942 27.400000000000002 2.1850000000000005 0.47500000000000003 0.010540826225610004 -0.0043981213820956091 0.0057361586383302141 0.036014551787809775 0.032173459161449001 1.3240562493733792 0.023902213066443908 1.1268756751052511 17.275000000000002
decision_type=8 8 2 2 2 10 8 2 2 2 2 2 2 2
left_child=2 3 7 4 -2 11 10 -1 -9 12 -6 -3 -7 -8
right_child=1 5 -4 -5 6 9 13 8 -10 -11 -12 -13 -14 -15
leaf_value=-0.022274243985433137 0.050357982370252991 0.012587935458594849 0.04653690640719213 -0.026532743848839538 0.003767814597534168 0.022045136476555267 -0.021109784382437068 0.039713985446691941 -0.01759262570824523 0.026487793701067717 0.049501525266798109 0.055376324230344831 -0.020138765898540023 0.0032000394830758463
leaf_weight=154.25397798418999 17.160844162106514 13.951677858829497 11.918617933988569 48.470487117767334 18.202264383435249 13.58672922849655 37.687184825539589 19.253318041563034 48.183420538902283 53.268170177936554 16.063529625535011 35.252555355429649 22.799725189805031 78.598307847976685
leaf_count=1060 89 84 65 341 117 82 252 122 330 282 92 179 138 484
internal_value=0.000872679 0.00964066 -0.0124373 -0.000197914 0.00752527 0.0248497 0.00234284 -0.0158026 -0.000890246 0.0141164 0.0260031 0.0437362 -0.00421893 -0.00479139
internal_weight=588.651 355.041 233.609 216.183 167.712 138.859 150.551 221.691 67.4367 89.6546 34.2658 49.2042 36.3865 116.285
internal_count=3717 2140 1577 1375 1034 765 945 1512 452 502 209 263 220 736
is_linear=0
shrinkage=0.03


Tree=12
num_leaves=15
num_cat=0
split_feature=22 22 4 25 22 4 25 18 27 12 3 3 16 25
split_gain=73.6619 56.1251 74.2113 30.7737 39.209 27.2711 39.5124 34.2152 24.9127 22.0547 22.364 22.8367 21.9251 19.2993
threshold=0.065000000000000016 0.48500000000000004 0.0091452391152943239 0.028302873203597968 2.5050000000000003 0.0067791770732740109 0.034561158606310143 2.1150000000000007 -0.071852632283382775 0.069995278424018773 0.0098320175798376538 0.012792473991798626 -0.0072210949969958573 0.040688159405279957
decision_type=2 2 8 2 2 10 2 2 8 2 8 10 2 2
left_child=-1 5 -3 8 9 -2 7 12 -4 10 -5 13 -7 -12
right_child=1 2 3 4 -6 6 -8 -9 -10 -11 11 -13 -14 -15
leaf_value=-0.025004347116613562 0.056638447033821385 -0.016539973339548621 0.025529579861888679 -0.010805213316721726 -0.013930627267172572 -0.00098953544299550762 0.04898343731986924 -0.018768460487644596 -0.019938588868692823 0.037572910848945353 0.053668840710527424 0.0060392175251713408 0.051175196485112345 0.011689442355226785
leaf_weight=83.901861682534218 19.104031354188919 149.27831563353539 13.335869610309599 24.967721253633499 32.863535925745964 13.588526859879495 23.605828911066055 29.491365611553192 44.223858669400215 52.360819101333618 24.189230799674988 45.163793966174126 14.458706885576246 17.326962560415268
leaf_count=614 108 1019 82 158 217 81 119 183 284 280 130 261 84 97
internal_value=0.000851814 0.00519749 0.000188248 0.0100292 0.015654 0.0251691 0.0171609 0.00349155 -0.00914812 0.0216306 0.0138868 0.0210413 0.0267381 0.0368356
internal_weight=587.86 503.959 403.71 254.432 196.872 100.248 81.1444 57.5386 57.5597 164.009 111.648 86.68 28.0472 41.5162
internal_count=3717 3103 2528 1509 1143 575 467 348 366 926 646 488 165 227
is_linear=0
shrinkage=0.03


Tree=13
num_leaves=15
num_cat=0
split_feature=6 14 9 28 8 4 4 8 18 22 24 6 21 26
split_gain=70.3863 43.5104 39.5525 36.2547 32.5901 31.9432 28.099 30.0632 28.6143 33.2807 28.2367 23.6454 23.6205 18.5312
threshold=0.76541195692943942 3.2050000000000005 0.0041927632839525927 0.030663186131417764 0.0044240197629572551 0.01162358809162431 0.0090039123100308354 0.012203571030875439 2.1850000000000005 0.47500000000000003 -0.10066606403838534 1.4314443722473043 0.016005742349177701 -0.0043981213820956091
decision_type=8 2 2 8 2 10 10 2 2 2 10 10 2 10
left_child=1 6 3 4 11 -4 7 -1 9 -8 -11 -2 13 -12
right_child=2 -3 5 -5 -6 -7 8 -9 -10 10 12 -13 -14 -15
leaf_value=-0.022774004625239951 -0.0050958563897180132 -0.02175159244555417 0.039569308279610825 0.043908864828712708 -0.019899192934791018 0.0052104276507540497 0.0496895319157519 0.018769726426937545 -0.029169052880194189 0.041599323913835869 0.033830155545000733 0.03519556017463539 -0.016674064490881633 -0.00086422020658446824
leaf_weight=67.245388567447662 28.934902101755142 123.85805968940258 67.030717253684998 15.279512941837309 55.516898468136787 38.458980202674866 17.771188303828239 19.52405458688736 15.616555213928221 16.538679614663124 21.776299998164177 22.643254593014717 41.624282464385033 35.253452494740486
leaf_count=469 186 906 346 86 355 212 89 130 105 93 125 135 269 211
internal_value=0.000830778 -0.00743664 0.0138392 0.00218658 -0.00411718 0.0272095 0.000157074 -0.0133189 0.00806332 0.0126213 0.00652426 0.0129254 0.000285736 0.0127382
internal_weight=587.072 359.208 227.864 122.375 107.095 105.49 235.35 86.7694 148.58 132.964 115.193 51.5782 98.654 57.0298
internal_count=3717 2397 1320 762 676 558 1491 599 892 787 698 321 605 336
is_linear=0
shrinkage=0.03


Tree=14
num_leaves=15
num_cat=0
split_feature=22 22 3 6 27 10 13 6 3 21 13 21 9 22
split_gain=68.4269 51.5684 39.0742 35.1716 24.4941 22.7391 26.5786 31.433 20.2292 27.6359 20.9014 32.2446 20.499 20.1154
threshold=0.065000000000000016 0.48500000000000004 0.0087233561708537199 1.8365142278172544 0.03621687239735439 22.595000000000002 0.74727487009582227 1.3474395284114438 0.012497209505059342 0.032444284226150137 1.1552520188109583 0.013128854251852369 0.0045648167698363511 1.9450000000000001
decision_type=2 2 8 8 8 2 2 10 10 2 2 2 2 2
left_child=-1 5 4 8 13 6 -2 -8 9 10 -4 12 -12 -3
right_child=1 2 3 -5 -6 -7 7 -9 -10 -11 11 -13 -14 -15
leaf_value=-0.024498425173667775 0.043218327767356346 0.0083426129420497916 -0.0026407546304811104 0.031877436664473541 -0.025241198350765593 0.045148800401722478 -0.011828247910970749 0.039284008251425161 -0.0085197665693778034 -0.026885427104847256 0.02344218971728803 0.052095324758418347 -0.019938347625250794 -0.022520118148262842
leaf_weight=81.653527200222015 19.3912543207407 60.650354519486427 35.699004158377647 42.762552097439766 66.841789752244949 30.735850140452385 37.288553923368454 14.104285538196562 88.594091162085533 14.711878180503843 28.782321929931641 24.822540521621704 13.714389100670813 26.480879589915276
leaf_count=614 107 391 234 210 473 154 232 82 545 99 163 136 80 197
internal_value=0.000809124 0.00494487 0.000112468 0.00744701 -0.0117243 0.0239425 0.0142336 0.0026811 0.00225425 0.0103654 0.0158924 0.0256153 0.00930604 -0.00118627
internal_weight=586.233 504.58 403.06 249.087 153.973 101.52 70.7841 51.3928 206.324 117.73 103.018 67.3193 42.4967 87.1312
internal_count=3717 3103 2528 1467 1061 575 421 314 1257 712 613 379 243 588
is_linear=0
shrinkage=0.03


Tree=15
num_leaves=15
num_cat=0
split_feature=6 18 22 14 21 25 3 9 22 4 9 2 9 4
split_gain=66.8407 44.4048 36.8354 43.9953 31.0526 24.7727 61.6752 22.4765 25.1494 21.1238 21.3157 35.2059 20.4416 20.2114
threshold=1.3116970138712321 0.87000000000000011 1.0450000000000002 1.7350000000000001 0.011115232458273614 0.029819633235769145 0.0084744282037455196 0.003704587695239779 0.12500000000000003 0.0095603104868946017 0.0042652198414601756 -0.030659470868296675 0.0031445864125833863 0.010861865571758927
decision_type=8 2 2 2 2 2 8 2 2 8 2 10 2 10
left_child=1 2 3 13 12 6 -6 8 -3 -4 11 -11 -2 -1
right_child=4 7 9 -5 5 -7 -8 -9 -10 10 -12 -13 -14 -15
leaf_value=-0.024694968452606873 -0.021294867248295914 -0.028061394188466465 -0.017865897729845627 0.04963070562209914 0.047413174458902259 0.042432255498205923 -0.028309567171882113 -0.030066389818127575 0.004670958660593293 -0.015636085477762234 -0.0046991769123321848 0.04553146921954887 0.012742687531759342 0.017860158671796959
leaf_weight=15.912538707256315 21.741237863898277 32.793875515460968 69.191990301012993 27.193053752183914 18.417586430907249 50.440271690487862 18.370636016130447 74.050220422446728 55.741044998168945 13.024370819330214 97.296261116862297 21.236005231738091 51.688935980200768 23.736763119697571
leaf_count=101 140 258 492 145 104 237 113 558 353 83 614 127 290 133
internal_value=0.000511896 -0.00565702 0.00186375 0.0209808 0.0169625 0.0289589 0.00985162 -0.0179708 -0.0076313 -0.00457402 0.00249886 0.0224941 0.00251413 0.000594055
internal_weight=590.835 430.176 267.591 66.8424 160.659 87.2285 36.7882 162.585 88.5349 200.749 131.557 34.2604 73.4302 39.6493
internal_count=3748 2864 1695 379 884 454 217 1169 611 1316 824 210 430 234
is_linear=0
shrinkage=0.03


Tree=16
num_leaves=15
num_cat=0
split_feature=6 22 4 21 22 25 3 7 13 28 13 3 4 25
split_gain=62.7156 42.7115 31.7736 28.7485 26.7142 22.6844 57.4314 22.2667 20.5814 17.7206 19.2908 16.5504 15.0574 14.2408
threshold=1.3116970138712321 0.12500000000000003 0.0091452391152943239 0.011115232458273614 0.27500000000000008 0.029819633235769145 0.0084744282037455196 0.0013386185735124736 0.613228639022391 0.016835645123009283 1.1552520188109583 0.012136574312154773 0.01147405378224998 0.023502519461807325
decision_type=8 2 8 2 2 2 8 2 2 10 2 10 10 2
left_child=1 -1 4 12 -3 6 -5 -7 -4 13 -11 -12 -2 -10
right_child=3 2 8 5 -6 7 -8 -9 9 10 11 -13 -14 -15
leaf_value=-0.027232920918888178 -0.0050970306829890176 0.020454526995490451 -0.02818750330053604 0.044998759299227302 -0.018636672668487935 0.062882413070422791 -0.027946865559171703 0.022169452772286543 -0.01856638037008421 -0.0034947671541827371 0.051935848184394735 0.009955649788023626 0.026357986471271834 0.0063309907718826402
leaf_weight=67.514207042753696 56.498113796114922 17.43733324110508 14.498358979821203 18.870104178786278 111.8216805383563 22.050608739256859 18.068355277180672 29.156322583556175 23.208183869719505 17.045104637742043 20.438010931015015 14.897803217172621 16.989705428481102 141.27460522949696
leaf_count=542 341 104 102 104 805 99 113 138 148 111 109 83 89 860
internal_value=0.000494364 -0.00551878 -0.00138947 0.016358 -0.0132466 0.0278114 0.00952145 0.0405698 0.00526347 0.00761895 0.0226413 0.0349978 0.00243131 0.00272706
internal_weight=589.768 428.135 360.621 161.633 129.259 88.1454 36.9385 51.2069 231.362 216.864 52.3809 35.3358 73.4878 164.483
internal_count=3748 2864 2322 884 909 454 217 237 1413 1311 303 192 430 1008
is_linear=0
shrinkage=0.03


Tree=17
num_leaves=15
num_cat=0
split_feature=22 4 22 4 25 4 6 18 4 25 16 10 25 24
split_gain=60.1953 56.1072 41.8611 61.324 30.748 33.6098 35.4578 27.7005 28.5304 19.7442 19.6834 17.7353 17.547 17.3498
threshold=0.10500000000000002 1.0000000180025095e-35 0.50500000000000012 0.0094464096233335525 0.030170567742333499 0.0095603104868946017 1.331849696481531 0.16500000000000004 0.012208772674778158 0.028460497439496683 0.10683655962761769 25.725000000000005 0.020894471693929485 -0.096739936117438877
decision_type=2 10 2 10 2 8 10 2 10 2 2 2 2 10
left_child=-1 -2 4 10 5 6 -3 8 9 -5 11 -4 -7 -9
right_child=1 2 3 7 -6 12 -8 13 -10 -11 -12 -13 -14 -15
leaf_value=-0.023132191511893403 0.05834380516681862 0.00057422648473033199 -0.02349947959367004 -0.0041163622319340711 0.043441671329718795 -0.032147796198035601 0.059053660213130126 0.023318688190221173 0.0015495404951255131 0.034495555573002337 0.014030362233257062 0.013495793956018708 0.01128947410471489 -0.012382022312036969
leaf_weight=82.436406545341015 15.760316252708433 20.311519593000412 126.76909535378218 14.293769046664236 32.03766155987978 18.689322248101234 16.292962700128555 13.899299427866934 71.782629892230034 65.188328698277473 16.263936936855316 12.192581728100775 13.860907435417174 68.883672147989273
leaf_count=639 70 126 912 88 156 122 87 78 430 348 99 73 77 443
internal_value=0.000481927 0.00436539 0.0025157 -0.00196551 0.0196048 0.00810001 0.0274821 0.00772251 0.0153222 0.0275869 -0.0165289 -0.0201803 -0.0138657 -0.00618108
internal_weight=588.662 506.226 490.466 389.273 101.192 69.1547 36.6045 234.048 151.265 79.4821 155.226 138.962 32.5502 82.783
internal_count=3748 3109 3039 2471 568 412 213 1387 866 436 1084 985 199 521
is_linear=0
shrinkage=0.03


Tree=18
num_leaves=15
num_cat=0
split_feature=22 6 22 18 21 25 18 6 3 17 22 10 18 3
split_gain=57.4578 50.1294 38.944 40.5056 28.8491 28.1859 31.5822 25.7951 33.4913 29.3027 19.6065 12.9911 12.9119 18.9963
threshold=0.10500000000000002 inf 0.50500000000000012 0.55500000000000016 0.013817319185527383 0.030170567742333499 2.1850000000000005 -0.14310023102590244 0.012792473991798626 0.050528782566105511 0.79500000000000015 22.880000000000006 0.14500000000000005 0.0054647375318875304
decision_type=2 8 2 2 2 2 2 10 10 2 2 2 2 10
left_child=11 2 5 4 10 6 -2 -6 9 -9 -4 -1 13 -12
right_child=1 -3 3 -5 7 -7 -8 8 -10 -11 12 -13 -14 -15
leaf_value=-0.02786878928974992 0.024311915856421361 0.055159004382532878 0.021824449412604464 -0.024002257104656491 -0.0024894058429168618 0.04148419761069054 -0.016352864932290448 0.014745244467728246 -0.0022404774170515273 0.064189373662613486 0.028991735166638926 0.0049740205192678275 -0.021241484384935463 -0.0066418397197408165
leaf_weight=68.630423486232758 41.255374044179916 15.826458811759947 22.141132548451424 61.416518487036228 48.44108309596777 32.581511422991753 28.080273687839508 21.067638039588928 24.363335028290749 22.891095221042633 14.029881045222281 12.511615492403505 45.180974744260311 128.921521730721
leaf_count=555 230 69 125 450 321 156 182 121 134 108 94 84 306 813
internal_value=0.000471679 0.00424059 0.00248832 -0.00185435 0.00236546 0.0188974 0.00784472 0.0142578 0.0259964 0.0413479 -0.00427449 -0.0228057 -0.0074452 -0.0029675
internal_weight=587.339 506.197 490.37 388.453 327.037 101.917 69.3356 116.763 68.3221 43.9587 210.274 81.142 188.132 142.951
internal_count=3748 3109 3040 2472 2022 568 412 684 363 229 1338 639 1213 907
is_linear=0
shrinkage=0.03


Tree=19
num_leaves=15
num_cat=0
split_feature=24 10 27 22 13 27 25 14 3 22 21 21 28 14
split_gain=55.013 44.0197 33.3985 23.1407 21.9301 20.1894 19.3627 36.387 34.2652 23.8479 18.7903 16.6061 16.1297 12.8945
threshold=-1.0986122886681091 28.935000000000006 -0.075215793519757476 1.7650000000000003 1.399914906330078 0.021562709210166012 0.028179405570601865 2.8950000000000005 0.0091507813501553546 1.5750000000000004 0.011459310165691952 0.0079139416994475336 0.016986257650305401 1.885
decision_type=10 2 8 2 2 10 2 2 8 2 2 2 10 2
left_child=-1 2 4 6 12 11 7 13 9 -8 -6 -3 -2 -4
right_child=1 5 3 -5 10 -7 8 -9 -10 -11 -12 -13 -14 -15
leaf_value=-0.022874748648744125 0.025528292466823518 -0.0083406258382127414 -0.0026623548697665461 -0.016113070075789163 0.0098241717924306311 0.051761470593726044 -0.019869320167249873 0.023359359974737027 0.021196032737683498 0.025537892564335477 0.055549342151584261 0.026200939636280965 -0.010171437371100645 -0.025069640757394519
leaf_weight=77.74398809671402 17.98722393065691 17.447839766740799 38.894287303090096 95.64783351123333 14.754407130181788 18.269225463271141 42.855862274765968 25.935864560306072 80.782392397522926 12.719397954642771 18.396801143884659 40.083664998412132 27.552462920546532 56.927552819252014
leaf_count=624 117 90 240 669 90 87 293 152 439 81 89 206 177 394
internal_value=0.000461977 0.00406953 0.000351736 -0.00359136 0.017901 0.0249993 0.00109299 -0.00756964 0.00882689 -0.00920936 0.0360823 0.0157618 0.00417476 -0.0160959
internal_weight=585.999 508.255 432.454 353.763 78.6909 75.8007 258.115 121.758 136.358 55.5753 33.1512 57.5315 45.5397 95.8218
internal_count=3748 3124 2741 2268 473 383 1599 786 813 374 179 296 294 634
is_linear=0
shrinkage=0.03


Tree=20
num_leaves=15
num_cat=0
split_feature=6 9 24 4 4 7 13 4 9 16 18 24 26 15
split_gain=52.5023 41.1649 30.062 27.6944 27.6172 26.5262 23.4392 21.2437 19.2825 24.3443 23.7519 33.6643 18.9863 16.8799
threshold=0.739790533053021 0.0041927632839525927 0.81093021621632888 0.01162358809162431 0.011096967086842489 0.012769158694158291 0.63761753839135038 0.006507926118507105 0.003704587695239779 0.010725885931566538 0.87000000000000011 -0.10234692727424377 -1.0000000180025095e-35 -0.0097816276354025771
decision_type=8 2 8 10 8 2 2 10 2 2 2 10 8 2
left_child=2 4 6 5 -2 -3 -1 -8 9 13 11 -10 -6 -9
right_child=1 3 -4 -5 12 -7 7 8 10 -11 -12 -13 -14 -15
leaf_value=-0.027875697759663063 -0.0089282850172635129 0.044630792328292 -0.02727486739975583 0.0034221874261346772 -0.0018031474007751641 0.0019823776191068708 -0.028428742842258919 0.016996411211181148 0.03350140395483029 0.034546356833138364 -0.029735414744460276 -0.0055273958540491925 0.046012077483156992 -0.018284469627514524
leaf_weight=30.086404271423817 92.469850637018681 56.602306246757507 55.111524127423763 38.3314218968153 13.657000869512556 17.122856810688972 21.119391173124313 25.332306064665318 23.190459944307804 31.117693178355694 25.33340310305357 110.93397809565067 15.316472858190538 21.749948762357235
leaf_count=227 597 282 473 211 79 81 163 163 118 180 194 712 82 146
internal_value=0.000268216 0.0112203 -0.00717735 0.0242477 -0.000900003 0.0348847 -0.00326213 -0.000304172 0.00230376 0.0144083 -0.00368523 0.00141877 0.0241656 0.000656873
internal_weight=577.475 233.5 343.975 112.057 121.443 73.7252 288.864 258.777 237.658 78.1999 159.458 134.124 28.9735 47.0823
internal_count=3708 1332 2376 574 758 363 1903 1676 1513 489 1024 830 161 309
is_linear=0
shrinkage=0.03


Tree=21
num_leaves=15
num_cat=0
split_feature=24 6 21 25 28 4 8 3 10 1 3 4 10 28
split_gain=50.36 39.6813 31.244 29.8331 34.346 18.3893 21.4145 31.2089 17.1424 14.5701 13.8915 17.5426 12.7306 10.6556
threshold=-1.0986122886681091 0.739790533053021 0.0075915465451527036 0.032565713996343067 0.028189647432248569 0.0063000342915842623 0.012203571030875439 0.010020019207047171 23.615000000000006 0.0094722719031548625 0.0098320175798376538 0.014737349725282888 22.430000000000003 0.015500658613766366
decision_type=10 8 2 2 8 10 2 10 2 10 10 10 2 10
left_child=12 5 -3 4 -4 -2 8 -8 13 -5 -10 -12 -1 -7
right_child=1 2 3 9 -6 6 7 -9 10 -11 11 -13 -14 -15
leaf_value=-0.027553957966063056 -0.030701369804598918 -0.0011674621957477246 -0.0071459146970558763 0.051362011236574162 0.04592866172486746 -0.016356511097142208 0.03903977273061774 -0.0057280233935550042 -0.011903550433099987 0.023320108466103062 0.034856760441913069 -0.0051077910888300696 0.0040084427674909676 0.00038946807872060064
leaf_weight=64.155432507395744 19.69392628967762 79.553238391876221 43.23630578815937 29.567748427391052 13.616962581872938 103.74006049335003 25.247484281659126 29.598764277994633 20.136305183172226 44.122040435671806 22.593697473406792 16.622681170701981 13.682469218969343 50.708407357335091
leaf_count=545 155 477 266 144 69 726 157 176 135 208 127 93 95 335
internal_value=0.000257869 0.00377484 0.0136594 0.0226352 0.00614017 -0.00344977 -0.00134556 0.0152101 -0.00564361 0.0351088 0.00796634 0.0182112 -0.0220254 -0.0108913
internal_weight=576.276 498.438 210.096 130.543 56.8533 288.341 268.647 54.8462 213.801 73.6898 59.3527 39.2164 77.8379 154.448
internal_count=3708 3068 1164 687 335 1904 1749 333 1416 352 355 220 640 1061
is_linear=0
shrinkage=0.03


Tree=22
num_leaves=15
num_cat=0
split_feature=22 6 21 22 2 17 7 18 18 22 22 3 10 18
split_gain=51.3669 39.1979 29.7872 24.4567 28.4078 22.2263 29.6232 22.0715 21.3161 17.9616 16.5094 15.4955 15.1675 14.6351
threshold=0.085000000000000006 0.739790533053021 0.0075915465451527036 0.47500000000000003 -0.012782624355054726 0.040579680908799216 0.013579479616969261 0.55500000000000016 2.1700000000000004 1.0450000000000002 1.8650000000000004 0.012084251543082901 30.820000000000004 0.13500000000000004
decision_type=2 8 2 2 10 2 2 2 2 2 2 10 2 2
left_child=-1 3 10 4 8 -4 -7 9 -2 11 -3 -5 13 -11
right_child=1 2 5 7 -6 6 -8 -9 -10 12 -12 -13 -14 -15
leaf_value=-0.022603327354464759 0.051351401613395235 0.0069665456933241188 0.0018283918384932581 0.027096742680372515 -0.015454211372738879 0.037693835847641424 -0.0047166411802488095 -0.027252893343142317 0.0040627035611606093 -0.0030947634169990077 -0.024121766279069815 -0.0096375852421782746 0.017014783679468206 -0.023019327409409842
leaf_weight=75.739925518631935 18.760651275515556 59.464770406484604 35.111694887280464 27.140665799379349 17.456371530890465 77.711935758590698 18.006552338600159 40.886290788650513 15.488652825355528 79.31663116812706 19.617089532315731 15.677391245961187 18.25336679816246 56.497410528361797
leaf_count=637 89 344 219 160 107 377 86 326 95 536 130 91 101 410
internal_value=0.000251524 0.00375605 0.0135945 -0.00340046 0.0151122 0.0223267 0.0297493 -0.00747263 0.0306879 -0.00324799 -0.000950153 0.0137338 -0.00802568 -0.0114909
internal_weight=575.129 499.389 209.912 289.477 51.7057 130.83 95.7185 237.772 34.2493 196.885 79.0819 42.8181 154.067 135.814
internal_count=3708 3071 1156 1915 291 682 463 1624 184 1298 474 251 1047 946
is_linear=0
shrinkage=0.03


Tree=23
num_leaves=15
num_cat=0
split_feature=22 6 21 25 28 22 2 18 18 22 14 27 22 5
split_gain=49.0387 36.7089 27.7049 23.2509 36.8803 23.0734 26.543 21.3593 19.5717 16.9099 30.6218 21.0706 15.7437 13.6476
threshold=0.085000000000000006 0.739790533053021 0.0075915465451527036 0.032565713996343067 0.028189647432248569 0.47500000000000003 -0.012782624355054726 0.55500000000000016 2.1700000000000004 1.0450000000000002 1.7350000000000001 0.0071777505837205 1.8650000000000004 -0.013153777828534417
decision_type=2 8 2 2 8 2 10 2 2 2 2 10 2 8
left_child=-1 5 12 4 -4 6 8 9 -2 10 13 -11 -3 -7
right_child=1 2 3 -5 -6 7 -8 -9 -10 11 -12 -13 -14 -15
leaf_value=-0.022290756885391231 0.049063992195144623 0.0067360625661730331 -0.0070638883864897074 0.032348987269670955 0.047727431833764038 0.016762911918631149 -0.015141625292944636 -0.026963954078948964 0.0039394805763249561 -0.00030437903186878129 0.048002136931189855 -0.024173803921102108 -0.023767365222409416 -0.023104866280717198
leaf_weight=74.530370227992535 19.087679713964462 59.685248643159866 43.019234210252762 75.059276565909386 13.792211130261419 13.556901022791861 17.305199831724167 40.107231937348843 15.524648889899252 105.59778423607349 14.041313394904135 47.621080636978149 19.331576533615589 15.530818089842798
leaf_count=637 89 344 264 351 67 77 107 326 95 711 78 336 130 96
internal_value=0.000241467 0.00364295 0.0131251 0.0214907 0.00683338 -0.00331274 0.0146173 -0.00729455 0.0295033 -0.00316048 0.0132359 -0.00783174 -0.000930409 -0.00458414
internal_weight=573.791 499.26 210.888 131.871 56.8114 288.373 51.9175 236.455 34.6123 196.348 43.129 153.219 79.0168 29.0877
internal_count=3708 3071 1156 682 331 1915 291 1624 184 1298 251 1047 474 173
is_linear=0
shrinkage=0.03


Tree=24
num_leaves=15
num_cat=0
split_feature=22 10 4 22 20 4 27 4 16 9 22 2 26 22
split_gain=46.8264 33.5306 33.6696 33.7861 29.7628 27.4193 22.2505 22.0226 21.5024 15.8168 21.3372 20.1811 27.9271 24.1627
threshold=0.085000000000000006 31.450000000000006 0.0091138816264774627 0.53500000000000014 0.0057361586383302141 0.0096756770723570463 -0.068035394999522478 0.014517178495920295 -0.090053292382383729 0.0044982566081790817 0.24500000000000002 -0.033879405218532492 0.0293596976561088 1.4350000000000003
decision_type=2 2 8 2 2 10 8 10 2 2 2 8 8 2
left_child=-1 2 3 4 -2 -4 -7 -3 -8 10 -10 -12 13 -13
right_child=1 7 5 -5 -6 6 8 -9 9 -11 11 12 -14 -15
leaf_value=-0.02198026706980288 -0.0067373801484116626 0.036068443950895618 0.029966684016636696 -0.01760791010678648 0.046620509103246707 0.022327735989097711 0.024750593523122606 -0.0042083690482484391 -0.031970000777887843 -0.015584370349813435 -0.013353474606262147 -0.012597442568008753 0.049874549159467735 0.032378785759070799
leaf_weight=73.347820490598679 23.290813460946083 41.843253999948502 39.139302909374237 125.00602829456329 14.547807559370993 43.343297943472862 24.070879742503166 16.821720585227013 12.744759321212767 72.007538251578808 26.215425901114941 26.993001312017441 16.431557931005955 16.482230097055435
leaf_count=637 136 193 210 929 79 232 131 91 86 461 171 163 95 94
internal_value=0.000234133 0.00353726 0.000675594 -0.0101164 0.0144493 0.00702384 0.00314596 0.0246424 -0.00121102 -0.00499092 0.00280337 0.00825718 0.0177781 0.00479847
internal_weight=572.285 498.938 440.273 162.845 37.8386 277.428 238.289 58.665 194.945 170.875 98.867 86.1222 59.9068 43.4752
internal_count=3708 3071 2787 1144 215 1643 1433 284 1201 1070 609 523 352 257
is_linear=0
shrinkage=0.03


Tree=25
num_leaves=15
num_cat=0
split_feature=4 10 25 6 13 18 22 3 18 2 13 6 26 13
split_gain=42.0488 49.9449 26.8482 23.2895 30.1339 28.4795 24.2447 28.1413 18.8069 21.1993 18.6924 34.4638 18.6534 17.9314
threshold=0.0091138816264774627 30.185000000000006 0.028302873203597968 1.4648616808204895 1.2779619016062502 0.115 2.3250000000000006 0.014231524924714439 0.38500000000000006 0.0011166205477612381 0.86358305694570858 -0.17166242762545983 -0.065417423285184281 1.6198867477942349
decision_type=8 2 2 8 2 2 2 10 2 10 2 8 8 2
left_child=1 12 10 4 5 -4 7 8 9 -6 11 -2 -1 -5
right_child=2 -3 3 13 6 -7 -8 -9 -10 -11 -12 -13 -14 -15
leaf_value=0.021228244731840529 -0.019866603177040164 0.048219600685808758 0.018093210857830919 0.047429164735955431 0.053899531113967343 -0.0225581466034783 -0.012168020167779296 -0.0017655134079995927 0.0026940200499350675 0.014075021697083223 -0.016115880222913371 0.03211066780211793 -0.016513649044165114 0.013885004997541325
leaf_weight=11.713675580918787 20.078769788146019 11.239237755537031 21.891981407999992 23.323712572455406 34.457995861768723 47.644430801272392 23.748250558972359 33.064258903264999 15.817504987120627 19.575621232390404 67.951579257845879 24.347243532538414 191.88953942060471 38.057178467512131
leaf_count=77 157 52 130 103 168 354 163 178 110 100 434 138 1454 172
internal_value=-0.000245285 -0.0107729 0.00588088 0.0112059 0.00609362 -0.00968491 0.0147638 0.0210357 0.0317014 0.0399896 -0.00631573 0.00869883 -0.0142491 0.0271872
internal_weight=584.801 214.842 369.959 257.581 196.2 69.5364 126.664 102.915 69.8511 54.0336 112.378 44.426 203.603 61.3809
internal_count=3790 1583 2207 1478 1203 484 719 556 378 268 729 295 1531 275
is_linear=0
shrinkage=0.03


Tree=26
num_leaves=15
num_cat=0
split_feature=4 10 25 13 2 22 13 26 22 3 17 4 8 3
split_gain=39.7817 46.9669 25.25 20.5415 31.7937 26.6627 17.7495 17.7195 16.8325 16.3519 16.2607 13.8838 12.8649 22.0313
threshold=0.0091138816264774627 30.185000000000006 0.028302873203597968 1.0253378644740467 0.011140090434836105 2.3850000000000002 0.86358305694570858 -0.065417423285184281 0.17500000000000002 0.01966436391017801 0.034530688105693305 0.014186308532573166 0.0075997150273496858 0.0098950224219679136
decision_type=8 2 2 2 10 2 2 8 2 10 2 8 2 10
left_child=1 7 6 4 -4 9 8 -1 -2 12 -10 -7 13 -5
right_child=2 -3 3 5 -6 11 -8 -9 10 -11 -12 -13 -14 -15
leaf_value=0.020407738450731346 -0.018748700899955398 0.046257822258722769 -0.0237579981674301 0.009329821067263603 0.024482534985045979 -0.023305045343418221 -0.015788777987690728 -0.01619890361307582 0.041930750178561592 -0.009085369149938927 -0.00071911288766391508 0.015554096064148508 0.013613990430842564 0.042417745296384583
leaf_weight=11.857061378657816 13.421570077538489 11.404220610857008 32.453802727162838 28.480602152645588 18.481098100543022 21.476701371371746 67.309133484959602 189.80081666260958 14.887544125318529 15.56634074449539 16.232084013521671 12.232315853238104 77.188166350126266 52.274987682700157
leaf_count=77 99 52 233 182 97 147 434 1454 85 77 111 80 395 267
internal_value=-0.000234159 -0.0105324 0.00570835 0.0108543 -0.00612014 0.015036 -0.00615965 -0.0139564 0.00841873 0.0197627 0.0203547 -0.00916199 0.0226452 0.0310053
internal_weight=583.066 213.062 370.004 258.154 50.9349 207.219 111.85 201.658 44.5412 173.51 31.1196 33.709 157.944 80.7556
internal_count=3790 1583 2207 1478 330 1148 729 1531 295 921 196 227 844 449
is_linear=0
shrinkage=0.03


Tree=27
num_leaves=15
num_cat=0
split_feature=4 10 25 9 13 8 4 12 14 4 8 13 14 22
split_gain=37.606 44.2051 23.6949 19.3434 26.1319 20.8823 18.9778 17.5182 16.8814 20.8186 21.5307 16.862 16.0063 15.8341
threshold=0.0091138816264774627 30.185000000000006 0.028302873203597968 0.004375325895902245 1.0403254180922323 -0.014639252662479228 0.010540826225610004 -0.26149625808507809 2.3150000000000004 0.0083007793142774299 0.0052942260637824931 0.86358305694570858 3.4750000000000005 0.17500000000000002
decision_type=8 2 2 2 2 2 10 2 2 10 2 2 2 2
left_child=1 7 11 5 -5 -4 -6 -1 9 10 -9 13 -8 -2
right_child=2 -3 3 4 6 -7 12 8 -10 -11 -12 -13 -14 -15
leaf_value=0.01607341365595532 -0.018421940176820247 0.044436777339464585 -0.0080836554366019598 -0.019131368001815408 0.029905559719403528 0.029208495991948896 0.0087268239795628769 -0.012062356922533072 -0.023606030447682492 -0.029760942514555241 0.02581265604102843 -0.015466580983606372 -0.024115693090362277 0.019586195127395643
leaf_weight=15.623944982886313 13.269901461899279 11.554043993353842 16.272166155278683 32.616420388221741 32.863117180764675 69.187177814543247 93.487983867526054 29.011141769587994 110.82182484865189 20.675249435007572 23.623803056776524 66.680426061153412 14.575082518160341 31.43135230243206
leaf_count=115 99 52 104 228 163 361 514 199 930 140 147 434 108 196
internal_value=-0.000225769 -0.0102966 0.00553209 0.010496 0.00468965 0.0220964 0.0102988 -0.013668 -0.0162649 -0.00499898 0.00510116 -0.00600149 0.00411666 0.00814699
internal_weight=581.694 211.31 370.384 259.002 173.543 85.4593 140.926 199.756 184.132 73.3102 52.6349 111.382 108.063 44.7013
internal_count=3790 1583 2207 1478 1013 465 785 1531 1416 486 346 729 622 295
is_linear=0
shrinkage=0.03


Tree=28
num_leaves=15
num_cat=0
split_feature=10 24 6 4 3 21 14 18 9 14 8 4 18 3
split_gain=35.9974 31.4025 18.582 21.721 23.7203 22.4302 23.3662 19.8297 24.6957 17.2198 21.5248 20.0216 23.5585 14.9845
threshold=22.595000000000002 -0.69314718055994495 -0.12867452350885458 0.0091138816264774627 0.012792473991798626 0.017486830679517121 2.7150000000000003 1.5550000000000004 0.0042788430269675359 2.2550000000000003 -0.015541708716634515 0.012024906136118193 0.40500000000000008 0.0082231668583178097
decision_type=2 10 8 8 8 2 2 2 2 2 2 10 2 8
left_child=1 -1 9 7 5 6 -5 8 -4 10 -3 12 -12 -2
right_child=13 2 3 4 -6 -7 -8 -9 -10 -11 11 -13 -14 -15
leaf_value=-0.024688349373172085 -0.011740607021825673 -0.028095868190091616 -0.023736494753164715 -0.0056432366607004339 -0.007902426064421866 0.039600142980132501 0.038803975270270935 0.023930526021441276 0.017826075631953178 -0.0197748274894794 -0.018937731970875966 0.03980321311272262 0.02824572075012834 0.01443726404044195
leaf_weight=61.503987148404121 21.800440408289433 16.294445537030697 53.275980763137341 34.441421441733837 35.288858130574226 33.981490880250931 14.278018847107885 14.121254943311213 16.056822963058949 73.847210444509983 24.068096309900284 14.002627804875372 14.360187411308287 152.94330974668264
leaf_count=564 154 110 396 197 205 160 82 81 98 581 166 83 87 826
internal_value=-0.000222042 -0.00512617 -0.00156739 0.00429225 0.0125334 0.0212437 0.00790121 -0.00736976 -0.0139944 -0.00981882 0.00100935 0.0104112 -0.00103665 0.0111232
internal_weight=580.264 405.52 344.016 201.444 117.99 82.7009 48.7194 83.4541 69.3328 142.573 68.7254 52.4309 38.4283 174.744
internal_count=3790 2810 2246 1219 644 439 279 575 494 1027 446 336 253 980
is_linear=0
shrinkage=0.03


Tree=29
num_leaves=15
num_cat=0
split_feature=24 10 4 18 21 6 3 28 9 3 25 4 24 4
split_gain=33.9804 26.4887 26.3694 25.2772 37.9588 21.005 22.8688 16.3618 18.5284 17.2546 16.2977 15.587 12.625 11.7949
threshold=-1.0986122886681091 29.640000000000004 0.0091138816264774627 1.5550000000000004 0.066338444524299156 -1.7102686051475395 0.0054647375318875304 0.01826757102025001 0.0034439968058576783 0.0087751928780633957 0.03043326850661977 0.014517178495920295 0.089780197676313331 0.010262354152886006
decision_type=10 2 8 2 2 8 10 10 2 10 2 10 10 10
left_child=-1 2 3 12 -5 -4 -7 8 10 -10 -8 -3 -2 -11
right_child=1 11 5 4 -6 6 7 -9 9 13 -12 -13 -14 -15
leaf_value=-0.019506897908972108 -0.021105816765351379 0.027021830156097781 -0.025724319742636045 0.031787423454883189 -0.029891135813492911 0.045003400413658155 0.0037333356082255931 0.019746095427556593 -0.025501180485049704 0.023281957648981409 0.040981251473447354 -0.003215896582937037 0.0043839932775098216 -0.0030722528959656087
leaf_weight=70.995579868555069 100.17424852401018 54.871472299098969 17.399334900081158 25.448560781776905 12.668650612235067 12.850313834846018 28.265738233923912 53.85006508231163 26.49350181221962 16.976081505417824 16.109357751905918 20.879604145884514 20.770104080438614 101.10337280482054
leaf_count=643 782 253 118 146 113 68 164 293 181 93 87 110 130 609
internal_value=-0.000216566 0.00251313 -0.0003707 -0.0100447 0.0110478 0.00528087 0.00748308 0.00532084 0.00112734 -0.00409613 0.0178605 0.018754 -0.0167283 0.000880345
internal_weight=578.856 507.86 432.109 159.062 38.1172 273.048 255.648 242.798 188.948 144.573 44.3751 75.7511 120.944 118.079
internal_count=3790 3147 2784 1171 259 1613 1495 1427 1134 883 251 363 912 702
is_linear=0
shrinkage=0.03


Tree=30
num_leaves=15
num_cat=0
split_feature=18 22 4 25 9 4 20 28 14 2 22 3 15 3
split_gain=43.7972 31.917 31.9314 23.8261 25.9315 27.8585 22.0584 21.7467 18.1133 16.4373 15.5532 16.192 17.5144 15.0364
threshold=2.1850000000000005 0.50500000000000012 0.0094011715485600948 0.02804834862533007 0.0043340205289596834 0.010301460351528555 -0.19914047238559821 0.0093556588730297954 2.9350000000000005 -0.019268939951472382 2.4650000000000003 0.010020019207047171 0.01495360191614631 0.013572893713049369
decision_type=2 2 8 2 2 10 2 10 2 10 2 10 2 10
left_child=1 8 6 -4 7 -6 -3 -5 9 -1 11 -7 -13 -2
right_child=13 2 3 4 5 10 -8 -9 -10 -11 -12 12 -14 -15
leaf_value=0.037107494092694995 -0.020447208466625129 0.024710282552671919 -0.011866633855339224 0.046708199075361188 0.034711785032097944 -0.022956025460158562 -0.015505850570993959 0.01005776515312619 0.048109323417841736 0.0029629801272803074 -0.020988765868167614 -0.002261733293961708 0.026528565281214545 0.012326494725930042
leaf_weight=17.319082021713257 101.77816505730152 12.787619791924952 48.290798723697662 27.972544573247433 21.827672965824604 15.087489582598208 117.88152541220188 30.733528330922127 17.087430655956268 41.934722684323788 27.133397772908211 43.86622416228056 32.37955130636692 13.686185814440249
leaf_count=82 852 85 314 143 96 95 898 165 82 232 200 235 169 96
internal_value=-7.33284e-05 0.00412615 0.000531665 0.00686349 0.0114453 0.00436419 -0.0114124 0.0280109 0.0216852 0.0133932 -0.00147115 0.00449168 0.0101499 -0.01649
internal_weight=569.766 454.302 377.96 247.291 199 140.294 130.669 58.7061 76.3412 59.2538 118.467 91.3333 76.2458 115.464
internal_count=3744 2796 2400 1417 1103 795 983 308 396 314 699 499 404 948
is_linear=0
shrinkage=0.03


Tree=31
num_leaves=15
num_cat=0
split_feature=18 22 4 25 6 21 27 24 14 6 27 14 22 2
split_gain=41.6474 29.8375 30.1894 22.4357 20.3104 17.2918 18.3337 16.9718 16.5865 19.7292 16.4988 15.9062 32.3039 17.1803
threshold=2.1850000000000005 0.50500000000000012 0.0094011715485600948 0.02804834862533007 1.083688997014326 0.0039403446282436916 0.0071777505837205 0.12591632743330866 2.9350000000000005 -0.60949241840357626 -0.073298966341711833 2.4650000000000003 1.675 -0.0089250266978046482
decision_type=2 2 8 2 8 2 8 10 2 10 10 2 2 10
left_child=1 8 11 10 5 -5 -7 -6 9 -1 -4 12 13 -3
right_child=-2 2 3 4 7 6 -8 -9 -10 -11 -12 -13 -14 -15
leaf_value=0.04069000396703186 -0.01618481690725956 0.01432886075558472 0.014536182248452462 0.029369916296115 0.03366899309556215 0.017099475947751089 -0.008619043139852919 0.00010545618551135621 0.045956487317146785 0.002317693836023994 -0.022946750893751835 -0.023824030933209516 0.028365894609246271 -0.023486966294316142
leaf_weight=15.713638462126253 114.1436015740037 13.594407789409159 14.42882454395294 19.762613385915756 48.225365623831749 35.634234555065632 77.189873784780502 18.722804322838783 17.393270209431648 43.784426361322403 33.517389453947544 52.029288038611412 21.12647633254528 42.89831218123436
leaf_count=73 948 94 87 101 215 196 507 84 82 241 227 439 125 325
internal_value=-6.69425e-05 0.00401185 0.000519166 0.00665629 0.0110791 0.00420925 -0.000417273 0.0244223 0.0209159 0.012957 -0.0116002 -0.011157 -0.00247115 -0.014296
internal_weight=568.165 454.021 377.13 247.481 199.535 132.587 112.824 66.9482 76.8913 59.4981 47.9462 129.648 77.6192 56.4927
internal_count=3744 2796 2400 1417 1103 804 703 299 396 314 314 983 544 419
is_linear=0
shrinkage=0.03


Tree=32
num_leaves=15
num_cat=0
split_feature=18 22 4 25 9 4 20 27 14 3 22 3 3 2
split_gain=39.5884 27.9232 28.5843 21.133 22.9361 25.7513 20.6567 15.7585 15.2247 14.5641 14.4605 15.2363 16.7365 14.2839
threshold=2.1850000000000005 0.50500000000000012 0.0094011715485600948 0.02804834862533007 0.0043340205289596834 0.010301460351528555 -0.19914047238559821 -0.073298966341711833 2.9350000000000005 0.013572893713049369 2.4650000000000003 0.010020019207047171 0.012548704802029499 -0.019268939951472382
decision_type=2 2 8 2 2 10 2 10 2 10 2 10 10 10
left_child=1 8 6 7 -5 -6 -3 -4 13 -2 11 -7 -13 -1
right_child=9 2 3 4 5 10 -8 -9 -10 -11 -12 12 -14 -15
leaf_value=0.034388992819453248 -0.019861065295704843 0.023820234448488048 0.014019512830603251 0.026117752446986029 0.033102162935992212 -0.022711408507655972 -0.014976798363138694 -0.022596538796771544 0.043969281313525448 0.012459312684295837 -0.02062241072738235 0.028527331283021644 -0.00066050762226036656 0.0027786528236882074
leaf_weight=17.666734620928764 99.249836429953575 12.913037940859793 14.546779975295065 59.824176661670208 21.955732122063637 14.913124114274977 115.59173528850079 33.038549296557903 17.674737736582756 13.656639784574507 26.677497960627079 26.15199501812458 50.562425918877125 42.046846002340317
leaf_count=82 852 85 87 308 96 95 898 227 82 96 200 131 273 232
internal_value=-6.15862e-05 0.00390157 0.000506002 0.00645678 0.0107258 0.00402245 -0.0109244 -0.0113449 0.02019 -0.0158767 -0.00160655 0.00409281 0.00952869 0.0125432
internal_weight=566.47 453.563 376.175 247.67 200.085 140.261 128.505 47.5853 77.3883 112.906 118.305 91.6275 76.7144 59.7136
internal_count=3744 2796 2400 1417 1103 795 983 314 396 948 699 499 404 314
is_linear=0
shrinkage=0.03


Tree=33
num_leaves=15
num_cat=0
split_feature=18 22 4 20 3 27 3 13 28 9 21 3 2 6
split_gain=37.6343 26.1411 27.0183 19.5406 19.2686 17.8447 15.5279 15.3014 15.714 21.3831 15.7478 13.9497 13.3002 21.9729
threshold=2.1850000000000005 0.50500000000000012 0.0094011715485600948 -0.19914047238559821 0.0060067514274378475 -0.075215793519757476 0.012497209505059342 0.79384498959559535 0.011781728481731018 0.0044982566081790817 0.013128854251852369 0.013572893713049369 -0.0087035217485126864 1.1561044060210761
decision_type=2 2 8 2 10 8 10 2 10 2 2 10 10 10
left_child=1 12 3 -3 -4 6 -6 -7 9 -9 -11 -2 -1 -14
right_child=11 2 4 -5 5 7 -8 8 -10 10 -12 -13 13 -15
leaf_value=0.036240386123940732 -0.019539754654454403 0.022876142380659319 0.037865759867388465 -0.014677545216613706 0.037370028298472351 -0.020221052034402751 0.00056455103674211309 0.027455305097543521 -0.011872127836466255 -0.015546572197156725 0.010858262285759455 0.012031471001563536 -0.017446215188246496 0.023642451574406347
leaf_weight=26.852824836969376 97.892600707709789 13.081219404935835 15.244062125682829 114.44793159514666 23.22498282790184 27.35178816318512 18.022634357213974 38.015403844416142 42.530570462346077 32.381762780249119 50.986821457743645 13.75208208709955 16.651067979633808 34.355963684618473
leaf_count=123 852 85 80 898 113 197 96 205 246 211 269 96 95 178
internal_value=-5.68222e-05 0.00379326 0.00049256 -0.0106775 0.00626196 0.00403667 0.0216823 0.000138302 0.0036376 0.00912451 0.000539473 -0.0155786 0.0194948 0.0101517
internal_weight=564.792 453.147 375.287 127.529 247.758 232.514 41.2476 191.266 163.915 121.384 83.3686 111.645 77.8599 51.007
internal_count=3744 2796 2400 983 1417 1337 209 1128 931 685 480 948 396 273
is_linear=0
shrinkage=0.03


Tree=34
num_leaves=15
num_cat=0
split_feature=18 22 4 25 9 4 28 20 27 14 10 3 22 7
split_gain=35.7698 24.4479 25.5415 19.7312 20.4428 23.5417 18.9473 18.489 14.4947 13.7458 13.3686 13.3605 12.7576 11.5723
threshold=2.1850000000000005 0.50500000000000012 0.0094011715485600948 0.02804834862533007 0.0043340205289596834 0.010513216716928495 0.0093556588730297954 -0.19914047238559821 -0.073298966341711833 2.9350000000000005 19.965000000000003 0.013572893713049369 2.4650000000000003 -0.011675401052345878
decision_type=2 2 8 2 2 10 10 2 10 2 2 10 2 2
left_child=1 9 7 8 6 -6 -5 -3 -4 10 -1 -2 13 -7
right_child=11 2 3 4 5 12 -8 -9 -10 -11 -12 -13 -14 -15
leaf_value=-0.0034143660982262659 -0.019221090029729476 0.021982624389755182 0.012814874017005916 0.041584778931912571 0.029347359422098693 0.02578318404794798 0.008024128154725663 -0.014382213928067289 -0.022200149672367851 0.041143349343850159 0.024592389665063569 0.011621197144181715 -0.020109019377692001 -0.0017667550292421047
leaf_weight=28.363448277115822 96.566904321312904 13.242664277553557 14.812852539122103 29.187930941581726 25.396423019468784 15.886030100286005 31.570699617266655 113.33175165951252 32.480070732533932 18.063855141401291 31.860621996223927 13.844329237937925 26.038574442267418 72.669397749006748
leaf_count=169 852 85 87 143 114 86 165 898 227 82 145 96 199 396
internal_value=-5.24856e-05 0.00368627 0.000481876 0.00607228 0.0101754 0.00380285 0.0245587 -0.0104351 -0.0111947 0.0188202 0.0115619 -0.0152842 -0.00206325 0.00340817
internal_weight=563.316 452.904 374.616 248.042 200.749 139.99 60.7586 126.574 47.2929 78.2879 60.2241 110.411 114.594 88.5554
internal_count=3744 2796 2400 1417 1103 795 308 983 314 396 314 948 681 482
is_linear=0
shrinkage=0.03


Tree=35
num_leaves=15
num_cat=0
split_feature=22 22 4 28 18 26 6 1 18 4 4 28 21 14
split_gain=33.8215 23.158 31.1046 20.7146 20.0679 17.3429 15.3191 16.9605 15.2738 16.7173 14.3571 16.819 16.0939 13.9629
threshold=0.085000000000000006 0.48500000000000004 0.0091452391152943239 0.023695371267402208 2.1850000000000005 0.00025926194506542549 1.6266206425835452 0.021268896454694767 0.115 0.013500193658418784 0.012894478507177119 0.019284500335956672 0.016005742349177701 2.5050000000000003
decision_type=2 2 8 8 2 10 8 10 2 10 10 8 2 2
left_child=-1 3 13 4 5 -2 7 8 9 -4 -10 -12 -13 -3
right_child=1 2 6 -5 -6 -7 -8 -9 10 -11 11 12 -14 -15
leaf_value=-0.021479220977368724 -0.0014164050028275153 -0.0049236622365939984 0.022624093582296258 0.03943039706482121 -0.019342445472355564 0.030767350137805623 0.018891874104025527 -0.023634418151966166 -0.011952373931528053 -0.0095219494720417235 -0.016198893013657525 0.03935941034596168 -0.00029186633218714509 -0.024889972565684402
leaf_weight=61.780015893280506 28.318845003843307 75.187668725848198 55.097855269908905 22.460502475500107 18.618354953825474 31.004279881715775 52.127676978707314 21.718438729643822 67.335587292909622 19.023871839046478 15.810530401766298 17.963890723884106 17.888427928090096 54.084552563726902
leaf_count=608 143 562 292 122 131 148 240 127 443 107 118 105 106 485
internal_value=-0.000730828 0.00188816 -0.00138235 0.0146817 0.00714064 0.0156351 0.00446717 0.000895901 0.00376214 0.0143567 -0.00290162 0.00889778 0.0201044 -0.013404
internal_weight=558.42 496.64 396.239 100.402 77.9415 59.3231 266.966 214.839 193.12 74.1217 118.998 51.6628 35.8523 129.272
internal_count=3737 3129 2585 544 422 291 1538 1298 1171 399 772 329 211 1047
is_linear=0
shrinkage=0.03


Tree=36
num_leaves=15
num_cat=0
split_feature=23 22 4 28 18 26 2 3 13 28 14 22 14 22
split_gain=32.619 20.1499 28.2905 18.6403 16.8561 15.3727 14.5316 18.7682 18.0163 14.8397 14.4533 29.5493 11.7556 11.9966
threshold=0.89587973461402759 0.56500000000000006 0.0091452391152943239 0.024508828739333723 2.1850000000000005 0.00025926194506542549 -0.033879405218532492 0.01334060454167124 1.2262222675641004 0.0097514405836635152 2.5050000000000003 1.675 1.5850000000000002 1.0450000000000002
decision_type=8 2 8 8 2 10 8 10 2 10 2 2 2 2
left_child=1 3 10 4 5 -1 8 12 -4 -9 11 -3 -8 -14
right_child=-2 2 6 -5 -6 -7 7 9 -10 -11 -12 -13 13 -15
leaf_value=-0.0017781939353606602 -0.021989215581277016 -0.017497314436330104 -0.026544525846344584 0.034024770659017323 -0.019115597507866511 0.024593516293903571 -0.0047804702290774647 0.0056862622276784222 0.007634670122054747 -0.023833156992465732 -0.025953224418098067 0.023116796281845341 0.042693988006492767 0.013929302986821452
leaf_weight=37.770767420530319 57.104437850415707 50.934177555143833 27.038196004927158 26.535084083676338 18.504052601754665 40.737366788089275 24.438441924750805 38.870027326047421 26.798835821449757 23.997770622372627 48.951048910617828 22.411955043673515 14.542734809219835 98.160120896995068
leaf_count=200 576 406 195 152 132 204 136 225 150 142 455 143 82 539
internal_value=-0.000713302 0.00175716 -0.00170167 0.0122168 0.00596553 0.0120431 0.00401071 0.00773169 -0.00970194 -0.00577857 -0.013495 -0.00494308 0.013922 0.0179838
internal_weight=556.795 499.691 376.143 123.547 97.0122 78.5081 253.846 200.009 53.837 62.8678 122.297 73.3461 137.141 112.703
internal_count=3737 3161 2473 688 536 404 1469 1124 345 367 1004 549 757 621
is_linear=0
shrinkage=0.03


Tree=37
num_leaves=15
num_cat=0
split_feature=23 22 28 18 27 3 27 6 3 2 14 18 12 21
split_gain=31.2162 19.0823 15.9412 17.5513 17.6676 14.7675 28.9259 15.0891 15.0483 10.6503 19.7373 10.6142 9.95326 10.6573
threshold=0.89587973461402759 0.48500000000000004 0.024508828739333723 2.1850000000000005 -0.0062355594380707471 0.0091507813501553546 0.0037174207198327207 1.8183015091708878 0.012497209505059342 -0.0014917140134011462 2.2750000000000004 0.37500000000000006 0.22237461166282849 0.013128854251852369
decision_type=8 2 8 2 8 8 8 8 10 10 2 2 2 2
left_child=1 2 3 4 -1 6 9 8 11 -3 -11 12 13 -7
right_child=-2 5 -4 -5 -6 7 -8 -9 -10 10 -12 -13 -14 -15
leaf_value=-0.0059554384695875108 -0.021696747489662091 0.022378160570800387 0.033707963194005736 -0.018796826999516528 0.026490785436290014 -0.0023126541622286762 -0.020280142027667557 0.018859454091652527 -0.0093747816562607268 0.015419421117221145 -0.023802072850818749 -0.015848394798240982 0.032649782532541666 0.019944580787235912
leaf_weight=24.185259245336056 56.165744304656982 22.43918476998806 24.505315035581589 18.273795761168003 37.890587776899338 48.925641283392906 84.095452591776848 44.359227761626244 89.556389220058918 24.283392995595932 20.268723018467426 14.708187788724898 14.783667489886282 30.848388023674488
leaf_count=126 576 169 136 132 182 284 689 203 554 151 172 111 75 177
internal_value=-0.00069674 0.00170502 0.013015 0.00636717 0.0139555 -0.00132815 -0.00866352 0.00324607 -0.000314382 0.00600285 -0.00255497 0.00712937 0.0108319 0.00643452
internal_weight=555.289 499.123 104.855 80.3496 62.0758 394.268 151.087 243.182 198.822 66.9913 44.5521 109.266 94.5577 79.774
internal_count=3737 3161 576 440 308 2585 1181 1404 1201 492 323 647 536 461
is_linear=0
shrinkage=0.03


Tree=38
num_leaves=15
num_cat=0
split_feature=22 22 4 28 18 26 28 14 9 2 6 1 3 2
split_gain=29.9793 19.5989 27.4121 16.4759 17.0626 14.8806 13.3536 14.2858 24.465 15.4559 13.344 16.1998 17.1668 20.2642
threshold=0.085000000000000006 0.48500000000000004 0.0091452391152943239 0.023695371267402208 2.1850000000000005 0.00025926194506542549 0.023251222813474696 2.5050000000000003 0.0043340205289596834 -0.0089250266978046482 1.6266206425835452 0.021268896454694767 0.012497209505059342 -0.05089168496848228
decision_type=2 2 8 8 2 10 8 2 2 10 8 10 10 10
left_child=-1 3 6 4 5 -2 7 8 9 -3 11 12 13 -4
right_child=1 2 10 -5 -6 -7 -8 -9 -10 -11 -12 -13 -14 -15
leaf_value=-0.0206884675697959 -0.0015826570878247073 0.020178928560702688 -0.018422765894901688 0.034985969357230126 -0.018384070065010794 0.02806315420600624 -0.029618204361062536 -0.022073181644726474 0.034143201222994322 -0.018999655208333632 0.017551766403160217 -0.02331153725424906 -0.0078002423520877467 0.015659484344851517
leaf_weight=59.089906379580498 28.367120742797852 11.27098675817251 17.643226779997349 23.405035004019737 17.933596886694431 31.672901839017868 30.841365940868855 34.811707034707069 14.73083536326885 34.44541647285223 52.530850380659103 21.474771209061146 73.124451510608196 102.40421790629625
leaf_count=608 143 83 118 122 131 148 286 315 78 285 240 127 457 596
internal_value=-0.000677847 0.00174947 -0.00129109 0.0134421 0.00661423 0.0142599 -0.0127639 -0.0070561 0.00181075 -0.00911533 0.00415116 0.000805423 0.00359274 0.0105396
internal_weight=553.746 494.656 393.278 101.379 77.9736 60.04 126.1 95.2589 60.4472 45.7164 267.178 214.647 193.172 120.047
internal_count=3737 3129 2585 544 422 291 1047 761 446 368 1538 1298 1171 714
is_linear=0
shrinkage=0.03


Tree=39
num_leaves=15
num_cat=0
split_feature=23 22 4 3 19 3 11 16 12 14 4 10 6 18
split_gain=28.7132 17.1911 24.9939 13.0403 15.1082 14.2504 14.2509 12.9367 12.1275 12.0227 15.5759 13.7002 13.3914 8.78202
threshold=0.89587973461402759 0.56500000000000006 0.0093623695988434511 0.012497209505059342 -0.12934726778926417 0.012021511723365593 -0.10130695550739709 0.10683655962761769 0.16338405896927857 2.9350000000000005 0.0069227378258275444 22.505000000000006 -0.43800666666000276 0.14500000000000005
decision_type=8 2 8 10 2 8 2 2 2 2 10 2 10 2
left_child=1 9 7 5 -5 6 -4 13 -8 10 -1 -12 -11 -3
right_child=-2 2 3 4 -6 -7 8 -9 -10 12 11 -13 -14 -15
leaf_value=0.032591578155245944 -0.021149218909881817 -0.0076690981053878929 0.025405892375561241 0.022149758944790394 -0.0092761710559831623 0.032616222368472801 -0.0044723372540665524 0.013215548902921833 0.021672422890853686 0.0046365907467218193 -0.013420516397100539 0.012689605178510966 0.039561699383270754 -0.024584027907855101
leaf_weight=13.879966273903845 54.412458844482899 58.98249938338995 25.424626477062702 15.407594949007033 85.312375858426094 19.971502877771854 81.021526277065277 14.932666547596453 18.828711949288845 17.70158064365387 37.490829922258854 33.125045761466026 22.248285055160522 53.279182806611061
leaf_count=68 576 469 146 81 513 96 491 92 97 109 254 155 102 488
internal_value=-0.000663388 0.00161463 -0.00161112 0.00397235 -0.00429831 0.00969775 0.00581469 -0.0123551 0.000623779 0.011223 0.00469529 -0.00116641 0.0245777 -0.0158431
internal_weight=552.019 497.606 373.161 245.966 100.72 145.246 125.275 127.194 99.8502 124.446 84.4958 70.6159 39.9499 112.262
internal_count=3737 3161 2473 1424 594 830 734 1049 588 688 477 409 211 957
is_linear=0
shrinkage=0.03


Tree=40
num_leaves=15
num_cat=0
split_feature=24 22 4 25 27 25 4 1 13 27 25 4 13 15
split_gain=33.7391 31.0519 20.5933 13.2449 12.9809 15.5233 26.6613 11.4236 10.7025 14.1086 17.2204 21.2963 14.2043 14.0568
threshold=-1.0986122886681091 0.50500000000000012 0.0091452391152943239 0.028302873203597968 -0.065751055384407384 0.023642067769572287 0.0095603104868946017 0.00094713625538472856 0.80013732367095436 0.005618342017601031 0.036168465473901956 0.013060429667727054 1.6850752680032388 -0.0097816276354025771
decision_type=10 2 8 2 10 2 10 10 2 8 2 8 2 2
left_child=-1 4 -3 -4 -2 6 -6 -7 -5 12 -11 -12 -10 -13
right_child=1 2 3 8 5 7 -8 -9 9 10 11 13 -14 -15
leaf_value=-0.021335833273890919 0.030951114978519094 -0.011932822955551869 -0.010093020000760008 -0.012893526304871556 0.021561528460783286 0.0050442377781199192 -0.030945385346204096 0.03520718205104599 0.034104650423217302 0.020681980513986436 -0.018961027145506983 -0.0085796142063577843 0.0041700581913454698 0.022972853948284667
leaf_weight=59.083013840019703 35.609244979918003 119.12383796274662 53.728349059820175 21.998844042420387 15.461852021515368 22.77274626493454 17.532703660428524 22.223532430827618 31.904783084988594 35.590537495911121 42.620321162045002 21.470217116177082 25.740477040410042 28.731395207345486
leaf_count=620 178 1010 357 148 87 111 129 101 155 194 259 120 124 158
internal_value=-0.000105548 0.00246895 -0.00164621 0.00306225 0.0161613 0.00910221 -0.00642923 0.0203832 0.00649148 0.00884018 0.00324473 -0.00359039 0.0210369 0.00957449
internal_weight=553.592 494.509 380.909 261.785 113.6 77.9908 32.9946 44.9963 208.057 186.058 128.412 92.8219 57.6453 50.2016
internal_count=3751 3131 2525 1515 606 428 216 212 1158 1010 731 537 279 278
is_linear=0
shrinkage=0.03


Tree=41
num_leaves=15
num_cat=0
split_feature=24 18 6 4 13 2 14 2 26 3 7 24 9 4
split_gain=32.2576 17.1865 15.5528 14.2007 14.606 16.3533 14.798 15.2323 14.0367 14.6871 11.961 10.2233 14.9114 15.4054
threshold=-1.0986122886681091 4.8250000000000011 0.76541195692943942 0.0063000342915842623 0.63091391123756824 0.013280754439342514 3.2050000000000005 -0.018083727145939362 1.0000000180025095e-35 0.006116307284371761 0.010196329901567049 -0.10066606403838534 0.0040397429800784505 0.012894478507177119
decision_type=10 2 8 10 2 10 2 10 8 10 2 10 2 10
left_child=-1 2 3 -2 -5 6 11 -8 9 -4 -10 -6 -13 -14
right_child=1 -3 8 4 5 -7 7 -9 10 -11 -12 12 13 -15
leaf_value=-0.021043368709721663 -0.030175164729806327 0.03440719006688419 0.025857209151853744 -0.024938782063659189 0.022116876393380423 -0.017746939716633849 -0.027572837261993988 0.0072530403059597624 0.019525341944438713 -0.0065673714138950977 -0.004183699978583145 0.014274306092610068 -0.023263186871333649 0.0064751913452277448
leaf_weight=58.135371744632721 15.532327696681021 13.653595969080923 14.059288702905176 20.918982096016407 35.596401609480381 35.902873568236828 23.111907534301281 20.648881182074547 90.640324234962463 75.19605553150177 23.813729137182236 62.563732109963894 26.421145640313625 35.85008991509676
leaf_count=620 151 74 88 188 195 238 199 163 495 440 116 381 199 204
internal_value=-0.000102216 0.00240019 0.00142063 -0.00320952 -0.00149582 0.000641688 0.00394567 -0.0113451 0.00769129 -0.00123003 0.0145988 0.00816096 0.00403732 -0.0063108
internal_weight=552.045 493.909 480.256 276.546 261.014 240.095 204.192 43.7608 203.709 89.2553 114.454 160.431 124.835 62.2712
internal_count=3751 3131 3057 1918 1767 1579 1341 362 1139 528 611 979 784 403
is_linear=0
shrinkage=0.03


Tree=42
num_leaves=15
num_cat=0
split_feature=24 22 4 28 9 14 28 17 17 4 18 26 6 4
split_gain=30.8218 27.8948 19.3805 14.2555 17.2723 22.5734 13.788 14.273 19.2644 24.1541 18.8588 12.1032 11.3715 11.3307
threshold=-1.0986122886681091 0.50500000000000012 0.0091452391152943239 0.023178830899210263 0.0035504739593042824 2.3450000000000002 0.032134253091670194 0.066433583770797722 0.047460508260613814 0.0095603104868946017 1.9150000000000003 -0.001413916191692177 -1.4898573671302937 0.014737349725282888
decision_type=10 2 8 8 2 2 8 2 2 10 2 10 8 10
left_child=-1 6 3 4 -3 11 7 8 9 -2 -11 -6 -4 -14
right_child=1 2 12 -5 5 -7 -8 -9 -10 10 -12 -13 13 -15
leaf_value=-0.020752143593431187 0.033227620752073556 -0.019369751484997703 -0.013489816962244531 -0.029193742681306874 0.0013872498021961735 -0.018915013063706271 0.036916471465830887 0.034694216384967884 -0.02020861550123014 0.021664113738126226 -0.0248961784006346 0.039918309043316905 0.0083635160720376724 -0.0090887305050160391
leaf_weight=57.210800617933273 27.342819638550282 41.151684746146202 32.148779980838299 29.904892176389694 13.15150708705187 17.828728877007961 20.640202023088932 16.408249974250793 19.947960861027241 12.66149225831032 17.406791679561138 15.810404300689695 189.53385759145021 39.753997109830379
leaf_count=620 143 378 219 293 88 155 102 67 104 63 127 96 1063 233
internal_value=-0.00010368 0.00232625 -0.00159935 -0.0116466 -0.00541855 0.00699988 0.0152415 0.0101312 0.00454498 0.0133445 -0.0052238 0.0230518 0.00295675 0.00531131
internal_weight=550.902 493.691 379.284 117.847 87.9423 46.7906 114.408 93.7673 77.3591 57.4111 30.0683 28.9619 261.437 229.288
internal_count=3751 3131 2525 1010 717 339 606 504 437 333 190 184 1515 1296
is_linear=0
shrinkage=0.03


Tree=43
num_leaves=15
num_cat=0
split_feature=22 22 10 18 21 25 25 27 14 1 11 25 26 2
split_gain=28.7198 24.3953 14.157 19.1131 21.7897 30.993 16.3825 18.1269 12.0874 10.891 10.999 10.4957 10.2516 14.2649
threshold=0.065000000000000016 0.50500000000000012 31.165000000000003 0.15500000000000003 0.017486830679517121 0.034488743835161408 0.031501879643167738 0.11526345867630285 1.9350000000000003 0.013739256611457419 0.045644365982486564 0.046099149416346706 1.0000000180025095e-35 0.039276281733690584
decision_type=2 2 2 2 2 2 2 8 2 10 2 2 8 10
left_child=-1 12 3 4 9 -6 7 8 -5 10 11 -3 -2 -14
right_child=1 2 -4 6 5 -7 -8 -9 -10 -11 -12 -13 13 -15
leaf_value=-0.020831290868291226 0.0020356891634527815 -0.0085534519788009744 0.012778238292583271 0.0062301260575725881 -0.0093585455689365483 0.046237329770478668 -0.02428339490212188 0.027038040159299313 -0.023653963310024544 -0.016180689962298767 0.01472090209984794 0.019470389327866679 0.0131052857010901 0.04403707873532605
leaf_weight=53.238595530390739 41.921547532081604 76.645666733384132 52.322528705000877 20.625545747578144 15.204876929521559 20.217509314417839 59.973276719450951 13.625521890819071 27.600157342851162 40.417019061744213 38.448513887822628 13.264807291328905 58.828695923089981 17.027677193284035
leaf_count=604 225 532 250 140 91 97 500 102 235 256 244 78 321 76
internal_value=-0.0001028 0.00215899 -0.00156072 -0.00389397 0.00172297 0.0227713 -0.0132463 -0.00232822 -0.011006 -0.00280272 0.00150218 -0.0042503 0.0140206 0.0205313
internal_weight=549.362 496.123 378.345 326.023 204.198 35.4224 121.825 61.8512 48.2257 168.776 128.359 89.9105 117.778 75.8564
internal_count=3751 3147 2525 2275 1298 188 977 477 375 1110 854 610 622 397
is_linear=0
shrinkage=0.03


Tree=44
num_leaves=15
num_cat=0
split_feature=24 22 10 18 25 27 25 14 14 27 27 28 17 17
split_gain=28.2968 24.7158 13.3127 18.2045 15.8353 16.9959 15.5852 20.2267 21.4529 24.6446 19.791 12.5016 13.5655 17.9665
threshold=-1.0986122886681091 0.50500000000000012 31.165000000000003 0.15500000000000003 0.031501879643167738 0.11526345867630285 0.029715758628846328 1.7050000000000003 2.0350000000000006 -0.079387121540013691 0.059546651478715081 0.032134253091670194 0.066433583770797722 0.047460508260613814
decision_type=10 2 2 2 2 8 2 2 2 8 8 8 2 2
left_child=-1 11 3 6 5 -5 -3 -8 -9 -10 -11 12 13 -2
right_child=1 2 -4 4 -6 -7 7 8 9 10 -12 -13 -14 -15
leaf_value=-0.020212440059038734 0.012438774946744313 -0.01278077179622901 0.012351575657790288 -0.010773556058209864 -0.02394926252488826 0.025886766535309035 -0.011761450418686528 0.031965099962980019 0.037131896981652583 -0.01883310401258502 0.01425590442586464 0.034772075485486498 0.033372815828220243 -0.019984485240638648
leaf_weight=55.479911550879478 57.934936605393887 49.662441357970238 52.537223324179649 47.843287512660027 59.014260768890381 13.845580011606215 40.05174033343792 35.094016335904598 15.147772327065466 35.887758746743202 28.156815439462662 20.957038216292858 16.428743079304695 19.841155484318733
leaf_count=620 333 357 250 375 500 102 236 189 83 252 181 102 67 104
internal_value=-9.8129e-05 0.00220456 -0.0015175 -0.00379256 -0.0129759 -0.00226375 0.00167784 0.00638262 0.0127881 0.00399718 -0.0042902 0.0143052 0.00943466 0.00401871
internal_weight=547.883 492.403 377.241 324.704 120.703 61.6889 204.001 154.338 114.286 79.1923 64.0446 115.162 94.2048 77.7761
internal_count=3751 3131 2525 2275 977 477 1298 941 705 516 433 606 504 437
is_linear=0
shrinkage=0.03


Tree=45
num_leaves=15
num_cat=0
split_feature=4 14 9 18 8 4 18 12 3 22 6 13 3 9
split_gain=21.1472 26.9087 32.0135 23.2755 22.7679 20.1814 19.7438 16.6595 15.2589 19.0334 17.3818 13.83 12.8283 13.122
threshold=0.0091138816264774627 2.3150000000000004 0.0042451110690865483 0.40500000000000008 0.0056299215639561426 0.0098181257743399971 1.9150000000000003 -0.26149625808507809 0.012318306020699556 1.0750000000000004 -0.78758708395220711 1.9462309463890941 0.0096804862403308493 0.0044982566081790817
decision_type=8 2 2 2 2 10 2 2 10 2 10 2 10 2
left_child=1 2 3 -1 -5 -2 8 -3 9 10 -7 -8 13 -11
right_child=5 7 -4 4 -6 6 11 -9 -10 12 -12 -13 -14 -15
leaf_value=-0.021301187463949867 0.019912138771804866 0.019485078269059954 0.040703954433505905 -0.0078044014534319923 0.041635074594382752 0.00054915751107483457 -0.025881536975632047 -0.022802105395418104 -0.0037185008383196659 0.0075020328646500942 0.042852768620868668 0.013458977140375389 0.013650176102547627 -0.024713034626007824
leaf_weight=36.618566311895847 58.804390169680119 8.4725017920136434 16.046984247863293 19.439530521631241 13.40712398290634 13.214794956147669 35.208407320082188 90.650409251451492 119.35671999305487 22.859709046781063 24.975287757813931 9.6538882330059987 52.434441961348057 20.983934499323368
leaf_count=292 308 70 82 126 72 82 329 923 691 133 128 61 273 149
internal_value=-0.000251882 -0.0084702 0.00384781 -0.00512305 0.0130094 0.00400445 0.000816618 -0.0190291 0.00407522 0.0109695 0.0286021 -0.017307 0.00375312 -0.00812364
internal_weight=542.127 184.635 85.5122 69.4652 32.8467 357.492 298.687 99.1229 253.825 134.468 38.1901 44.8623 96.2781 43.8436
internal_count=3719 1565 572 490 198 2154 1846 993 1456 765 210 390 555 282
is_linear=0
shrinkage=0.03


Tree=46
num_leaves=15
num_cat=0
split_feature=10 10 22 18 14 22 3 8 22 3 6 13 3 3
split_gain=19.8806 16.3214 15.7969 21.1428 24.0395 16.9422 14.8608 17.5294 17.7399 14.9558 14.3957 17.6805 17.6406 13.259
threshold=31.810000000000006 11.575000000000001 1.925 2.1500000000000008 1.7050000000000003 0.74500000000000011 0.012792473991798626 0.016184006726518877 1.3650000000000004 0.01011351416644188 0.33296573281633685 1.5264250439387417 0.0054979795310057646 0.016132170661015261
decision_type=2 2 2 2 2 2 10 2 2 10 8 2 10 10
left_child=1 -1 3 4 5 -3 7 9 -9 -6 12 -12 -5 -2
right_child=13 2 -4 10 6 -7 -8 8 -10 -11 11 -13 -14 -15
leaf_value=-0.023428803326223255 0.027703420351439904 0.012178657813556404 -0.012224154306087249 0.016448320603370536 0.0021818303687361558 -0.016094041251011684 -0.0045935412457090942 0.051426904262623967 0.012684603704802211 0.026949986359530501 -0.010613135949481108 0.032501106184342418 -0.026400228086076057 -0.00060170234522972162
leaf_weight=29.771737277507782 34.603273883461952 27.426157861948013 87.32819776237011 9.7313870415091497 72.936965584754944 57.543273292481899 37.041624926030636 21.202920645475388 22.09700246155262 30.506923787295818 23.153507128357887 12.289172835648058 49.300231784582138 25.535173051059246
leaf_count=283 157 147 699 88 485 369 213 107 118 159 187 79 504 124
internal_value=-0.00024321 -0.00228961 -0.000843994 0.00191809 0.00620742 -0.00693276 0.0122872 0.0165505 0.0323884 0.00967437 -0.0102211 0.00481766 -0.0191803 0.0158716
internal_weight=540.468 480.329 450.557 363.229 268.755 84.9694 183.785 146.744 43.2999 103.444 94.4743 35.4427 59.0316 60.1384
internal_count=3719 3438 3155 2456 1598 516 1082 869 225 644 858 266 592 281
is_linear=0
shrinkage=0.03


Tree=47
num_leaves=15
num_cat=0
split_feature=24 10 6 10 27 25 14 6 16 21 16 14 27 19
split_gain=19.5052 15.4149 12.2113 12.8067 13.9108 17.6786 16.4608 10.2267 12.4405 14.5394 14.241 16.9785 9.09524 8.35775
threshold=-1.0986122886681091 31.810000000000006 -1.8749475534340736 11.575000000000001 -0.075215793519757476 0.022085355692236398 1.9350000000000003 -1.8175808752663121 -0.15385420783517448 0.0039403446282427921 0.005383680854146756 1.6950000000000001 -0.09405306082865604 -0.15379161338453787
decision_type=10 2 8 2 8 2 2 10 2 2 2 2 8 2
left_child=12 2 -2 -4 5 -5 -7 -6 -9 10 -10 -12 -1 -11
right_child=1 -3 3 4 7 6 -8 8 9 13 11 -13 -14 -15
leaf_value=0.01261156720532166 -0.022798992207038609 0.015880695337591236 -0.020510336395546842 0.040418222648627544 0.025054680899552279 -0.01531815558415499 0.01768422367523563 0.026178098987251382 -0.0078138705949398202 0.014474923536962496 -0.0013938796537429255 0.03889849250549092 -0.022159178394482077 -0.0082208698982898648
leaf_weight=7.2419080510735512 19.726166605949402 59.193264648318291 22.888547137379646 16.278957419097424 12.339470781385897 20.590548254549503 35.97014282643795 12.670926608145235 24.671304039657116 14.791041955351828 16.690390080213547 20.387822307646275 46.051682718098164 209.44832445681095
leaf_count=69 153 272 198 89 61 127 205 67 161 100 93 100 545 1479
internal_value=-0.000234322 0.0016689 -0.000336289 0.000806391 0.00212751 0.0138333 0.00561253 -0.000649667 -0.00179174 -0.00311786 0.00966866 0.021201 -0.017289 -0.00666622
internal_weight=538.94 485.647 426.454 406.727 383.839 72.8396 56.5607 310.999 298.66 285.989 61.7495 37.0782 53.2936 224.239
internal_count=3719 3105 2833 2680 2482 421 332 2061 2000 1933 354 193 614 1579
is_linear=0
shrinkage=0.03


Tree=48
num_leaves=15
num_cat=0
split_feature=4 14 12 4 18 27 4 12 4 3 27 3 27 22
split_gain=19.4873 24.985 22.9633 18.3562 17.7833 16.9921 15.867 15.7022 15.1261 14.4126 22.2786 13.4873 13.2705 12.6765
threshold=0.0091138816264774627 2.3150000000000004 0.27353666384615721 0.0098181257743399971 1.9150000000000003 -0.0030153761992810497 0.0084588880308052658 -0.26149625808507809 0.0096756770723570463 0.012318306020699556 -0.090108040376749785 0.016313199312659701 0.027096376899356848 0.74500000000000011
decision_type=8 2 2 10 2 10 10 2 8 10 8 10 10 2
left_child=1 2 6 5 9 8 12 -3 -2 10 -5 -6 -1 -12
right_child=3 7 -4 4 11 -7 -8 -9 -10 -11 13 -13 -14 -15
leaf_value=0.0165673684713421 -0.015317204224759398 0.018687192100114016 0.035664299879075968 0.037080453251080732 -0.025619850651554137 0.04066212711665438 -0.02662729973183272 -0.022350387039264639 0.021953478024867065 -0.0037391458174727619 0.029659423714406403 0.013028467392140888 -0.014427932240032986 0.00082860515901880718
leaf_weight=31.977342747151852 15.550603121519087 8.5136950165033323 15.33833461999893 22.553701892495155 33.584103219211102 20.152567349374294 18.788294985890388 87.92908351123333 23.235941268503666 119.03133448958397 15.000170543789862 9.9369043558835966 19.018947042524815 96.992007970809937
leaf_count=206 94 70 81 111 316 106 140 923 108 691 69 74 145 585
internal_value=-0.000224802 -0.00819712 0.00363785 0.00385235 0.000794273 0.018997 -0.00380582 -0.0185731 0.00700122 0.00385078 0.0105435 -0.0167011 0.00495258 0.0049185
internal_weight=537.603 181.566 85.1229 356.037 297.098 58.9391 69.7846 96.4428 38.7865 253.577 134.546 43.521 50.9963 111.992
internal_count=3719 1565 572 2154 1846 308 491 993 202 1456 765 390 351 654
is_linear=0
shrinkage=0.03


Tree=49
num_leaves=15
num_cat=0
split_feature=4 14 9 18 3 8 12 4 27 3 18 4 22 15
split_gain=18.4692 23.9242 28.1643 21.2376 20.3483 19.0874 15.069 14.5745 19.039 14.9345 12.2987 18.4025 17.5338 15.0542
threshold=0.0091138816264774627 2.3150000000000004 0.0042451110690865483 0.40500000000000008 0.0050257945043512093 0.0052942260637824931 -0.26149625808507809 0.0098181257743399971 -0.0030153761992810497 0.007297874772919175 0.16500000000000004 0.011096967086842489 2.2950000000000004 0.019627734386086452
decision_type=8 2 2 2 10 2 2 10 10 10 2 10 2 2
left_child=1 2 3 -1 -2 -5 -3 8 -6 -9 -11 -12 13 -13
right_child=4 6 -4 5 7 -7 -8 9 -10 10 11 12 -14 -15
leaf_value=-0.020799451338876139 0.039161760593596599 0.018005693450277055 0.037676951743137503 -0.0073892128963038402 0.0020007875769646618 0.037585939301439587 -0.022055651963497219 -0.022006537952647464 0.038943391855156384 0.0077482393353826597 -0.025780336371000436 -0.0013085997242989569 -0.026065156892739458 0.027121454633762702
leaf_weight=35.689280070364475 13.030015654861925 8.6072460785508138 16.370340384542942 19.088272958993912 31.447111234068871 13.926088601350783 86.466612309217453 25.064457558095455 20.028571717441082 142.93819821625948 28.606899186968803 55.476679012179375 16.316521175205708 22.968266524374485
leaf_count=292 72 70 82 124 167 74 923 194 104 761 224 366 122 144
internal_value=-0.000215541 -0.00801682 0.00353091 -0.00502904 0.00374493 0.0121294 -0.0182791 0.00228892 0.0168429 -0.000331105 0.00178366 -0.00513382 0.00130314 0.00725218
internal_weight=536.025 180.148 85.074 68.7036 355.877 33.0144 95.0739 342.847 51.4757 291.371 266.307 123.368 94.7615 78.4449
internal_count=3719 1565 572 490 2154 198 993 2082 271 1811 1617 856 632 510
is_linear=0
shrinkage=0.03


Tree=50
num_leaves=15
num_cat=0
split_feature=24 6 5 17 8 20 5 3 4 18 16 18 3 26
split_gain=25.803 16.3494 13.6421 19.5312 16.7558 14.9094 14.1986 10.7052 12.3669 14.8531 9.41704 10.529 9.07287 11.6945
threshold=1.1686353254909678 1.3814285260311367 0.00054361757058673567 0.032195946132525001 -0.0076056105862822845 0.22314355131420985 -0.026278983986396942 0.0082231668583178097 0.012394102389488985 0.13500000000000004 -0.035889789585723191 0.40500000000000008 0.006116307284371761 -0.00058911431789399049
decision_type=8 8 10 2 2 2 10 10 10 2 2 2 10 8
left_child=1 2 3 4 -1 6 -5 10 9 -9 -8 -12 -3 -14
right_child=-2 12 -4 5 -6 -7 7 8 -10 -11 11 -13 13 -15
leaf_value=0.0014198552129448421 -0.018960655468942315 0.03038988545324816 -0.0081953821217454169 -0.019401551477513129 0.045137824569885528 0.02251725438125781 -0.030381283252645514 0.03081749588564435 -0.0059717630872554456 -0.001389101057238482 -0.015546998092571084 0.016754248330781339 -0.002811985259334271 0.016393577126436441
leaf_weight=14.309956230223181 52.764368407428265 19.20989016443491 129.2442409619689 35.250069759786129 16.772953145205975 22.983877405524254 12.886836156249045 29.417906284332275 33.544784240424633 22.217894904315472 19.291989624500275 15.444351606070994 48.338280253112316 67.759244546294212
leaf_count=103 607 105 884 227 99 145 117 156 219 165 179 116 281 329
internal_value=0.000765204 0.00293835 -0.000481591 0.00402341 0.0256825 0.000383962 -0.00275839 0.00177119 0.00810923 0.0171965 -0.0094989 -0.00111838 0.0117576 0.00844144
internal_weight=539.437 486.672 351.365 222.121 31.0829 191.038 168.054 132.804 85.1806 51.6358 47.6232 34.7363 135.307 116.098
internal_count=3732 3125 2410 1526 202 1324 1179 952 540 321 412 295 715 610
is_linear=0
shrinkage=0.03


Tree=51
num_leaves=15
num_cat=0
split_feature=24 22 4 2 24 4 17 14 14 18 4 14 4 13
split_gain=24.5995 16.6959 16.747 17.4401 19.5149 19.5802 15.0306 14.4165 22.6635 21.1097 17.4094 12.7466 17.21 20.3957
threshold=1.1686353254909678 0.56500000000000006 0.0094464096233335525 -0.033879405218532492 0.083923432049018129 0.014737349725282888 0.055750855551613375 2.5050000000000003 1.7050000000000003 0.12500000000000003 0.0077750184894556582 2.0250000000000004 0.010301460351528555 1.162738925051727
decision_type=8 2 8 8 10 10 2 2 2 2 10 2 10 2
left_child=1 6 7 -4 5 11 -1 8 -3 -10 -11 -5 -13 -14
right_child=-2 2 3 4 -6 -7 -8 -9 9 10 -12 12 13 -15
leaf_value=0.0067866275406852309 -0.018661728488876407 -0.025792573507114426 -0.011232708953507992 0.031387775375123328 -0.0082348123606200609 -0.0095096465770723344 0.0321626658930418 -0.02301017576047857 0.031793971161052405 -0.021775529877167587 0.024900845265450385 0.0363226717353895 0.023741985069971789 -0.012876577491139744
leaf_weight=100.5753880366683 52.028522036969662 22.785687878727913 51.60603241622448 45.142399668693542 47.512385934591293 25.854763492941856 25.849503822624683 44.142003424465656 21.171041361987591 20.74444089084864 9.7876749709248525 17.001120574772358 22.476808957755566 31.860097706317902
leaf_count=571 607 181 348 227 255 156 117 463 116 198 74 81 141 197
internal_value=0.000744623 0.00285401 -0.000447402 0.00408589 0.00828696 0.013821 0.0121868 -0.0096312 -0.00150305 0.00948768 -0.00649733 0.0190365 0.0108948 0.00242624
internal_weight=538.538 486.509 360.084 241.454 189.848 142.335 126.425 118.631 74.4888 51.7032 30.5321 116.48 71.338 54.3369
internal_count=3732 3125 2437 1405 1057 802 688 1032 569 388 272 646 419 338
is_linear=0
shrinkage=0.03


Tree=52
num_leaves=15
num_cat=0
split_feature=24 6 13 6 21 5 17 6 20 27 8 5 6 18
split_gain=23.4519 15.16 16.4235 11.6605 11.35 10.7323 16.8332 14.7058 12.3175 11.3451 13.6754 10.427 9.36433 9.03571
threshold=1.1686353254909678 1.8036128633764987 0.63091391123756824 -1.9028774484467883 0.0072547625010895532 0.00054361757058673567 0.032195946132525001 0.79631800200704062 0.22314355131420985 -0.058214824662702995 0.00022088886678917066 -0.031169326282264362 1.6814850792473759 0.13500000000000004
decision_type=8 8 2 10 2 10 2 10 2 8 2 10 8 2
left_child=1 2 -1 -4 -3 6 -5 -7 11 -9 -11 -8 -2 -13
right_child=12 4 3 5 -6 7 8 9 -10 10 -12 13 -14 -15
leaf_value=-0.019035030060635633 -0.024176950012248642 -0.0028496562029884332 -0.020497213692536601 0.031481574763600174 0.020908189999218355 -0.012751279537793455 -0.019525179063436912 0.022544122874842667 0.027221515923732481 0.015991221296561456 -0.011045097619118724 0.013701039902571294 0.0086648616402400999 -0.0024382323076095167
leaf_weight=35.022765725851059 42.317122861742973 25.151150830090046 18.319285288453102 23.665879942476749 61.585845194756985 67.616209007799625 17.173551462590694 24.607755973935127 18.41926071792841 26.12628985196352 43.400705620646477 55.458809718489647 8.9943005219101888 69.278710186481476
leaf_count=306 548 146 144 134 295 493 103 139 109 139 260 329 59 528
internal_value=0.000724524 0.00277424 0.000291274 0.00219749 0.0140652 0.00345561 0.00839201 -0.00217675 0.00480981 0.00547304 -0.000802921 0.00173077 -0.0183646 0.00478925
internal_weight=537.138 485.826 399.089 364.066 86.737 345.747 183.996 161.751 160.33 94.1348 69.527 141.911 51.3114 124.738
internal_count=3732 3125 2684 2378 441 2234 1203 1031 1069 538 399 960 607 857
is_linear=0
shrinkage=0.03


Tree=53
num_leaves=15
num_cat=0
split_feature=22 22 4 2 4 24 13 28 14 14 18 4 18 14
split_gain=22.7761 18.4358 16.8873 15.3466 18.3294 21.161 15.076 14.7737 13.2036 21.2365 19.4193 16.1108 12.4734 12.077
threshold=0.12500000000000003 0.50500000000000012 0.0094464096233335525 -0.030659470868296675 0.014737349725282888 0.083923432049018129 1.2262222675641004 0.010793971292644896 2.5050000000000003 1.7050000000000003 0.12500000000000003 0.0077750184894556582 1.8600000000000003 2.0250000000000004
decision_type=2 2 8 8 10 10 2 10 2 2 2 10 2 2
left_child=12 -2 8 6 5 13 -4 -7 9 -3 -11 -12 -1 -5
right_child=1 2 3 4 -6 7 -8 -9 -10 10 11 -13 -14 -15
leaf_value=0.018401004790289069 0.013781081157538023 -0.025540432085470931 -0.024619071780056699 0.031255103491324716 -0.012220954238190458 0.009990138131444436 0.0048385359868380407 -0.023883931332317525 -0.022048755245282409 0.029900060232759384 -0.020778358160187839 0.023625996726187332 -0.022631100559943333 0.011149983875306035
leaf_weight=6.9335153996944419 106.31901883333921 22.443960301578045 28.178239516913891 44.778594337403774 31.920555546879768 25.579601719975471 33.109270066022873 19.608756244182587 45.606181338429451 21.586062744259834 21.477855958044533 9.9739358574151975 48.740260869264603 69.75605296343565
leaf_count=38 561 181 215 222 191 131 191 108 483 117 208 74 605 407
internal_value=0.000703674 0.00282042 -0.000323714 0.0040855 0.00825742 0.0124006 -0.00888304 -0.00490782 -0.0094918 -0.00171579 0.00865212 -0.00640281 -0.0172865 0.0192128
internal_weight=536.012 480.338 374.019 252.931 191.644 159.723 61.2875 45.1884 121.088 75.4818 53.0379 31.4518 55.6738 114.535
internal_count=3732 3089 2528 1465 1059 868 406 239 1063 580 399 282 643 629
is_linear=0
shrinkage=0.03


Tree=54
num_leaves=15
num_cat=0
split_feature=22 22 4 25 6 9 14 14 20 4 20 7 10 22
split_gain=21.6976 17.2659 16.0081 13.7024 17.5416 14.549 12.7332 20.3076 14.9362 14.7869 12.9805 12.7226 11.7568 10.8469
threshold=0.12500000000000003 0.50500000000000012 0.0094464096233335525 0.02804834862533007 1.083688997014326 0.0045103375822874601 2.5050000000000003 1.7050000000000003 -0.068918626925229085 0.0080733265582835795 0.11712901332637572 0.0017423172886483764 22.430000000000003 1.3250000000000004
decision_type=2 2 8 2 8 2 2 2 2 10 2 2 2 2
left_child=12 -2 6 -4 5 -5 7 -3 -9 -10 -8 -6 -1 -7
right_child=1 2 3 4 11 13 10 8 9 -11 -12 -13 -14 -15
leaf_value=-0.023851188861650142 0.01331096969425534 -0.02522819833078396 -0.010258959507707211 0.013028676972961499 0.035518682200963402 0.015294979600460692 -0.029197104123627422 0.035468367663253147 -0.012293407384633774 0.026442404011479185 0.011513847668807279 0.0090418270385141924 0.010059219232278786 -0.012130871485238436
leaf_weight=43.908022053539753 106.79957535862923 22.05832377076149 48.357974618673325 53.715397886931896 26.452599629759789 15.164383210241793 36.756848573684692 12.698659427464007 28.754381760954857 11.636823788285254 8.0932782441377622 42.761224947869778 10.966882139444349 66.501898229122162
leaf_count=552 561 181 327 305 115 83 407 76 252 71 76 189 91 446
internal_value=0.000680798 0.0027361 -0.000319643 0.00395996 0.00735428 0.00103567 -0.00929912 -0.00167418 0.00839777 -0.000764286 -0.0217599 0.0195227 -0.0170154 -0.00691483
internal_weight=534.626 479.751 372.952 252.953 204.596 135.382 119.998 75.1482 53.0899 40.3912 44.8501 69.2138 54.8749 81.6663
internal_count=3732 3089 2528 1465 1138 834 1063 580 399 323 483 304 643 529
is_linear=0
shrinkage=0.03


Tree=55
num_leaves=15
num_cat=0
split_feature=10 6 13 14 16 5 13 14 2 28 14 8 2 6
split_gain=19.1307 14.1758 15.5978 14.3077 13.8474 14.5914 18.6072 14.9484 14.1701 18.4145 13.7101 14.791 13.5261 19.4756
threshold=31.810000000000006 -1.0000000180025095e-35 0.613228639022391 1.7150000000000001 -0.060985654600778615 0.00073136791188534004 0.98012934714144839 2.0350000000000006 0.043574864871860249 0.010222120430095653 2.9850000000000008 -0.015845359425024071 -0.003129442628631018 -1.7102686051475395
decision_type=2 8 2 2 2 8 2 2 8 8 2 2 10 10
left_child=1 2 -1 -3 8 6 -6 -7 9 -5 11 -4 13 -13
right_child=-2 3 10 4 5 7 -8 -9 -10 -11 -12 12 -14 -15
leaf_value=-0.029796174372201542 0.015886036205875663 -0.011373281360898019 -0.017710603227652891 0.033203659119720792 0.038226045069250487 0.022899054559220651 -0.0040968183244561819 -0.0071910517914685022 0.045143816402791671 -0.011444566821117155 -0.015681043994343863 -0.018200802189552535 -0.014604520508600428 0.019602383674183398
leaf_weight=24.366447292268276 59.486303962767124 50.440534442663193 27.98741690069437 14.314097911119463 18.966542903333902 16.310901924967766 17.251303177326918 104.39360515773296 13.72053264826536 17.381855692714453 65.897623509168625 14.357993938028811 20.320767991244793 62.62343505769968
leaf_count=293 274 322 202 84 136 85 121 706 70 116 665 98 154 392
internal_value=6.62999e-06 -0.00203988 -0.00767463 0.00277638 0.00634229 0.00207052 0.0184984 -0.00297021 0.0207395 0.00911769 -0.00471491 0.00113136 0.00667598 0.0124086
internal_weight=527.819 468.333 215.554 252.779 202.339 156.922 36.2178 120.705 45.4165 31.696 191.187 125.29 97.3022 76.9814
internal_count=3718 3444 1804 1640 1318 1048 257 791 270 200 1511 846 644 490
is_linear=0
shrinkage=0.03


Tree=56
num_leaves=15
num_cat=0
split_feature=6 13 3 6 5 17 18 22 9 28 4 22 3 4
split_gain=18.1452 13.8141 11.6504 10.772 12.2685 13.0558 17.692 18.0987 13.354 18.5146 10.4127 16.1577 9.64224 13.0228
threshold=1.3814285260311367 0.613228639022391 0.0053255133930555218 -1.8749475534340736 0.018267562412945255 0.030105079130833039 1.0500000000000003 0.65500000000000014 0.0034533030347634048 0.012702854700419991 0.0091138816264774627 0.50500000000000012 0.013688542598840595 0.011303315816609131
decision_type=8 2 10 10 10 2 2 2 2 8 8 2 10 10
left_child=1 -1 -2 -3 5 -5 7 -7 9 -8 11 -4 13 -9
right_child=2 3 10 4 -6 6 8 12 -10 -11 -12 -13 -14 -15
leaf_value=-0.020594046597944882 0.031525597278255033 -0.021362962756574136 0.013570657152224323 0.02136106818578324 -0.018334895439102689 0.031273140013379386 -0.021360454696927093 -0.0014555882552802976 -0.024245080992761747 0.020340181052112976 0.011645497327532665 -0.024758341632130899 -0.010675385103132392 0.018095821766845058
leaf_weight=36.723095260560513 17.394238732755184 21.923060216009617 17.572653405368328 26.709034219384193 29.144504841417074 19.398089721798897 17.101417183876038 86.798487141728401 39.69364171475172 19.362000368535519 84.579663708806038 20.347951374948025 43.59624195843935 46.296003229916096
leaf_count=420 92 188 100 148 187 84 124 641 465 143 408 162 291 265
internal_value=6.47486e-06 -0.00334393 0.00922683 -0.0014806 -9.12134e-05 0.00174252 -0.000253312 0.00451518 -0.0124306 0.000734377 0.00583093 -0.00710412 0.00141808 0.00542947
internal_weight=526.64 386.746 139.895 350.022 328.099 298.955 272.246 196.089 76.1571 36.4634 122.5 37.9206 176.691 133.094
internal_count=3718 2956 762 2536 2348 2161 2013 1281 732 267 670 262 1197 906
is_linear=0
shrinkage=0.03


Tree=57
num_leaves=15
num_cat=0
split_feature=10 27 4 4 14 1 22 9 28 4 16 17 27 20
split_gain=17.7237 16.2378 14.2289 25.2839 13.0132 11.9049 11.6575 15.3364 20.0071 16.6435 16.2645 13.2873 11.0729 10.2753
threshold=31.810000000000006 -0.075215793519757476 0.0091138816264774627 0.009863822663853097 2.5950000000000002 0.020176433137608366 0.24500000000000002 0.0042451110690865483 0.010669484300541996 0.011018689856294782 -0.017555316684404128 0.050528782566105511 0.017662927216355765 0.0078161475932386777
decision_type=2 8 8 10 2 10 2 2 10 10 2 2 10 2
left_child=1 5 4 12 13 -1 -5 8 9 -8 11 -9 -4 -3
right_child=-2 2 3 6 -6 -7 7 10 -10 -11 -12 -13 -14 -15
leaf_value=0.014927839933712514 0.01526455547991926 -0.011322582656517709 0.0071367854789903731 -0.022670278355003733 -0.02366493743350423 -0.011935443054461944 -0.0041427235213476439 -0.015794688448664766 -0.01039701489993097 0.030659736110759873 -0.021052139870762498 0.021152087210461152 0.037089078424551052 0.013889698473238862
leaf_weight=71.261489402502775 59.619936108589172 50.095800638198853 28.648212965577841 28.268091771751642 55.348638046532869 17.881951116025448 18.931396245956421 14.522762574255465 36.325786076486111 33.531501747667789 54.285469323396683 19.213145188987255 17.811053983867168 19.392820626497269
leaf_count=471 274 393 164 291 667 106 111 95 222 172 385 119 96 152
internal_value=4.26443e-06 -0.00197869 -0.00470735 -0.000584717 -0.0129435 0.00946651 -0.00512883 -0.00221261 0.0065496 0.0182586 -0.0110255 0.00525027 0.0191591 -0.00418913
internal_weight=525.138 465.518 376.375 251.537 124.837 89.1434 205.078 176.81 88.7887 52.4629 88.0214 33.7359 46.4593 69.4886
internal_count=3718 3444 2867 1655 1212 577 1395 1104 505 283 599 214 260 545
is_linear=0
shrinkage=0.03


Tree=58
num_leaves=15
num_cat=0
split_feature=6 13 7 6 5 17 18 9 28 3 24 4 18 26
split_gain=16.942 13.0172 10.933 10.1701 11.5648 12.1027 16.3149 12.8661 17.4053 11.5347 17.9923 12.3891 12.6225 12.051
threshold=1.3814285260311367 0.613228639022391 -0.0046029532360294381 -1.8749475534340736 0.018267562412945255 0.030105079130833039 1.0500000000000003 0.0034533030347634048 0.012702854700419991 0.016659263597395908 -0.15415067982725836 0.012894478507177119 0.12500000000000003 0.014632663018915528
decision_type=8 2 2 10 10 2 2 2 8 10 10 10 2 8
left_child=1 -1 -2 -3 5 -5 9 8 -8 10 -7 12 13 -12
right_child=2 3 -4 4 -6 6 7 -9 -10 -11 11 -13 -14 -15
leaf_value=-0.020204537186430255 0.023498300319910358 -0.020962407008524607 0.0040711744080650326 0.020471625557569442 -0.017934577321722413 0.036769044232952471 -0.020917211740467342 -0.023902079588828277 0.019622219917797196 -0.015011039427258359 -0.0017363666665956164 0.016690184370618862 -0.012371348334725684 0.026673637464449167
leaf_weight=35.87345189973712 33.844505615532398 21.500415436923504 105.92353755235672 26.925333738327026 28.789323341101408 15.532733820378779 16.814122933894396 38.63203314319253 19.502740796655416 23.526842579245567 39.991216875612736 46.242659226059914 51.575567752122879 19.15369439125061
leaf_count=420 172 188 590 148 187 81 124 465 143 153 276 260 395 116
internal_value=2.68409e-06 -0.00325321 0.00890892 -0.00145387 -0.000109887 0.00166696 -0.000269979 -0.0120818 0.000795552 0.00428465 0.00698776 0.00382655 -0.00164727 0.00775455
internal_weight=523.828 384.06 139.768 348.187 326.686 297.897 270.972 74.9489 36.3169 196.023 172.496 156.963 110.72 59.1449
internal_count=3718 2956 762 2536 2348 2161 2013 732 267 1281 1128 1047 787 392
is_linear=0
shrinkage=0.03


end of trees

feature_importances:
T10Y2Y_lvl=96
vol_60d=95
vol_20d=62
zscore_60d=59
DFF_lvl=57
DGS10_lvl=51
T10Y2Y_vol_20d=42
VIX_vol_20d=39
VIX_lvl=34
DXY_vol_20d=33
IRON_ret_20d=31
T10Y2Y_ret_20d=28
IRON_vol_20d=28
ret_20d=25
DFF_vol_20d=25
DXY_ret_20d=19
DGS10_vol_20d=17
IRON_ret_5d=17
DFF_ret_20d=15
DXY_ret_5d=10
DGS10_ret_20d=10
dist_sma20=8
VIX_ret_20d=8
ret_5d=6
DGS10_ret_5d=4
T10Y2Y_ret_5d=3
VIX_ret_5d=2
DFF_ret_5d=2

parameters:
[boosting: gbdt]
[objective: binary]
[metric: binary_logloss]
[tree_learner: serial]
[device_type: cpu]
[data_sample_strategy: bagging]
[data: ]
[valid: ]
[num_iterations: 600]
[learning_rate: 0.03]
[num_leaves: 15]
[num_threads: 0]
[seed: 0]
[deterministic: 0]
[force_col_wise: 0]
[force_row_wise: 0]
[histogram_pool_size: -1]
[max_depth: -1]
[min_data_in_leaf: 80]
[min_sum_hessian_in_leaf: 0.001]
[bagging_fraction: 0.8]
[pos_bagging_fraction: 1]
[neg_bagging_fraction: 1]
[bagging_freq: 5]
[bagging_seed: 3]
[bagging_by_query: 0]
[feature_fraction: 0.8]
[feature_fraction_bynode: 1]
[feature_fraction_seed: 2]
[extra_trees: 0]
[extra_seed: 6]
[early_stopping_round: 0]
[early_stopping_min_delta: 0]
[first_metric_only: 0]
[max_delta_step: 0]
[lambda_l1: 0]
[lambda_l2: 1]
[linear_lambda: 0]
[min_gain_to_split: 0]
[drop_rate: 0.1]
[max_drop: 50]
[skip_drop: 0.5]
[xgboost_dart_mode: 0]
[uniform_drop: 0]
[drop_seed: 4]
[top_rate: 0.2]
[other_rate: 0.1]
[min_data_per_group: 100]
[max_cat_threshold: 32]
[cat_l2: 10]
[cat_smooth: 10]
[max_cat_to_onehot: 4]
[top_k: 20]
[monotone_constraints: ]
[monotone_constraints_method: basic]
[monotone_penalty: 0]
[feature_contri: ]
[forcedsplits_filename: ]
[refit_decay_rate: 0.9]
[cegb_tradeoff: 1]
[cegb_penalty_split: 0]
[cegb_penalty_feature_lazy: ]
[cegb_penalty_feature_coupled: ]
[path_smooth: 0]
[interaction_constraints: ]
[verbosity: -1]
[saved_feature_importance_type: 0]
[use_quantized_grad: 0]
[num_grad_quant_bins: 4]
[quant_train_renew_leaf: 0]
[stochastic_rounding: 1]
[linear_tree: 0]
[max_bin: 255]
[max_bin_by_feature: ]
[min_data_in_bin: 3]
[bin_construct_sample_cnt: 200000]
[data_random_seed: 1]
[is_enable_sparse: 1]
[enable_bundle: 1]
[use_missing: 1]
[zero_as_missing: 0]
[feature_pre_filter: 1]
[pre_partition: 0]
[two_round: 0]
[header: 0]
[label_column: ]
[weight_column: ]
[group_column: ]
[ignore_column: ]
[categorical_feature: ]
[forcedbins_filename: ]
[precise_float_parser: 0]
[parser_config_file: ]
[objective_seed: 5]
[num_class: 1]
[is_unbalance: 0]
[scale_pos_weight: 1]
[sigmoid: 1]
[boost_from_average: 1]
[reg_sqrt: 0]
[alpha: 0.9]
[fair_c: 1]
[poisson_max_delta_step: 0.7]
[tweedie_variance_power: 1.5]
[lambdarank_truncation_level: 30]
[lambdarank_norm: 1]
[label_gain: ]
[lambdarank_position_bias_regularization: 0]
[eval_at: ]
[multi_error_top_k: 1]
[auc_mu_weights: ]
[num_machines: 1]
[local_listen_port: 12400]
[time_out: 120]
[machine_list_filename: ]
[machines: ]
[gpu_platform_id: -1]
[gpu_device_id: -1]
[gpu_use_dp: 0]
[num_gpu: 1]

end of parameters

pandas_categorical:[]
