tree
version=v4
num_class=1
num_tree_per_iteration=1
label_index=0
max_feature_idx=28
objective=binary sigmoid:1
feature_names=ret_1d ret_5d ret_20d vol_20d vol_60d dist_sma20 zscore_60d DXY_ret_5d DXY_ret_20d DXY_vol_20d VIX_lvl VIX_ret_5d VIX_ret_20d VIX_vol_20d DGS10_lvl DGS10_ret_5d DGS10_ret_20d DGS10_vol_20d DFF_lvl DFF_ret_5d DFF_ret_20d DFF_vol_20d T10Y2Y_lvl T10Y2Y_ret_5d T10Y2Y_ret_20d T10Y2Y_vol_20d IRON_ret_5d IRON_ret_20d IRON_vol_20d
feature_infos=[-0.11069886883706537:0.096694461890016181] [-0.12627215899248412:0.21945252436316354] [-0.18769604907697479:0.30003589549260079] [0.0013981035187834276:0.056306671057469108] [0.0027895773083712197:0.038295093505153845] [-0.11700556034072836:0.2550824708558157] [-3.6541421336673694:5.3014855372570748] [-0.079974460780886325:0.052918397191728417] [-0.10161625382829964:0.11629473925670908] [0.0012965675371935925:0.01288712818343282] [9.1400000000000006:82.689999999999998] [-0.55909291210651668:1.1407237740182365] [-0.76225097212909132:1.7991637635396711] [0.21885828147095893:10.231592920176725] [0.52000000000000002:5.2599999999999998] [-0.71149631922814183:0.36396537720141164] [-1.0608719606852626:0.36412376795172297] [0.015861240410776269:0.14514149176434346] [0.040000000000000001:5.4100000000000001] [-1.9924301646902063:1.4170660197866445] [-3.0910424533583156:1.5040773967762742] [0:0.61974082019060694] [-1.0800000000000001:2.9100000000000001] [-2.4849066497879999:2.3978952727983707] [-3.1354942159291492:3.0910424533583152] [0.0085069630922340617:0.13247045350806183] [-0.25072769102168024:0.23852219287261667] [-0.32226168342366801:0.2892135991801621] [0.00088475244056345306:0.055934980039433688]
tree_sizes=1679 1754 1742 1735 1755 1740 1752 1759 1749 1765 1756 1753 1770 1756 1770 1749 1758 1751 1745 1743 1757 1761 1759 1753 1754 1754 1751 1758 1759 1757 1768 1762 1761 1759 1768 1755 1757 1761 1760 1756 1764 1762 1760 1761 1757 1759 1759 1761 1767 1769 1767 1770 1766 1766 1762 1766 1770 1766 1772 1762 1773 1765 1767 1762 1780 1776 1770 1769 1767 1765 1769 1770 1767 1760 1774 1758 1771 1754

Tree=0
num_leaves=15
num_cat=0
split_feature=10 6 1 4 6 2 14 4 6 13 12 1 13 26
split_gain=170.894 74.8282 68.7322 53.6103 26.1308 15.934 14.9574 15.5751 13.6711 11.9776 10.0411 9.48853 10.3648 8.43634
threshold=26.850000000000005 0.76541195692943942 0.025285161440028795 0.0077750184894556582 2.287480193559666 0.038577454921904349 2.4650000000000003 0.013060429667727054 1.9582041719235841 1.0403254180922323 -0.11985672093709597 -0.0050547314815293501 1.4200642589915056 -0.00086869286851021233
decision_type=2 8 8 10 8 10 2 10 8 2 2 10 2 8
left_child=2 10 3 5 13 -1 7 11 -3 -9 -2 12 -5 -4
right_child=1 8 4 6 -6 -7 -8 9 -10 -11 -12 -13 -14 -15
leaf_value=-1.3605871126162576 -1.2996558572935131 -1.2832483955805325 -1.3402653863777472 -1.3365348503577892 -1.277307898229167 -1.3275884552617532 -1.3431651270777376 -1.3300461130983721 -1.241769658830546 -1.2909771095372278 -1.3296863466852524 -1.3417702101179869 -1.3107333114827349 -1.3099602853717416
leaf_weight=151.64765943586826 13.201102018356321 24.09201118350029 14.3561984449625 32.177686169743538 16.501377522945404 14.026170894503592 158.24821044504642 14.191184669733049 15.18126732110977 13.53112956881523 35.312947899103165 71.615978449583054 23.596969857811928 17.491460174322132
leaf_count=919 80 146 87 195 100 85 959 86 92 82 214 434 143 106
internal_value=-1.3341 -1.29559 -1.34057 -1.34402 -1.30683 -1.35777 -1.3367 -1.33009 -1.26532 -1.31014 -1.32098 -1.33459 -1.3254 -1.32339
internal_weight=615.171 87.7873 527.384 479.035 48.349 165.674 313.361 155.113 39.2733 27.7223 48.514 127.391 55.7747 31.8477
internal_count=3728 532 3196 2903 293 1004 1899 940 238 168 294 772 338 193
is_linear=0
shrinkage=1


Tree=1
num_leaves=15
num_cat=0
split_feature=10 6 1 4 6 3 28 28 2 10 21 28 12 2
split_gain=158.289 66.0157 64.4228 51.5749 23.4026 16.1344 15.8445 15.4935 15.3973 13.7435 13.2189 13.0146 12.7482 13.5564
threshold=26.850000000000005 0.76541195692943942 0.025285161440028795 0.0077750184894556582 2.287480193559666 0.0098950224219679136 0.025006890296763184 0.020967624829913545 0.038577454921904349 22.430000000000003 0.013817319185527383 0.010284340844908682 -0.18950419408159822 -0.0034948148711715361
decision_type=2 8 8 10 8 10 10 8 10 2 2 10 2 10
left_child=2 5 3 8 11 -2 7 9 -1 12 -8 -4 13 -5
right_child=1 -3 4 6 -6 -7 10 -9 -10 -11 -12 -13 -14 -15
leaf_value=-0.026068008393088201 -0.014552990075004574 0.064369032691336786 0.02841386993394927 -0.002591285256614965 0.053522178505818689 0.023128443984545468 -0.0055695535184969013 -0.015057662797348608 0.0063413448880952367 0.020402462054232885 0.03293201241184112 -0.0088538809495635681 -0.0073786805379219608 0.034510245034146014
leaf_weight=149.30970905721188 13.432579249143599 40.805134177207947 16.285600766539574 21.305141627788544 17.048098146915436 35.438505381345749 13.173523098230364 88.878498047590256 14.079720154404638 24.840520963072777 18.574921101331711 15.75733759999275 132.06436681747437 14.023804619908331
leaf_count=919 81 238 98 129 100 213 80 541 85 150 112 95 802 85
internal_value=4.57468e-05 0.0366544 -0.00626115 -0.00964748 0.0261276 0.0126873 -0.00249031 -0.0047758 -0.0232536 3.12936e-05 0.0172741 0.0103739 -0.00309492 0.0126807
internal_weight=615.017 89.6762 525.341 476.25 49.091 48.8711 312.861 281.112 163.389 192.234 31.7484 32.0429 167.393 35.3289
internal_count=3728 532 3196 2903 293 294 1899 1707 1004 1166 192 193 1016 214
is_linear=0
shrinkage=0.03


Tree=2
num_leaves=15
num_cat=0
split_feature=1 4 13 6 14 4 14 23 25 2 24 11 13 1
split_gain=117.9 79.0936 46.8684 43.7633 32.4994 17.2234 15.7176 17.9618 14.0676 12.8696 17.7378 12.8166 12.0961 11.4292
threshold=0.024532952915316545 0.0091452391152943239 1.4200642589915056 2.287480193559666 2.9350000000000005 0.0097391432634363027 0.93500000000000016 -0.0083508156148304601 0.047072173029128479 0.01992879425459582 -0.058156138886945478 0.022094799273569391 0.5685690737603174 -0.0077441678584965748
decision_type=8 8 2 8 2 8 2 8 2 10 10 2 2 8
left_child=1 9 5 11 6 -3 -4 13 -6 -1 -11 -2 -7 -8
right_child=3 2 4 -5 8 12 7 -9 -10 10 -12 -13 -14 -15
leaf_value=-0.021881417357944345 0.0010643296882290132 0.025092247292226845 0.057738879229383949 0.065722617395028896 -0.011656210236780252 -0.030083197076130233 0.059914935648454792 0.0090803501808597344 0.01845910530892687 -0.02065723192420699 0.013140916176185178 0.031463753488725807 -0.0053203909201018085 0.022035630599611021
leaf_weight=178.91567300260067 22.896232664585114 13.91272512078285 14.056874752044676 26.024246856570244 34.754117593169212 19.678237050771713 13.457678735256193 39.207603514194489 21.902169734239578 29.24224491417408 25.05873216688633 26.634323000907898 130.9752963334322 18.085149645805362
leaf_count=1110 136 85 82 147 211 121 80 234 130 179 153 157 795 108
internal_value=4.73114e-05 -0.00489014 0.005137 0.0348903 0.0177396 -0.00573809 0.0293827 0.0230226 0.000103996 -0.0180136 -0.00510453 0.0177103 -0.00873193 0.0395413
internal_weight=614.801 539.247 306.03 75.5548 141.464 164.566 84.8073 70.7504 56.6563 233.217 54.301 49.5306 150.654 31.5428
internal_count=3728 3288 1846 440 845 1001 504 422 341 1442 332 293 916 188
is_linear=0
shrinkage=0.03


Tree=3
num_leaves=15
num_cat=0
split_feature=10 6 1 18 9 6 13 6 22 18 1 28 10 6
split_gain=139.985 56.1007 55.8305 19.6588 22.232 18.5099 16.8558 14.4336 13.9931 24.6872 12.373 11.9562 11.3828 10.5055
threshold=26.850000000000005 0.76541195692943942 0.025285161440028795 0.13500000000000004 0.0027155492887840833 2.287480193559666 0.5685690737603174 -1.1180839684987638 1.2650000000000003 0.52500000000000013 -0.0073552694391186826 0.010284340844908682 21.715000000000003 1.9582041719235841
decision_type=2 8 8 2 2 8 2 10 2 2 8 10 2 8
left_child=2 -2 3 4 -1 11 -5 -6 9 10 -8 -4 -11 -3
right_child=1 13 5 6 7 -7 8 -9 -10 12 -12 -13 -14 -15
leaf_value=-0.025052481676784373 0.011722887654898852 0.043509666489493434 0.0265011197503188 -0.029820271571147836 -0.016151934627601391 0.047055390257796176 0.035876931103340455 0.0097190690619454959 -0.02059343038794505 -0.014120666057391292 -0.00085193610281206851 -0.0089724614329268239 0.008674328630399724 0.077988115168514463
leaf_weight=26.004861131310463 49.612560898065567 25.996903106570244 16.703812062740326 47.357715308666229 22.912954658269882 18.18891316652298 15.733366057276724 103.0521522462368 84.123548209667206 133.46924512088299 16.202153801918033 15.803133085370062 22.410472944378853 16.933629378676414
leaf_count=162 294 146 98 298 140 100 94 624 522 828 98 95 137 92
internal_value=5.09418e-05 0.0338514 -0.00599509 -0.00922478 -0.000336597 0.0236256 -0.0134409 0.004923 -0.0104896 -0.00587897 0.0177828 0.00950267 -0.0108091 0.0585751
internal_weight=614.505 92.5431 521.962 471.266 151.97 50.6959 319.297 125.965 271.939 187.815 31.9355 32.5069 155.88 42.9305
internal_count=3728 532 3196 2903 926 293 1977 764 1679 1157 192 193 965 238
is_linear=0
shrinkage=0.03


Tree=4
num_leaves=15
num_cat=0
split_feature=10 4 6 1 2 28 14 4 12 10 28 27 2 6
split_gain=130.198 67.0259 41.8902 38.6228 31.8659 26.5948 19.8393 19.3982 12.9725 11.4111 10.5262 17.4617 10.0424 22.246
threshold=30.525000000000002 0.0077750184894556582 1.331849696481531 0.030009201139751421 0.038577454921904349 0.0070799116568484553 3.1050000000000004 0.015240197640177465 -0.057129365612641252 25.405000000000005 0.028189647432248569 -0.061008688296814377 -0.029986141474975022 -0.17166242762545983
decision_type=2 8 8 8 10 10 2 10 2 2 10 10 10 10
left_child=1 4 8 6 -1 -5 7 9 -2 10 11 -3 -13 -14
right_child=2 3 -4 5 -6 -7 -8 -9 -10 -11 -12 12 13 -15
leaf_value=-0.025283592244803633 0.03992895698498098 -0.021645911433068352 0.070970895957951238 0.060159958147836562 0.01743411057727836 0.0073555546941741507 -0.01105064078322464 0.03515501951052695 0.0041573004791926613 0.022413711668105536 0.018205285093737086 -0.010576114831261557 0.028837692315635054 -0.0017805598938747187
leaf_weight=144.86865735054016 15.511455506086348 34.876634880900383 24.477501556277275 15.369224101305006 16.909019336104393 18.725253149867058 114.10079728066921 15.813165336847304 20.983035251498222 20.761295765638351 23.143845155835152 42.133113786578178 28.338866919279099 78.115196377038956
leaf_count=924 89 214 130 85 100 108 703 92 122 120 139 256 172 474
internal_value=5.1537e-05 -0.00456034 0.0412902 0.00216302 -0.0207391 0.0321949 -0.000784689 0.00405761 0.0200209 0.00175037 -0.000423981 -0.00286 0.00166468 0.00656277
internal_weight=614.127 553.155 60.972 391.377 161.778 34.0945 357.283 243.182 36.4945 227.369 206.608 183.464 148.587 106.454
internal_count=3728 3387 341 2363 1024 193 2170 1467 211 1375 1255 1116 902 646
is_linear=0
shrinkage=0.03


Tree=5
num_leaves=15
num_cat=0
split_feature=4 1 17 2 9 14 22 18 21 2 14 13 19 25
split_gain=109.09 63.5873 30.3289 29.8364 28.0067 34.9051 15.5768 16.2151 13.7908 13.3138 12.6599 12.6597 11.9779 8.49829
threshold=0.0080371313664307446 0.029212102571582913 0.052147311200787846 0.038577454921904349 0.007380106299289548 0.88500000000000012 2.4750000000000005 0.52500000000000013 0.020455306476636653 0.01149645246093667 1.675 0.64545077989019306 0.0047510316504527092 0.036313691777707123
decision_type=8 8 2 10 2 2 2 2 2 10 2 2 2 2
left_child=3 4 -3 -1 5 -2 7 9 -6 13 -11 -9 -13 -7
right_child=1 2 -4 -5 8 6 -8 11 -10 10 -12 12 -14 -15
leaf_value=-0.02317396064630994 0.041653706001035955 0.01520391149526038 0.062083511072039931 0.014036237925054243 0.011040130846015609 0.010513765896552641 -0.016622309093420114 -0.024854306130570363 0.050631312839283203 -0.00042487580780901343 0.030317954023543241 -0.0063508968455085997 0.017782952593956684 -0.0063556181788012884
leaf_weight=160.30512411892414 18.045750811696053 24.468201845884323 26.14520625770092 21.370899111032486 16.66273558139801 55.319486439228058 43.545423954725266 23.638633504509926 15.440468952059744 17.575804308056831 37.193770930171013 81.307368576526642 22.880219012498856 50.489333063364029
leaf_count=1032 101 136 141 124 96 331 269 150 86 106 221 498 140 305
internal_value=0.000703941 0.00889362 0.040154 -0.018744 0.00465881 0.00215782 -0.000107947 0.00243433 0.0310363 0.00875704 0.0206217 -0.00551472 -0.000932285 0.00247998
internal_weight=614.388 432.712 50.6134 181.676 382.099 349.996 331.95 288.405 32.1032 160.578 54.7696 127.826 104.188 105.809
internal_count=3736 2580 277 1156 2303 2121 2020 1751 182 963 327 788 638 636
is_linear=0
shrinkage=0.03


Tree=6
num_leaves=15
num_cat=0
split_feature=10 2 1 3 26 10 28 24 6 12 19 6 20 28
split_gain=130.429 44.1224 43.4312 24.7159 18.7406 24.3781 18.8089 18.2343 17.679 13.8025 12.6657 12.3174 13.1287 11.3964
threshold=27.740000000000006 0.01149645246093667 0.025285161440028795 0.0081717498801243144 -0.078020988484669193 22.430000000000003 0.025006890296763184 0.1513144513012939 2.287480193559666 -0.10258978491216707 -0.026623942443436629 0.33296573281633685 0.091687371389306618 0.0069845100486673854
decision_type=2 10 8 10 10 2 10 10 8 2 2 10 2 10
left_child=2 9 3 7 -5 6 10 -1 -4 -2 -6 -12 -13 -3
right_child=1 13 8 4 5 -7 -8 -9 -10 -11 11 12 -14 -15
leaf_value=-0.017676759512814343 0.034622182766258142 0.071978643714012192 0.006198627006487243 -0.016049827557804187 0.014946743470732658 0.025446884203182824 0.026527963364255832 0.011440448075713455 0.040443019666280805 -0.001554691233307659 -0.018236535645885048 -0.0073861764934019551 0.026026586781587653 0.03763827904161117
leaf_weight=203.7526635825634 14.189610585570334 21.722977116703987 34.689532816410065 58.042843997478485 21.861819759011269 35.231386676430702 17.603553667664528 20.698431953787804 21.765070572495461 25.08657668530941 64.179700583219528 40.584048062562943 13.199244663119314 21.517828181385994
leaf_count=1309 80 113 201 363 133 205 103 132 114 145 396 247 80 115
internal_value=0.000686956 0.035543 -0.00478002 -0.00774496 -0.00125811 0.00325808 -0.0018369 -0.0149528 0.0198751 0.0120503 -0.00557097 -0.00946716 0.00113923 0.0561269
internal_weight=614.125 82.517 531.608 475.154 250.703 192.66 157.428 224.451 56.4546 39.2762 139.825 117.963 53.7833 43.2408
internal_count=3736 453 3283 2968 1527 1164 959 1441 315 225 856 723 327 228
is_linear=0
shrinkage=0.03


Tree=7
num_leaves=15
num_cat=0
split_feature=4 1 2 28 9 14 3 7 26 28 13 13 28 21
split_gain=100.074 54.2495 28.0548 27.7876 23.9086 30.5902 14.7503 14.6825 13.1695 12.2985 13.0905 16.6392 13.4647 12.1331
threshold=0.0080371313664307446 0.029212102571582913 0.038577454921904349 0.007046894096687884 0.007380106299289548 0.88500000000000012 0.012974348548329892 0.0083348436771424356 -0.024399864152610192 0.030120695298660773 1.2154799242984831 1.6003171862111742 0.0076574407938396778 0.020455306476636653
decision_type=8 8 10 10 2 2 8 2 10 10 2 2 10 2
left_child=2 4 -1 -3 5 -2 7 9 -9 10 -7 12 -12 -6
right_child=1 3 -4 -5 13 6 -8 8 -10 -11 11 -13 -14 -15
leaf_value=-0.022605173005018422 0.038466745647039842 0.057359598200456594 0.0133894679616925 0.013319557753093061 0.0098294395878742846 -0.0097941782827307439 -0.01143788798330511 -0.0025862094793251932 0.031877790699395205 0.024901148734045711 -0.00083007238633855691 -0.0035472344085465571 0.035985754788195885 0.046375976334220366
leaf_weight=156.69030773639679 18.673137754201889 27.112466230988503 21.56803922355175 25.263909384608269 16.982951506972313 95.43200795352459 77.174454465508461 15.425003945827482 26.549346685409546 15.74416311085224 14.6485298871994 64.578910514712334 21.768656685948372 16.097252622246742
leaf_count=1032 101 138 124 139 96 595 467 95 159 93 90 391 130 86
internal_value=0.000673685 0.00842377 -0.0181997 0.0367643 0.00446325 0.00212128 -3.67299e-05 0.00345662 0.0194473 0.000216776 -0.00187784 0.00562506 0.0215505 0.0284524
internal_weight=613.709 435.451 178.258 52.3764 383.074 349.994 331.321 254.147 41.9744 212.172 196.428 100.996 36.4172 33.0802
internal_count=3736 2580 1156 277 2303 2121 2020 1553 254 1299 1206 611 220 182
is_linear=0
shrinkage=0.03


Tree=8
num_leaves=15
num_cat=0
split_feature=10 1 2 10 28 14 6 14 5 8 8 18 13 12
split_gain=116.235 40.4181 38.5369 17.8694 14.042 15.6602 14.9075 15.4517 15.8203 13.9093 13.4604 13.3896 14.5774 12.6923
threshold=27.740000000000006 0.041300411971816893 0.01149645246093667 11.445000000000002 0.030120695298660773 1.1150000000000004 0.35568138111602654 1.7450000000000003 0.00019677069109600237 0.018485275536844984 -0.0082312275758207303 2.3950000000000005 1.1179693884136503 -0.10258978491216707
decision_type=2 8 10 2 10 2 8 2 8 2 2 2 2 2
left_child=1 3 13 -1 5 -5 9 -8 -9 -7 -10 12 -12 -2
right_child=2 -3 -4 4 -6 6 7 8 10 -11 11 -13 -14 -15
leaf_value=-0.02579784821646549 0.032494121171398993 0.03945070989773982 0.051875242325422406 0.020984140653766775 0.013136465294586622 -0.014402337224867832 -0.018632569946947147 0.024946469660241354 0.024288582541074411 0.0074641581701090851 0.015824864752288389 -0.025880791266435877 -0.010398471777400884 -0.0018938297971125948
leaf_weight=37.511346518993378 14.546966031193731 17.136636972427368 44.836940377950668 17.573986351490021 36.428038835525513 221.07185859978199 32.443030029535294 25.472667634487152 15.435372486710547 29.056310072541237 32.417171329259872 20.633573397994041 43.469789817929268 25.241005033254623
leaf_count=248 80 90 228 98 215 1415 201 158 92 180 194 132 260 145
internal_value=0.00066042 -0.00458343 0.0330896 -0.00613275 -0.00452547 -0.00602242 -0.00719962 -0.000333746 0.00408949 -0.0118426 -0.000834819 -0.00506037 0.000863662 0.0111672
internal_weight=613.275 528.65 84.6249 511.513 474.002 437.574 420 169.872 137.429 250.128 111.956 96.5205 75.887 39.788
internal_count=3736 3283 453 3193 2945 2730 2632 1037 836 1595 678 586 454 225
is_linear=0
shrinkage=0.03


Tree=9
num_leaves=15
num_cat=0
split_feature=10 1 6 3 28 3 9 3 13 28 17 15 24 24
split_gain=109.042 45.7729 27.0191 19.7364 22.2654 17.1338 14.2563 13.3493 11.0802 10.4323 13.1716 11.9531 9.46005 8.51703
threshold=25.405000000000005 0.041300411971816893 0.76541195692943942 0.0069929069314721036 0.030120695298660773 0.0095028062716225568 0.0027155492887840833 0.017034865809116968 2.3339312590998773 0.0080426332438940113 0.050395801830165309 -0.017180102081369161 0.18990006908466892 0.1513144513012939
decision_type=2 8 8 10 10 10 2 10 2 8 2 2 10 10
left_child=1 3 5 13 6 -2 -5 9 -4 10 -8 -11 -13 -1
right_child=2 -3 8 4 -6 -7 7 -9 -10 11 -12 12 -14 -15
leaf_value=-0.017881835000605664 -0.012946478728765271 0.042952337664099775 0.02064282172714706 -0.025454621866283597 0.022084631680596233 0.02190682742444984 -0.0018124061926017049 -0.023509267398253146 0.051576968327579825 0.0077553574856452975 0.025699167967837628 -0.012645454811208609 0.013021946708335614 0.0059085358099031258
leaf_weight=147.57261350750923 16.297996625304222 15.931436225771902 17.304579928517342 27.733159199357033 28.237232699990273 48.726269692182541 38.285488903522491 25.137943908572197 35.931722849607468 48.533743217587471 25.363859683275223 109.54751752316952 13.815549612045286 14.430195614695547
leaf_count=976 101 82 91 179 162 273 233 157 177 299 151 680 83 92
internal_value=0.000643556 -0.00555508 0.0263967 -0.00725576 -0.00287954 0.0131073 -0.0053915 -0.00316794 0.0420878 -0.000906869 0.00937872 -0.0047476 -0.00968934 -0.0157395
internal_weight=612.849 494.589 118.261 478.657 316.654 65.0243 288.417 260.684 53.2363 235.546 63.6493 171.897 123.363 162.003
internal_count=3736 3094 642 3012 1944 374 1782 1603 268 1446 384 1062 763 1068
is_linear=0
shrinkage=0.03


Tree=10
num_leaves=15
num_cat=0
split_feature=10 4 2 1 28 16 4 23 3 1 24 10 15 7
split_gain=93.1287 56.7458 30.0678 26.5718 20.1264 19.5713 14.8254 14.036 13.9984 11.703 10.1377 11.8962 11.8161 11.0281
threshold=25.405000000000005 0.0080371313664307446 0.011140090434836105 0.035651697439512027 0.028189647432248569 0.014279209179219656 0.011227187856238566 0.016878338315077224 0.017034865809116968 0.018344068205719658 0.11310401668942836 14.405000000000003 -0.008791307877495989 0.0090274867676281029
decision_type=2 8 10 8 10 2 10 8 8 10 10 2 2 2
left_child=1 9 5 4 8 -2 -4 -8 10 -1 12 -12 -3 -14
right_child=2 3 6 -5 -6 -7 7 -9 -10 -11 11 -13 13 -15
leaf_value=-0.022879308301049398 -0.010770584066237954 0.0045938826792379815 0.055746423409273806 0.033669623528870589 0.022309398731988107 0.023951775018527389 0.038696532887599992 0.0026915845971390625 -0.023745905776251901 0.001848478270418989 0.034805849909157867 0.0013370436511506198 -0.014178275565307244 0.009276351142810231
leaf_weight=143.65909989178181 27.154159307479858 87.565905705094337 24.456926733255386 20.821907132863998 30.02704556286335 29.563948005437851 25.291727781295776 15.735095635056494 25.875886455178261 19.391364336013794 13.139703705906866 29.760200366377831 96.673234403133392 21.395469591021538
leaf_count=974 158 537 121 107 171 166 127 81 164 117 80 181 603 130
internal_value=0.00031099 -0.00555931 0.023623 0.00169124 -0.000598989 0.00742963 0.037326 0.0252801 -0.00317762 -0.0199451 -0.000949593 0.0121475 -0.00372749 -0.0098858
internal_weight=610.512 488.31 122.202 325.259 304.437 56.7181 65.4838 41.0268 274.41 163.05 248.535 42.8999 205.635 118.069
internal_count=3717 3064 653 1973 1866 324 329 208 1695 1091 1531 261 1270 733
is_linear=0
shrinkage=0.03


Tree=11
num_leaves=15
num_cat=0
split_feature=4 10 8 5 3 27 28 27 6 6 22 25 13 4
split_gain=87.1242 46.1331 25.6165 20.6382 18.6896 17.2975 17.2645 19.711 16.1319 13.1319 10.9773 10.3046 14.7254 13.4109
threshold=0.0080733265582835795 25.405000000000005 0.031724928774124812 0.029513588198377443 0.017551423116131493 -0.023608665858035224 0.028189647432248569 -0.059012290836081498 -1.1503889517626253 -1.1864224305993221 2.4750000000000005 0.024836306192007617 0.80013732367095436 0.010065548838587646
decision_type=8 2 2 10 10 10 10 10 10 10 2 2 2 10
left_child=3 2 6 -1 5 -3 7 9 -9 -2 11 13 -13 -10
right_child=1 4 -4 -5 -6 -7 -8 8 10 -11 -12 12 -14 -15
leaf_value=-0.020589786256714478 0.0052939594876289277 0.0073043638726175827 0.038972374100843366 0.017224240555255222 0.0475626839253337 0.034779292890963029 0.020321312383409812 -0.014060043129057476 0.018140667753541666 -0.02000845163552889 -0.017751162269358318 0.042621586411589557 0.010362794983943479 -0.01570804356633225
leaf_weight=160.39990802109241 24.299012124538422 57.617284715175629 14.776681691408156 13.381964713335035 23.126135259866714 31.765268966555595 31.92858624458313 37.681495815515518 16.826863840222359 71.375744313001633 12.871865376830099 14.686564162373541 74.290049165487289 24.771723955869675
leaf_count=1092 153 314 83 74 114 162 179 236 103 450 80 88 440 149
internal_value=0.000305868 0.00746491 0.00168586 -0.0175961 0.0239208 0.0173453 -0.000218829 -0.00265271 0.00316954 -0.013594 0.00776151 0.0103923 0.016102 -0.00191162
internal_weight=609.799 436.017 323.509 173.782 112.509 89.3826 308.732 276.803 181.129 95.6748 143.447 130.575 88.9766 41.5986
internal_count=3717 2551 1961 1166 590 476 1878 1699 1096 603 860 780 528 252
is_linear=0
shrinkage=0.03


Tree=12
num_leaves=15
num_cat=0
split_feature=4 1 10 28 5 3 27 28 27 23 24 25 13 24
split_gain=82.6282 44.2274 28.6912 24.2342 19.7222 16.8489 14.9479 11.0749 14.7422 11.7733 10.5267 11.4838 10.6924 11.1891
threshold=0.0080733265582835795 0.030009201139751421 25.405000000000005 0.007046894096687884 0.029513588198377443 0.017034865809116968 0.013622654473102182 0.028189647432248569 0.059546651478715081 -0.0059172288235014294 0.11567235132348305 0.03518372829650241 1.0253378644740467 0.049524172887718619
decision_type=8 8 2 10 10 8 10 10 10 8 10 2 2 10
left_child=4 2 5 -3 -1 7 -4 8 10 -10 12 -12 -2 -14
right_child=1 3 6 -5 -6 -7 -8 -9 9 -11 11 -13 13 -15
leaf_value=-0.020244330277002887 -0.016907826887903477 0.050554666154487685 0.011339102454016078 0.010130548100205196 0.016605168037650213 -0.024089292317959456 0.040234371480844751 0.018333945309068591 0.028311011422108841 0.00010731593762726221 0.028495306348333482 -0.0083738241979403535 0.0031876991378459087 -0.026106475799478997
leaf_weight=158.29215796291828 66.904032066464424 29.067793384194374 68.765078157186508 25.113993287086487 13.499889656901358 24.831234157085419 20.633306443691254 29.391092464327812 23.503267541527748 29.205290302634239 15.367818042635919 13.532898172736166 78.241059243679047 12.776785954833029
leaf_count=1092 426 137 368 131 74 161 108 164 141 178 93 83 481 80
internal_value=0.000300794 0.00722626 0.00359987 0.0323407 -0.0172693 -0.000945129 0.0183795 0.00127324 -0.000887671 0.0129766 -0.00484748 0.0115285 -0.00789807 -0.00116354
internal_weight=609.126 437.334 383.152 54.1818 171.792 293.753 89.3984 268.922 239.531 52.7086 186.823 28.9007 157.922 91.0178
internal_count=3717 2551 2283 268 1166 1807 476 1646 1482 319 1163 176 987 561
is_linear=0
shrinkage=0.03


Tree=13
num_leaves=15
num_cat=0
split_feature=4 1 28 25 6 11 22 4 24 23 26 19 6 7
split_gain=78.3539 41.0237 22.1083 17.9154 16.882 22.2655 15.5782 18.4256 18.2736 20.8407 16.4298 14.7885 10.4365 9.10767
threshold=0.0080733265582835795 0.030009201139751421 0.007046894096687884 0.025047323630532456 1.4489151365429382 0.0055068989014650524 2.5350000000000006 0.012562736635139777 0.12354750636909892 -0.012448347111866485 -0.031308282124788527 0.0047510316504527092 -1.159156113456226 0.0013386185735124736
decision_type=8 8 10 2 10 2 2 8 10 8 10 2 10 2
left_child=4 3 -3 11 -1 -6 7 10 9 -9 -5 -2 -12 -14
right_child=1 2 -4 6 5 -7 -8 8 -10 -11 12 -13 13 -15
leaf_value=-0.021688806100140966 -0.014161648172350664 0.048203315448680194 0.0097925500524756251 -0.011788630155134896 -0.023078987757800377 0.023878701108641237 -0.011347054900389456 0.032503111962355051 0.047000251389023084 -1.5499765164876184e-05 -0.007615549356116586 0.014217836569568742 0.0054061119619398645 0.02398157754687473
leaf_weight=135.37022775411606 73.030080512166023 29.611316904425621 25.234051495790482 43.959675133228302 16.215658158063889 18.255339533090591 35.094172850251198 29.321332901716232 17.89240325987339 42.736647471785545 24.981099516153336 20.401340261101723 53.139454916119576 43.119020596146584
leaf_count=954 453 137 131 269 104 108 225 160 94 241 152 125 314 250
internal_value=0.000294115 0.00699502 0.0310225 0.00348864 -0.0169469 0.00176123 0.00716272 0.00974298 0.0205915 0.0134805 0.00374764 -0.00787987 0.00943121 0.013888
internal_weight=608.362 438.521 54.8454 383.675 169.841 34.471 290.244 255.15 89.9504 72.058 165.199 93.4314 121.24 96.2585
internal_count=3717 2551 268 2283 1166 212 1705 1480 495 401 985 578 716 564
is_linear=0
shrinkage=0.03


Tree=14
num_leaves=15
num_cat=0
split_feature=10 8 6 3 28 27 9 3 0 8 5 7 16 27
split_gain=74.0786 33.1295 24.3898 19.0562 17.6086 11.9377 11.3372 12.5525 9.12704 8.8779 22.0925 8.06826 7.64084 10.2823
threshold=25.405000000000005 0.030367647706522675 1.9582041719235841 0.0069929069314721036 0.028189647432248569 0.021105902982099693 0.0030367949069429073 0.016132170661015261 -0.0072704132371154686 -0.0041095098240830899 0.0036600476872250139 -0.00038659902638071836 -0.066918346896262845 -0.026983125627892953
decision_type=2 2 8 10 10 10 2 10 8 2 10 2 2 10
left_child=1 3 5 -1 6 8 -5 9 -2 10 -8 -10 -11 -14
right_child=2 -3 -4 4 -6 -7 7 -9 11 12 -12 -13 13 -15
leaf_value=-0.01543852183552431 0.025608218757252603 0.027947931973852303 0.0479085447999405 -0.01927823654082611 0.018456093347066185 0.03193382510449147 -0.0032285349996792395 -0.021087736792801192 -0.009693945961510117 0.013605583897593367 0.029719803868230598 0.012195262268807296 -0.019454213868446549 -0.00029806212354718483
leaf_weight=155.35518431663513 19.175668731331825 24.906803905963898 23.167896315455437 41.289694756269455 31.229949906468391 24.678507387638092 53.633860945701599 27.236140087246895 27.00880728662014 16.46724160015583 26.68249586224556 32.071132004261017 40.639632672071457 64.026979312300682
leaf_count=1069 103 142 104 269 172 128 342 176 148 98 156 170 255 385
internal_value=0.000287781 -0.00508051 0.0206631 -0.00693946 -0.00251925 0.0141289 -0.00500477 -0.00235496 0.00818186 0.000269373 0.00794835 0.00219367 -0.00484547 -0.00784967
internal_weight=607.57 481.468 126.102 456.561 301.206 102.934 269.976 228.686 78.2556 201.45 80.3164 59.0799 121.134 104.667
internal_count=3717 3064 653 2922 1853 549 1681 1412 421 1236 498 318 738 640
is_linear=0
shrinkage=0.03


Tree=15
num_leaves=15
num_cat=0
split_feature=4 6 2 17 13 0 25 17 14 8 23 9 3 9
split_gain=68.1939 35.118 29.1997 27.2876 12.6792 10.1121 15.7498 9.84432 9.11122 20.2645 13.912 12.3251 20.0313 9.70373
threshold=0.0077750184894556582 2.287480193559666 0.039276281733690584 0.051490912963353758 1.4254857895673314 0.0044073479114634115 0.026051568293028196 0.05880722270601841 2.6950000000000007 -0.0041095098240830899 -0.15834681941663539 0.0043089632266752505 0.01184900110307705 0.0066501812438526002
decision_type=8 8 10 2 2 10 2 2 2 2 10 2 10 2
left_child=2 4 -1 -3 5 -2 -7 -8 9 -6 -10 -11 -13 -12
right_child=1 3 -4 -5 8 6 7 -9 10 11 13 12 -14 -15
leaf_value=-0.022149732990974693 -0.0058448236197457459 0.0057481635266561837 0.015722763235671566 0.054139190332700697 0.032058341959997995 -0.013488586746498563 0.032077805917107204 0.0002951968371922204 0.02371026597843116 -0.0053767611667965539 -0.011586817883687249 0.043284227984812719 -0.001655726959997692 0.014137421081180448
leaf_weight=135.31052848696709 157.10715867578983 19.901776373386383 20.43832066655159 21.812481611967087 36.760748863220215 17.917296588420868 22.451648131012917 14.041161566972731 18.168466418981552 43.643167391419411 51.48853012919426 14.989611849188803 20.048817783594131 16.701862916350365
leaf_count=977 975 109 117 97 196 112 132 85 104 250 317 82 107 88
internal_value=-4.11965e-05 0.00582627 -0.0171113 0.031727 0.00314196 -0.00198835 0.0090516 0.020183 0.00850257 0.0139791 0.00110548 0.00523598 0.0182374 -0.00517292
internal_weight=610.782 455.033 155.749 41.7143 413.318 211.517 54.4101 36.4928 201.801 115.442 86.3589 78.6816 35.0384 68.1904
internal_count=3748 2654 1094 206 2448 1304 329 217 1144 635 509 439 189 405
is_linear=0
shrinkage=0.03


Tree=16
num_leaves=15
num_cat=0
split_feature=10 4 2 0 6 22 18 25 16 28 13 3 21 3
split_gain=67.7136 54.2672 19.1736 18.7224 18.0565 12.2928 10.468 12.6198 11.3617 15.1574 12.1017 11.3548 10.8283 9.77911
threshold=30.820000000000004 0.0077750184894556582 0.039276281733690584 0.013957683508747711 1.3669907405974497 2.4850000000000008 0.52500000000000013 0.037902228791568654 0.021753131559180298 0.011608078549947489 0.77045109898043973 0.010316870414798401 0.05590169943749343 0.012318306020699556
decision_type=2 8 10 10 8 2 2 2 2 10 2 10 2 10
left_child=1 2 -1 5 -2 6 7 -3 10 12 -8 -12 -10 -9
right_child=4 3 -4 -5 -6 -7 8 13 9 -11 11 -13 -14 -15
leaf_value=-0.023084408100206091 0.013659706908985615 0.013266546364228811 0.0090646346816554823 0.022775663188468114 0.045302740018543605 -0.015281390347414754 -0.031563616244205783 0.00392314133151933 0.011308051069961264 0.030114317326556478 0.0063601219751781152 -0.016793143418918632 -0.024059774662450833 -0.020487690872459875
leaf_weight=129.17891871929169 37.015757232904434 109.23811727762222 18.610265403985977 35.326381668448448 29.799051120877266 40.049178496003151 17.846637636423111 52.608425319194794 16.148824855685238 16.559252321720123 39.670211583375931 35.018969938158989 13.341185867786406 19.412251114845276
leaf_count=954 191 627 108 194 131 257 121 306 99 97 243 218 87 115
internal_value=-3.52469e-05 -0.00355894 -0.0190023 0.00224938 0.0282323 0.000177035 0.00215425 0.00688358 -0.00403634 0.00802688 -0.0100611 -0.00457403 -0.00495657 -0.00284695
internal_weight=609.823 543.009 147.789 395.219 66.8148 359.893 319.844 181.259 138.585 46.0493 92.5358 74.6892 29.49 72.0207
internal_count=3748 3426 1062 2364 322 2170 1913 1048 865 283 582 461 186 421
is_linear=0
shrinkage=0.03


Tree=17
num_leaves=15
num_cat=0
split_feature=10 4 2 6 1 27 22 25 2 13 4 5 10 3
split_gain=63.3387 51.789 18.4648 16.6802 15.5597 12.1468 13.5544 13.9502 14.0431 14.5606 13.7545 14.5923 15.4557 11.6769
threshold=30.820000000000004 0.0077750184894556582 0.039276281733690584 1.3669907405974497 0.045347430969504117 -0.21622697553016443 2.5450000000000004 0.025188761069384221 0.024615030701615307 0.63091391123756824 0.014364711655331893 -0.020116764638682814 13.045000000000002 0.009734189468613293
decision_type=2 8 10 8 8 10 2 2 10 2 10 10 2 10
left_child=1 2 -1 -2 5 -3 7 8 9 -7 11 -9 -13 -11
right_child=3 4 -4 -5 -6 6 -8 10 -10 13 -12 12 -14 -15
leaf_value=-0.022753776358000362 0.013178372797618779 -0.0082981755880182431 0.0087645654491683087 0.043450086542395322 0.030504557345025895 -0.023343119674003536 -0.022109307323812565 -0.0085997460155828424 -0.022972118086523122 0.025040218501299578 0.035671551145984665 0.03734621784105896 0.0079759299804372605 -0.0058221652931507752
leaf_weight=127.1694610863924 37.249594584107399 95.161954775452614 18.702796787023544 30.17426386475563 15.7156725525856 12.803477481007574 15.846115320920942 38.483799830079079 24.935544058680534 24.819874748587608 16.310608923435211 17.96640756726265 114.78386236727238 18.717096492648125
leaf_count=954 191 601 108 131 74 85 106 228 150 151 84 103 669 113
internal_value=-3.62386e-05 -0.00346725 -0.0186805 0.0271629 0.0021762 0.000927075 0.00402926 0.00564627 -0.00469483 0.00365402 0.0101289 0.00750291 0.0122004 0.0119393
internal_weight=608.841 541.417 145.872 67.4239 395.544 379.829 284.667 268.821 81.276 56.3404 187.545 171.234 132.75 43.537
internal_count=3748 3426 1062 322 2364 2290 1689 1583 499 349 1084 1000 772 264
is_linear=0
shrinkage=0.03


Tree=18
num_leaves=15
num_cat=0
split_feature=10 0 8 3 5 28 12 9 14 22 13 8 26 28
split_gain=59.2749 26.4549 18.2113 16.1156 15.5505 13.0593 11.754 10.0631 15 9.95449 15.0736 11.0587 11.157 8.74978
threshold=30.820000000000004 0.013957683508747711 0.022463217006435169 0.0069929069314721036 0.01539572008159463 0.014939678375418335 0.12914903282172999 0.003669107189809609 2.7750000000000004 1.655 0.58398785945598919 -0.0083771327192505556 0.012014114363943397 0.0074962566586322778
decision_type=2 10 2 10 10 10 2 2 2 2 2 2 8 8
left_child=1 2 3 -1 -2 -4 9 -8 -9 10 -5 12 -12 -11
right_child=4 -3 5 6 -6 -7 7 8 -10 13 11 -13 -14 -15
leaf_value=-0.015364092096523183 0.010847503586932188 0.019589659716700177 -0.00051811302511784862 -0.033421501608287656 0.039817169363024749 0.029075176495908531 -0.0050059291521938236 0.035483991012562978 -0.0038090420377546565 0.0010775375572788764 0.024913122965666893 -0.0053854439454490161 -0.002937728264204562 -0.022848559716196943
leaf_weight=148.09683687984943 32.910275161266327 40.713747084140778 35.283470556139946 11.98788897693157 35.075500801205635 20.625402018427849 28.267677754163742 19.542030081152916 14.915475219488142 19.090004056692123 25.999949365854263 103.2850448936224 24.505185723304749 47.441282078623772
leaf_count=1056 167 225 211 85 155 117 176 110 92 117 153 626 147 311
internal_value=-3.40167e-05 -0.00337487 -0.00528384 -0.00732237 0.0261542 0.0107182 -0.00324745 0.00818795 0.0188476 -0.00635695 -0.00238623 0.000233248 0.0116052 -0.0160691
internal_weight=607.74 539.754 499.04 443.131 67.9858 55.9089 295.035 62.7252 34.4575 232.309 165.778 153.79 50.5051 66.5313
internal_count=3748 3426 3201 2873 322 328 1817 378 202 1439 1011 926 300 428
is_linear=0
shrinkage=0.03


Tree=19
num_leaves=15
num_cat=0
split_feature=10 0 8 3 6 27 9 28 14 9 3 12 22 13
split_gain=55.4815 24.7992 17.1987 15.424 14.7527 12.3164 11.1301 12.9068 13.8321 10.8591 10.6251 9.22758 8.78353 9.30924
threshold=30.820000000000004 0.013957683508747711 0.022463217006435169 0.0069929069314721036 1.0484858143234834 0.045644221781947943 0.0026569719645918675 0.012232125394030917 3.4250000000000003 0.0047323500440367991 0.0083631010354217449 0.12914903282172999 1.655 0.66469368870598167
decision_type=2 10 2 10 8 8 2 8 2 2 10 2 2 2
left_child=1 2 3 -1 -2 9 -5 8 10 -4 -8 -12 13 -9
right_child=4 -3 5 6 -6 -7 7 12 -10 -11 11 -13 -14 -15
leaf_value=-0.015058558723851565 0.0093147878248204773 0.018834967947843402 0.0057357004505645777 -0.022181290865073092 0.037536384151996394 -0.0092443542221242181 0.031237171579644701 -0.025590388377051302 -0.020715138278918879 0.038145870536200728 0.00036118428748592923 0.024446868247603313 -0.018273720321673088 0.00068615844578002094
leaf_weight=146.6116576641798 30.745023488998413 41.108643144369125 21.679108053445816 24.319691531360149 37.781145140528679 18.653861537575722 16.89561104029417 12.797612585127352 13.969756439328192 15.882291823625563 65.472094148397446 17.332929193973541 43.297556817531586 100.28117696940899
leaf_count=1056 158 225 132 168 164 112 106 87 92 84 389 96 279 600
internal_value=-3.21071e-05 -0.00328372 -0.00514666 -0.00714157 0.0251905 0.0103536 -0.00316081 -0.00137236 0.00628845 0.0200737 0.0102402 0.0056344 -0.0069456 -0.00248593
internal_weight=606.828 538.302 497.193 440.978 68.5262 56.2153 294.366 270.047 113.67 37.5614 99.7006 82.805 156.376 113.079
internal_count=3748 3426 3201 2873 322 328 1817 1649 683 216 591 485 966 687
is_linear=0
shrinkage=0.03


Tree=20
num_leaves=15
num_cat=0
split_feature=10 4 1 2 6 13 3 3 24 13 15 26 0 17
split_gain=61.5909 38.356 23.8492 19.0231 16.0835 15.8171 12.2168 10.5572 7.97798 11.041 9.74428 15.7714 14.0045 8.74507
threshold=25.405000000000005 0.0077750184894556582 0.035651697439512027 0.038577454921904349 0.76541195692943942 2.2913343658790848 0.0095028062716225568 0.017551423116131493 0.11567235132348305 1.0503204346355075 -0.0097816276354025771 0.0003863792074483286 0.0042438064852771138 0.037353220855249551
decision_type=2 8 8 10 8 2 10 8 10 2 2 10 10 2
left_child=1 3 7 -1 6 -6 -2 8 10 -10 11 13 -12 -3
right_child=4 2 -4 -5 5 -7 -8 -9 9 -11 12 -13 -14 -15
leaf_value=-0.022126327139200062 -0.01474981147082405 0.013445762351663008 0.030855382571270129 0.0099022634981692746 0.0054982795819697432 0.038860697951139979 0.015396991686509716 -0.021771951396433446 0.031769671207221697 0.001078926888472433 -0.012082785307685777 0.019443136517072648 0.0092614368119081671 -0.011074139966126733
leaf_weight=116.99354871362448 14.951714172959326 17.315445795655251 21.764998450875282 18.849121153354645 18.101635068655014 45.823696628212929 50.410808429121971 19.478341609239578 15.348954632878302 29.948956921696663 107.45477971434593 41.527752682566643 36.31541733443737 45.245840817689896
leaf_count=909 93 108 104 109 90 203 263 132 91 183 679 245 218 281
internal_value=0.00078635 -0.00426253 0.00120908 -0.0176423 0.0190418 0.0296437 0.00838255 -0.000946631 0.000506383 0.0119399 -0.00162275 0.00533838 -0.00666464 -0.00418286
internal_weight=599.531 470.243 334.4 135.843 129.288 63.9253 65.3625 312.635 293.157 45.2979 247.859 104.089 143.77 62.5613
internal_count=3708 3059 2041 1018 649 293 356 1937 1805 274 1531 634 897 389
is_linear=0
shrinkage=0.03


Tree=21
num_leaves=15
num_cat=0
split_feature=10 4 1 2 2 3 4 3 21 12 2 4 2 27
split_gain=57.7322 36.656 22.2381 18.2926 15.0677 16.4371 10.5075 10.1048 9.28208 8.06844 7.92447 12.8896 11.352 9.4018
threshold=25.405000000000005 0.0077750184894556582 0.035651697439512027 0.038577454921904349 0.011140090434836105 0.0095028062716225568 0.010905636870676654 0.017551423116131493 0.00670820393248795 -0.10936409805999391 -0.029347563333729506 0.010004526927966393 -0.018518271773936442 0.09124716729000372
decision_type=2 8 8 10 10 10 10 8 2 2 10 10 10 10
left_child=1 3 7 -1 5 -2 -6 10 -8 -7 11 -3 -12 -14
right_child=4 2 -4 -5 6 9 8 -9 -10 -11 12 -13 13 -15
leaf_value=-0.021804703763689984 -0.018445783561565215 0.014086936868458064 0.029632751689375559 0.0095703684447869444 0.043983430989887669 0.031931801238346262 0.0017596467989761451 -0.021435910641376232 0.029014316484316457 0.0056714957619687914 0.021380717193091762 -0.015095238109194144 -0.0017440045612260166 0.017955404206585035
leaf_weight=115.19973760843277 15.751189067959784 17.129801660776138 22.020375654101372 18.950815483927727 23.305776506662369 17.112146258354187 18.094039469957352 19.209951758384705 29.317623630166054 26.466744601726532 26.436963334679604 55.029902458190918 170.57943047583103 23.98088064789772
leaf_count=909 95 107 104 109 106 87 85 132 136 140 163 345 1052 138
internal_value=0.000765777 -0.00414938 0.00117618 -0.0173345 0.0183707 0.00704694 0.0276404 -0.000918034 0.0188641 0.0164681 0.00049476 -0.0080699 0.00331503 0.000763481
internal_weight=598.585 468.538 334.387 134.151 130.048 59.3301 70.7174 312.367 47.4117 43.5789 293.157 72.1597 220.997 194.56
internal_count=3708 3059 2041 1018 649 322 327 1937 221 227 1805 452 1353 1190
is_linear=0
shrinkage=0.03


Tree=22
num_leaves=15
num_cat=0
split_feature=10 24 5 13 6 16 12 22 18 8 2 12 3 12
split_gain=54.4907 23.6368 21.2346 17.7334 20.5659 12.5273 12.4619 10.6017 10.0947 9.63981 9.58213 12.4528 7.94223 10.249
threshold=22.430000000000003 -0.28768207245178085 0.041888529948154535 2.1704523265288942 0.77832985500103657 0.13997295736035437 -0.11985672093709597 2.2550000000000003 0.22500000000000003 0.016804398702487514 -0.028721304234192609 -0.26149625808507809 0.0048330187482980005 0.12914903282172999
decision_type=2 10 8 2 8 2 2 2 2 2 10 2 10 2
left_child=1 -1 9 5 -5 6 -2 -8 -6 10 -3 -12 -13 -14
right_child=3 2 -4 4 8 -7 7 -9 -10 -11 11 12 13 -15
leaf_value=-0.019126059215359759 0.017857033608028958 -0.016426986466360406 0.029478489773674468 0.0060097495122580285 0.024796446798232809 0.029377674224437357 -0.016523118924981806 0.011664053942549915 0.053324949204908198 0.0076198782350080088 0.020638606787159702 -0.021450898911663841 -0.0065951632876789434 0.012176874846757644
leaf_weight=86.379733167588711 23.616976410150528 58.894489802420139 17.715688899159431 36.032255962491035 35.315452083945274 14.849156513810156 37.504835523664951 16.612479165196419 18.468224108219147 57.135341361165047 17.676940739154816 22.312182508409023 122.94574292749166 32.215476058423519
leaf_count=624 133 392 88 194 159 76 219 103 82 345 113 168 806 206
internal_value=0.000747646 -0.00525614 -0.00156648 0.0143708 0.0237975 0.00506938 0.000111757 -0.00781582 0.0353871 -0.00342265 -0.00592629 -0.00268969 -0.00511588 -0.00264459
internal_weight=597.675 415.276 328.896 182.399 89.8159 92.5834 77.7343 54.1173 53.7837 311.18 254.045 195.15 177.473 155.161
internal_count=3708 2742 2118 966 435 531 455 322 241 2030 1685 1293 1180 1012
is_linear=0
shrinkage=0.03


Tree=23
num_leaves=15
num_cat=0
split_feature=10 1 13 6 27 16 12 22 22 18 1 23 2 17
split_gain=51.2527 33.6835 16.529 19.1146 12.4423 11.6552 11.6904 11.0368 10.0653 9.34364 7.35113 10.9935 10.3707 10.0864
threshold=22.430000000000003 0.024532952915316545 2.1704523265288942 0.77832985500103657 -0.031352917858011857 0.13997295736035437 -0.11985672093709597 0.10500000000000002 2.2550000000000003 0.22500000000000003 -0.014068687645951259 0.011374540437720184 -0.029347563333729506 0.048275525018268844
decision_type=2 8 2 8 10 2 2 2 2 2 10 10 10 2
left_child=1 7 5 -4 -3 6 -2 -1 -8 -5 11 13 -12 -9
right_child=2 4 3 9 -6 -7 8 10 -10 -11 12 -13 -14 -15
leaf_value=-0.018820872508752223 0.017189881601503174 0.03287192157753533 0.0058174654730526023 0.02390179533021974 0.0018904055054652438 0.028195999282262369 -0.01618123614832179 0.00074509987906513312 0.01126140340667015 0.051216689866999392 -0.022841929930688315 -0.011061493291775035 -0.0053845765325141503 0.030884981389427371
leaf_weight=69.908742368221283 23.833004124462605 24.655209630727768 36.137943506240845 35.571624785661697 21.632637649774551 15.046154171228407 37.174519695341587 25.083930134773254 16.724281489849091 18.689247071743011 35.707229264080524 28.832810811698437 192.19805692136288 15.666457988321779
leaf_count=526 133 126 194 159 114 76 219 162 103 82 241 187 1288 98
internal_value=0.000730575 -0.00511958 0.0138986 0.0229608 0.0187389 0.00491803 0.000111337 -0.00816818 -0.00761602 0.0340665 -0.00561017 0.0028928 -0.00820756 0.0127946
internal_weight=596.862 413.685 183.177 90.3988 46.2878 92.778 77.7318 367.397 53.8988 54.2609 297.488 69.5832 227.905 40.7504
internal_count=3708 2742 966 435 240 531 455 2502 322 241 1976 447 1529 260
is_linear=0
shrinkage=0.03


Tree=24
num_leaves=15
num_cat=0
split_feature=4 1 2 13 11 21 21 14 21 27 0 2 15 28
split_gain=49.2767 27.7419 22.4171 19.931 13.3415 9.79064 9.35886 11.8249 10.0629 10.5712 9.21741 8.50787 11.4221 9.44674
threshold=0.0080371313664307446 0.02880921184699298 0.038577454921904349 1.4200642589915056 -0.020486761186597754 0.020455306476636653 0.1170694778864209 1.0000000000000002 0.0065985303888536325 -0.068035394999522478 0.0044073479114634115 -0.010543783119753678 -0.0063559607332437365 0.0094963457454251797
decision_type=8 8 10 2 2 2 2 2 2 10 10 10 2 10
left_child=2 3 -1 10 -3 -6 7 -5 9 -9 -2 -10 -13 -14
right_child=1 4 -4 6 5 -7 -8 8 11 -11 -12 12 13 -15
leaf_value=-0.018922967574281156 -0.0072313531197573649 0.003397627326521502 0.012440594158887113 0.035487157488263414 0.019024943487225825 0.049446854589170336 -0.008482561422479119 -0.021515169004515659 0.0045121641230754326 0.0076135645972751562 0.0079251484539799473 0.038072290907671051 0.026455469521503915 -0.0061930869471666624
leaf_weight=128.16010265052319 155.22653415799141 18.879921212792397 23.661754876375198 16.874458804726601 22.122976467013359 19.042981028556824 21.281450867652893 15.120339363813398 39.65743450820446 35.854505851864815 46.071818642318249 23.752443209290504 14.829023241996767 15.460986286401747
leaf_count=1014 985 91 132 79 101 84 118 92 227 208 281 127 82 87
internal_value=0.000714048 0.00575857 -0.0139855 0.00276544 0.0245474 0.0339368 0.00990981 0.01237 0.00944857 -0.00127442 -0.00374041 0.015234 0.0228769 0.0101253
internal_weight=595.997 444.175 151.822 384.129 60.0459 41.166 182.831 161.549 144.675 50.9748 201.298 93.6999 54.0425 30.29
internal_count=3708 2562 1146 2286 276 185 1020 902 823 300 1266 523 296 169
is_linear=0
shrinkage=0.03


Tree=25
num_leaves=15
num_cat=0
split_feature=4 4 1 22 26 0 9 24 3 4 27 9 27 15
split_gain=41.9853 22.6879 20.998 14.5434 11.7226 11.9233 10.2118 20.562 12.4133 11.8164 9.69507 9.65623 8.70992 11.7017
threshold=0.0077750184894556582 0.022524006847865225 0.018344068205719658 2.5050000000000003 0.013802719888884154 0.013670546149071374 0.0042922804157118693 -0.049596941139372165 0.009734189468613293 0.010166218642509354 -0.027930238167917395 0.0033448065539564286 -0.03822956296667001 0.012448347111866489
decision_type=8 8 10 2 8 10 2 10 10 10 10 2 10 2
left_child=2 3 -1 4 6 -6 7 10 -9 -8 -2 -10 13 -11
right_child=1 -3 -4 -5 5 -7 9 8 11 12 -12 -13 -14 -15
leaf_value=-0.018596604563857564 -0.023801732865701114 0.029697783924048194 0.013297915027082977 -0.013406792165840628 -0.0044171977948486612 0.022546267797826463 0.033870678344232096 0.027082740635433162 -0.01682120707498656 0.033983866459132227 0.0011208112187459734 0.014076052705777256 0.0014274733876193484 0.002525366609531969
leaf_weight=121.23686072230339 25.33591552823782 29.699793383479118 21.165841668844223 42.814044803380966 139.5060683041811 15.496877819299696 23.761314243078232 32.328979477286339 14.317171737551687 23.040476083755493 29.923964992165565 21.456734582781792 48.092163607478142 19.40340168774128
leaf_count=973 161 142 128 281 838 80 130 191 83 116 176 122 265 104
internal_value=0.000399885 0.00476599 -0.0137963 0.00300148 0.00482007 -0.0015942 0.00899263 0.00296639 0.0139081 0.0154147 -0.0105258 0.00158941 0.0102538 0.0199916
internal_weight=607.58 465.177 142.403 435.477 392.663 155.003 237.66 123.363 68.1029 114.297 55.2599 35.7739 90.536 42.4439
internal_count=3790 2689 1101 2547 2266 918 1348 733 396 615 337 205 485 220
is_linear=0
shrinkage=0.03


Tree=26
num_leaves=15
num_cat=0
split_feature=4 1 1 14 17 14 10 4 5 9 22 18 3 4
split_gain=39.8161 21.4576 20.052 18.2829 13.7123 13.592 13.8408 10.7903 9.80123 9.65072 10.2005 9.23295 9.50779 9.02565
threshold=0.0077750184894556582 0.028179127786541528 0.018344068205719658 2.8350000000000004 0.052147311200787846 2.9350000000000005 22.505000000000006 0.011392961213252008 0.020744883531329746 0.0067844974182751146 0.28500000000000009 0.52500000000000013 0.0073241524824239294 0.011754404970883309
decision_type=8 8 10 2 2 2 2 10 10 2 2 2 10 8
left_child=2 5 -1 4 -3 6 8 -8 11 10 13 -2 -13 -7
right_child=1 3 -4 -5 -6 9 7 -9 -10 -11 -12 12 -14 -15
leaf_value=-0.018282369000891245 0.0085809061647341908 -0.008209216821131295 0.012830336375368356 0.0403203301914015 0.024848908681179768 0.015304586805277642 -0.00058025622832561408 0.024419173294242848 -0.01643998625569883 0.012426464105152531 -0.015592689001876507 0.011968948318572569 -0.017080990561035504 -0.011255778711132852
leaf_weight=119.66228450089693 117.83569896221161 22.338757961988449 21.313228614628315 24.439885139465332 21.097369164228439 22.807638868689537 22.075385451316833 51.112567067146301 22.653166905045509 21.79759593307972 74.684495627880096 14.402644529938696 29.232554592192173 21.333079405128956
leaf_count=973 700 112 128 109 92 140 117 247 136 110 496 94 191 145
internal_value=0.000391038 0.00462152 -0.0135214 0.0200831 0.00804531 0.00194048 0.00603134 0.0169725 0.00161412 -0.00553471 -0.00890576 0.00423257 -0.00743916 0.00250306
internal_weight=606.786 465.811 140.976 67.876 43.4361 397.935 257.312 73.188 184.124 140.623 118.825 161.471 43.6352 44.1407
internal_count=3790 2689 1101 313 204 2376 1485 364 1121 891 781 985 285 285
is_linear=0
shrinkage=0.03


Tree=27
num_leaves=15
num_cat=0
split_feature=4 4 1 22 9 24 28 9 28 7 23 25 4 10
split_gain=37.7535 20.3088 19.1481 13.1921 9.34202 17.3674 14.7761 10.5033 10.2817 14.6337 12.0704 20.133 14.8914 16.5686
threshold=0.0077750184894556582 0.022524006847865225 0.018344068205719658 2.5050000000000003 0.0040861100450417633 0.11567235132348305 0.01003720554717657 0.0035238155845309697 0.0068056404403730566 0.0090274867676281029 0.011374540437720184 0.025396850198400541 0.013101685958494249 21.715000000000003
decision_type=8 8 10 2 2 10 8 2 10 2 8 2 10 2
left_child=2 3 -1 4 5 6 -2 -7 9 -6 11 -10 13 -12
right_child=1 -3 -4 -5 8 7 -8 -9 10 -11 12 -13 -14 -15
leaf_value=-0.017970982442170758 0.005685592228793869 0.027943155272026256 0.012382636103982722 -0.012947088387534833 -0.0073551912545850619 0.0036886307094190114 -0.014469909332128408 0.033800125805076728 -0.006936687703107511 0.023342439362246271 -9.500665975060093e-05 0.03074014289317455 -0.016992010544244256 0.034589617857596434
leaf_weight=118.1244455948472 55.769380256533623 30.015514194965363 21.455252252519131 42.185605242848396 59.194454416632652 26.578421011567116 76.816618166863918 16.461489960551262 16.171169444918633 17.202524989843369 32.747907862067223 54.331448942422867 19.762693017721176 18.938890501856804
leaf_count=973 331 142 128 281 350 155 482 85 94 91 196 279 106 97
internal_value=0.000380908 0.00448192 -0.0132503 0.00280715 0.00452257 -0.000630172 -0.00601284 0.0157114 0.00865109 -0.000230634 0.0133993 0.0221221 0.00460559 0.0130293
internal_weight=605.756 466.176 139.58 436.161 393.975 175.626 132.586 43.0399 218.349 76.397 141.952 70.5026 71.4495 51.6868
internal_count=3790 2689 1101 2547 2266 1053 813 240 1213 441 772 373 399 293
is_linear=0
shrinkage=0.03


Tree=28
num_leaves=15
num_cat=0
split_feature=4 1 1 14 14 10 17 4 6 0 15 4 14 9
split_gain=35.8018 19.3541 18.2841 16.8694 12.4757 12.4295 12.4225 9.90961 9.62136 9.20059 10.3691 8.60567 12.0304 11.4194
threshold=0.0077750184894556582 0.028179127786541528 0.018344068205719658 2.8350000000000004 2.9350000000000005 22.505000000000006 0.052147311200787846 0.011392961213252008 1.7251892866556779 -0.0082349151139012849 0.0037951256282867667 0.010065548838587646 2.2550000000000003 0.0034133455636221866
decision_type=8 8 10 2 2 2 2 10 10 10 2 10 2 2
left_child=2 4 -1 6 5 8 -3 -7 11 10 -6 13 -13 -2
right_child=1 3 -4 -5 9 7 -8 -9 -10 -11 -12 12 -14 -15
leaf_value=-0.017662423895253791 -0.0011534652528917637 -0.0081063429525192361 0.011953702555768652 0.038278860457890994 0.025715486385590167 -0.00081434009197249785 0.023292980629834318 0.023066539928737799 -0.019969670724814797 -0.009268768095689571 -0.0095598415363126396 0.0063031976008462989 -0.014306673950670243 0.024389896813091987
leaf_weight=116.62282462418079 29.480798497796059 22.288930878043175 21.592130310833454 24.726864069700241 15.259459733963014 22.126716122031212 21.310435444116592 51.791951328516006 16.078116543591022 111.50371295958757 13.169540479779242 66.12424174696207 40.11069605499506 32.612719938158989
leaf_count=973 182 112 128 109 92 117 92 247 100 719 80 393 250 196
internal_value=0.000372354 0.00434792 -0.0129831 0.0189781 0.00179667 0.00569726 0.00741913 0.0160026 0.00150236 -0.00539342 0.00960486 0.00365911 -0.00153924 0.0124363
internal_weight=604.799 466.584 138.215 68.3262 398.258 258.325 43.5994 73.9187 184.407 139.933 28.429 168.328 106.235 62.0935
internal_count=3790 2689 1101 313 2376 1485 204 364 1121 891 172 1021 643 378
is_linear=0
shrinkage=0.03


Tree=29
num_leaves=15
num_cat=0
split_feature=4 6 1 19 24 24 9 28 27 23 1 19 28 4
split_gain=33.9462 18.54 17.4582 10.4039 9.66418 11.0079 10.7442 12.11 11.6614 10.3544 10.2824 12.2095 9.82511 9.4835
threshold=0.0077750184894556582 2.287480193559666 0.018344068205719658 0.21376610106842145 0.11811559303478882 0.014440872377333188 0.0041217582737059387 0.0078176878773362855 0.021562709210166012 -0.041759903168034261 -0.022723949495823011 -0.013406018812390117 0.01003720554717657 0.013101685958494249
decision_type=8 8 10 2 10 8 2 10 8 10 8 2 10 10
left_child=2 3 -1 4 5 6 8 9 -2 -8 -6 -12 -10 -11
right_child=1 -3 -4 -5 10 -7 7 -9 12 13 11 -13 -14 -15
leaf_value=-0.01735667896412018 -0.013542900921928443 0.022763333073255444 0.011542507922587689 0.019853577069448528 -0.010687421655355408 -0.0079691062678538382 -0.02069481613111309 0.01942455746201651 0.025689666854888122 -0.0029472224071801574 -0.0040683357624186865 0.026649168344105165 -0.0049795185497667951 0.025972623017680638
leaf_weight=115.15688593685627 52.056017987430096 42.968751832842827 21.724071025848389 27.329739049077034 14.398328706622122 127.47004014253616 15.175592854619024 54.354186221957207 15.495916485786436 28.251186743378639 16.466606318950653 36.897359311580658 21.246775090694427 14.823435559868811
leaf_count=973 325 204 128 147 79 786 84 294 94 170 93 206 124 83
internal_value=0.000363318 0.00421757 -0.0127197 0.00228882 0.00103166 -0.0011037 0.00325939 0.0093768 -0.00451606 -0.000168515 0.0112606 0.0172701 0.0082929 0.00736856
internal_weight=603.815 466.934 136.881 423.965 396.635 328.873 201.403 112.604 88.7987 58.2502 67.7623 53.364 36.7427 43.0746
internal_count=3790 2689 1101 2485 2338 1960 1174 631 543 337 378 299 218 253
is_linear=0
shrinkage=0.03


Tree=30
num_leaves=15
num_cat=0
split_feature=10 4 2 26 0 2 25 1 12 12 12 25 23 26
split_gain=30.9662 22.4448 15.6009 13.9598 16.6466 13.7067 12.6861 11.9283 11.4731 11.3823 9.61389 13.0868 9.17774 9.13739
threshold=30.525000000000002 0.0077750184894556582 0.038577454921904349 -0.078020988484669193 0.0057985662690536186 0.058518263806858546 0.02497893849668258 -0.0040512271433826288 -0.060914356358024994 0.0092935593875977957 0.045648513095158945 0.036888880081729351 0.040990033506881386 0.012014114363943397
decision_type=2 8 10 10 10 10 2 10 2 2 2 2 10 10
left_child=1 2 -1 4 -3 9 7 8 -5 -2 11 13 -13 -8
right_child=5 3 -4 6 -6 -7 10 -9 -10 -11 -12 12 -14 -15
leaf_value=-0.017633360006064899 0.024826254190749228 -0.015186464656468585 0.011178224240422479 -0.01060043086638808 0.013908520649629852 0.036220837863314065 0.031421538713199609 -0.014221374113429356 0.027242091237435647 -0.0033068967238766406 -0.0009216383475928394 0.010095965409131586 -0.012937681449904833 0.008081154300617524
leaf_weight=108.53042853623629 21.874660044908524 76.068552106618881 19.296829700469971 12.600388303399088 22.11877366900444 24.263387024402618 39.303704366087914 51.500789992511272 14.654966920614241 29.343025326728821 70.607897952198982 62.07485343515873 19.735978573560715 25.560387641191483
leaf_count=943 102 504 110 80 126 99 220 316 88 139 395 363 113 146
internal_value=0.000248101 -0.00235944 -0.0132309 0.00119018 -0.00855806 0.0180778 0.00444131 -0.00582186 0.00999117 0.00895388 0.00817092 0.0125246 0.00445022 0.0224863
internal_weight=597.535 522.054 127.827 394.226 98.1873 75.4811 296.039 78.7561 27.2554 51.2177 217.283 146.675 81.8108 64.8641
internal_count=3744 3404 1053 2351 630 340 1721 484 168 241 1237 842 476 366
is_linear=0
shrinkage=0.03


Tree=31
num_leaves=15
num_cat=0
split_feature=10 8 4 28 6 27 6 16 8 1 25 2 24 1
split_gain=29.2563 22.5261 18.7084 12.8648 11.6278 11.4583 13.4138 11.1358 10.7936 10.6505 10.0903 8.57342 7.96182 10.8205
threshold=25.405000000000005 0.027048918985706386 0.0077750184894556582 0.028189647432248569 0.76541195692943942 -0.061008688296814377 -1.4582324105438209 0.090684040978148098 1.0000000180025095e-35 0.0031919681782217606 0.047578190170850944 0.039276281733690584 -0.15843817318458567 0.0031919681782217606
decision_type=2 2 8 10 8 10 10 2 2 8 2 10 10 10
left_child=1 2 7 5 12 6 -4 11 -6 -3 -10 -1 -2 -14
right_child=4 9 3 -5 8 -7 -8 -9 10 -11 -12 -13 13 -15
leaf_value=-0.021609578837661424 -0.015292840132199153 -0.00023566130303691009 0.011056353582037904 0.016878488909900641 0.039928582989935901 0.00084486781345442254 -0.01739908945961828 0.010622983520005335 -0.0045867423851409361 0.033616926324911409 0.023681253058040305 0.0075776648495786292 0.017990862652209498 -0.0091696848433347657
leaf_weight=92.61760301887989 14.525378197431563 14.062869891524313 17.753480762243271 30.069683387875557 19.012740522623062 186.66666164249182 76.093706071376801 12.355822421610354 17.782941862940788 19.591429054737091 29.16312450170517 9.5358843654394132 38.141906790435314 19.160885840654373
leaf_count=825 77 85 112 161 83 1120 519 89 84 105 122 56 202 104
internal_value=0.000243378 -0.00340122 -0.00528611 -0.00144761 0.0123148 -0.00346506 -0.0119562 -0.0155946 0.021315 0.0198726 0.0131011 -0.0188379 0.00387076 0.00890742
internal_weight=596.534 458.747 425.093 310.584 137.787 280.514 93.8472 114.509 65.9588 33.6543 46.9461 102.153 71.8282 57.3028
internal_count=3744 3072 2882 1912 672 1751 631 970 289 190 206 881 383 306
is_linear=0
shrinkage=0.03


Tree=32
num_leaves=15
num_cat=0
split_feature=10 1 4 5 21 3 2 12 17 20 11 22 4 27
split_gain=27.5219 17.0754 14.5814 13.7508 12.0243 10.9771 9.08475 11.192 10.079 9.18849 8.74836 8.01103 7.49941 7.28108
threshold=25.405000000000005 0.046836353877229515 0.0077750184894556582 0.009951387784097392 0.011821033884779656 0.017034865809116968 0.011140090434836105 -0.0034321739123446267 0.053918797920157135 0.048365567878480571 -0.0087441877209961643 2.4850000000000008 0.014860130181670291 0.21018690141646348
decision_type=2 8 8 10 2 10 10 2 2 2 2 2 8 8
left_child=1 2 3 -1 -5 11 7 -2 -9 10 -8 12 13 -4
right_child=6 -3 5 4 -6 -7 9 8 -10 -11 -12 -13 -14 -15
leaf_value=-0.019517202887869158 0.016431159787291469 0.029645546155972674 0.0028604402540105983 0.015628315592636582 -0.019898849311672743 -0.021330255299025082 0.0091121870645508724 0.0099143752919067987 -0.022668965445643088 0.0010917698686330496 0.034075677468964879 -0.01423324858114846 0.021365304480580816 -0.011660752706093005
leaf_weight=86.256080389022827 29.906768806278706 12.743137061595915 222.02129451930523 22.411470957100391 12.542282752692698 21.218384198844433 21.003061324357986 14.408339612185953 18.518949493765831 19.549630910158157 34.747587189078331 28.890838615596294 16.093342147767544 35.112516619265079
leaf_count=783 153 56 1313 143 96 150 94 77 106 90 152 202 89 240
internal_value=0.000239242 -0.00330902 -0.0043181 -0.0131461 0.00268139 -0.000978377 0.011925 0.00341704 -0.00853915 0.0188866 0.0249974 0.000516633 0.00212249 0.000840029
internal_weight=595.424 457.289 444.546 121.21 34.9538 323.336 138.134 62.8341 32.9273 75.3003 55.7506 302.118 273.227 257.134
internal_count=3744 3072 3016 1022 239 1994 672 336 183 336 246 1844 1642 1553
is_linear=0
shrinkage=0.03


Tree=33
num_leaves=15
num_cat=0
split_feature=2 4 20 28 28 22 23 13 7 22 9 24 20 24
split_gain=26.2916 23.6348 17.01 10.8845 31.3318 10.5378 8.84516 9.75552 8.059 9.28109 8.80584 8.23899 7.18138 9.23318
threshold=0.066453010509137891 0.0080371313664307446 0.0052083804291278577 0.014939678375418335 0.017099247117798876 1.3650000000000004 -0.1718502569266592 0.52819372383149443 0.0076513138094194142 2.5350000000000006 0.0044317148735290397 -0.027324308317745013 -0.14265767941932847 0.14153108555642768
decision_type=10 8 2 10 10 2 8 2 2 2 2 10 2 10
left_child=1 3 5 -1 -5 -2 -3 -8 9 12 11 -10 -9 -14
right_child=2 6 -4 4 -6 -7 7 8 10 -11 -12 -13 13 -15
leaf_value=-0.017913248032610057 0.011545272273287506 0.022044187142932648 -0.0040622749264289642 0.034552294747091698 -0.020354545749246722 0.043430609553260731 -0.021315742366707784 -0.01189443907443986 -0.017133942362511607 -0.016993596648333706 0.017863899793834199 0.011893937670779368 0.00040855985061699537 0.016715270103611075
leaf_weight=97.453123442828655 17.174377880990505 17.520766235888004 18.976070210337639 14.333429075777529 22.986458957195282 22.258742272853851 16.135545641183853 31.902956783771515 15.751135036349295 26.938354581594467 49.787403613328934 17.558882191777229 189.09984008967876 36.45060870051384
leaf_count=824 80 95 93 110 191 99 112 184 92 191 268 97 1106 202
internal_value=0.000232328 -0.00186343 0.0191691 -0.0126833 0.00108486 0.0301725 0.00179421 0.000814452 0.00184134 -0.000569292 0.0100001 -0.00193165 0.00120835 0.00310599
internal_weight=594.328 535.919 58.4092 134.773 37.3199 39.4331 401.145 383.625 367.489 284.392 83.0974 33.31 257.453 225.55
internal_count=3744 3472 272 1125 301 179 2347 2252 2140 1683 457 189 1492 1308
is_linear=0
shrinkage=0.03


Tree=34
num_leaves=15
num_cat=0
split_feature=10 4 5 26 0 21 2 25 1 12 12 25 4 23
split_gain=25.3219 18.4322 14.2914 12.2711 15.3523 11.9762 11.8583 11.6257 11.217 10.1158 8.85648 11.7866 8.76085 8.67997
threshold=30.525000000000002 0.0077750184894556582 0.009951387784097392 -0.078020988484669193 0.0057985662690536186 0.011821033884779656 0.058518263806858546 0.02497893849668258 -0.0040512271433826288 0.0092935593875977957 0.045648513095158945 0.036888880081729351 0.010478531111538894 0.040990033506881386
decision_type=2 8 10 10 10 2 10 2 10 2 2 2 10 10
left_child=1 2 -1 4 -3 -4 9 8 12 -2 11 -9 -5 -13
right_child=6 3 5 7 -6 -7 -8 10 -10 -11 -12 13 -14 -15
leaf_value=-0.018794457227414563 0.022639775592899543 -0.014682487204682364 0.016310863927799256 0.024953372619915048 0.013271578149013679 -0.018462442982954824 0.033133839314105719 0.021086226045296613 -0.014023089427333092 -0.0037259364325614506 -0.0011487926587305866 0.009514546209364403 -0.0079512647027986764 -0.012884425962675063
leaf_weight=86.773127697408199 22.282048776745796 74.724543169140816 23.069794550538063 14.284712657332422 22.213634684681892 13.181695632636545 24.345242857933044 65.876204960048199 51.141670115292072 29.396284267306328 70.73390956223011 62.566318526864052 13.201695688068865 19.679032772779465
leaf_count=806 102 504 145 85 126 102 99 366 316 139 395 363 83 113
internal_value=0.000226139 -0.00215875 -0.0122466 0.00101077 -0.00820664 0.00351047 0.0162759 0.00403179 -0.00581081 0.00785609 0.00757828 0.0117256 0.00942498 0.0040647
internal_weight=593.47 517.446 123.025 394.422 96.9382 36.2515 76.0236 297.484 78.6281 51.6783 218.855 148.122 27.4864 82.2454
internal_count=3744 3404 1053 2351 630 247 340 1721 484 241 1237 842 168 476
is_linear=0
shrinkage=0.03


Tree=35
num_leaves=15
num_cat=0
split_feature=4 4 25 5 9 24 22 11 16 10 25 0 15 10
split_gain=33.9842 34.7586 23.0342 16.0947 15.8337 19.4803 14.1423 9.91114 9.50608 9.1548 11.2427 12.2164 8.17097 8.08948
threshold=0.0091452391152943239 0.010065548838587646 0.024836306192007617 0.037498898132824539 0.0034133455636221866 0.3020337752531283 2.2750000000000004 0.045644365982486564 0.1239118630854925 21.715000000000003 0.037902228791568654 0.0022220652306410575 -0.0071307214285597489 13.255000000000001
decision_type=8 10 2 10 2 8 2 2 2 2 2 10 2 2
left_child=3 4 13 8 -2 -6 9 -8 -1 10 11 12 -4 -3
right_child=1 2 6 -5 5 -7 7 -9 -10 -11 -12 -13 -14 -15
leaf_value=-0.01484871012552509 -0.00061091115614817382 -0.031764463984696407 0.012726802607027464 0.021892864409229457 0.044171910122249899 0.0024278169893593416 -0.018594352160091514 0.0087620862941726937 0.013094195072088453 0.01339138481939991 -0.011945019458135361 0.028681342593083334 -0.014339432847892962 -0.008686303372986242
leaf_weight=188.88185769319534 18.200260236859322 20.583937585353851 19.125455185770988 11.557178169488905 33.952276661992073 14.298147007822989 36.649012111127377 16.724144443869591 10.881257414817808 103.09301060438156 38.004559591412544 17.89631113409996 19.031369373202324 40.462379336357117
leaf_count=1481 107 150 106 55 173 83 248 98 68 491 223 94 113 247
internal_value=-0.00164532 0.00374045 -0.000485044 -0.0112519 0.0232662 0.0321023 0.00355492 -0.0100189 -0.013269 0.00726167 0.000472929 0.00895421 -0.00079439 -0.0168545
internal_weight=589.341 378.021 311.57 211.32 66.4507 48.2504 250.524 53.3732 199.763 197.151 94.0577 56.0531 38.1568 61.0463
internal_count=3737 2133 1770 1604 363 256 1373 346 1549 1027 536 313 219 397
is_linear=0
shrinkage=0.03


Tree=36
num_leaves=15
num_cat=0
split_feature=4 4 25 23 2 22 24 28 16 11 10 25 15 10
split_gain=32.1923 32.4639 21.9125 18.4627 15.9937 13.3374 11.158 10.0256 9.82037 9.4603 8.54801 10.621 9.86292 7.93446
threshold=0.0091452391152943239 0.010065548838587646 0.024836306192007617 0.12269894978613012 0.038577454921904349 2.2750000000000004 -0.05315693068870652 0.0080974571832537461 0.11057587297189693 0.045644365982486564 21.715000000000003 0.037902228791568654 -0.027372214039321659 13.255000000000001
decision_type=8 10 2 8 10 2 10 10 2 2 2 2 2 2
left_child=4 3 13 7 8 10 -6 -2 -1 -7 11 12 -4 -3
right_child=1 2 5 -5 6 9 -8 -9 -10 -11 -12 -13 -14 -15
leaf_value=-0.01657196691350999 0.042028046332904197 -0.031491955442421608 0.027262272861774375 -0.0053129924924748195 -0.011268128598401234 -0.018259797571279209 0.021160941898702743 0.014105504229293592 0.0133486863802025 0.0084787018962603124 0.012932447329608427 -0.011670631631750897 0.00032111692848141716 -0.0084730671691064883
leaf_weight=163.04499811679125 30.119551226496696 20.154355846345425 16.723402217030525 16.134271234273911 16.372949123382568 36.225669384002686 20.416753560304642 20.723141103982925 9.7810068726539594 16.796918548643589 103.57691422104836 37.758430689573288 39.53298419713974 40.264459036290646
leaf_count=1331 157 150 90 91 100 248 107 115 66 98 491 223 223 247
internal_value=-0.00160084 0.00362762 -0.000475497 0.0224087 -0.011002 0.00344757 0.00681239 0.0311386 -0.0148116 -0.00978921 0.00703099 0.000461619 0.00866621 -0.0165394
internal_weight=587.626 378.01 311.033 66.977 209.616 250.614 36.7897 50.8427 172.826 53.0226 197.592 94.0148 56.2564 60.4188
internal_count=3737 2133 1770 363 1604 1373 207 272 1397 346 1027 536 313 397
is_linear=0
shrinkage=0.03


Tree=37
num_leaves=15
num_cat=0
split_feature=6 22 13 19 3 13 24 8 3 21 24 23 21 8
split_gain=24.6404 19.8584 18.0535 10.4796 10.209 9.22325 10.8055 9.20843 15.3399 8.30606 10.8543 9.24303 16.8104 9.89904
threshold=2.2183088372901469 1.3550000000000002 1.4254857895673314 0.1177830356563835 0.0068922478738402014 1.7467709071839794 -0.066383871169612682 0.016184006726518877 0.0090012232265701993 0.00670820393248795 -0.036927622401532793 -0.0083508156148304601 0.021160409169829818 0.0063515192291974118
decision_type=8 2 2 2 10 2 10 2 10 2 10 10 2 2
left_child=2 -2 3 7 -4 6 -6 -1 -9 10 -7 12 -11 -13
right_child=1 -3 4 -5 5 9 -8 8 -10 11 -12 13 -14 -15
leaf_value=-0.012558455763716597 -0.0034394255725393214 0.031982974208627481 -0.014358917141392402 0.010190509406572139 0.032163075231727851 -0.023486291353526777 0.0054076022632951705 0.019997558256239095 -0.013973481413693716 0.036809106029436316 0.0035738133096116869 0.0078433104514190697 0.0012506874689198766 -0.021348845316843858
leaf_weight=228.82432571798563 24.426326163113117 32.583943381905556 26.765485249459743 24.17507441341877 20.182322472333908 23.03758392482996 39.334738537669182 21.661234885454178 24.357925616204739 18.488601818680763 29.475039683282375 24.866826966404915 31.188423916697502 16.599584355950356
leaf_count=1680 134 149 213 161 112 125 229 154 141 87 157 139 170 86
internal_value=-0.00155776 0.0170084 -0.00358711 -0.00843568 0.00272733 0.00503753 0.014862 -0.010105 0.00210193 0.000892633 -0.00851466 0.00634626 0.0149499 -0.00407026
internal_weight=585.967 57.0103 528.957 299.019 229.939 203.173 59.5171 274.843 46.0192 143.656 52.5126 91.1434 49.677 41.4664
internal_count=3737 283 3454 2136 1318 1105 341 1975 295 764 282 482 257 225
is_linear=0
shrinkage=0.03


Tree=38
num_leaves=15
num_cat=0
split_feature=4 4 10 2 14 9 18 9 28 18 16 11 9 12
split_gain=30.1371 29.8376 18.7917 14.9477 14.2842 14.1512 13.1491 10.9917 9.59799 7.57921 7.05058 6.07943 5.56123 5.51023
threshold=0.0091452391152943239 0.010065548838587646 21.635000000000002 0.032586384576802026 2.1350000000000002 0.0034133455636221866 2.1950000000000007 0.003129696039269964 0.025006890296763184 0.38500000000000006 0.10871835042579732 -0.10455566443156593 0.0040252951707274789 -0.0050414891094596728
decision_type=8 10 2 10 2 2 2 2 10 2 2 2 2 2
left_child=3 5 4 10 12 -2 -7 -5 -6 11 -1 -4 -3 -13
right_child=1 2 9 7 8 6 -8 -9 -10 -11 -12 13 -14 -15
leaf_value=-0.01652300429294393 -0.0010250746911166576 -0.0080473279105423134 -0.0094479512788191791 -0.013032636276462303 -0.017213177729289576 0.040610230673230267 0.007482633657786294 0.016545569242814397 0.0093493793723879171 0.020231945878865811 0.0084741909880115054 0.014188910212417586 0.010973017555095091 -0.00071897476088777839
leaf_weight=152.01185772567987 18.351498991250992 20.243250533938408 23.800314158201218 18.153410285711288 93.143605664372444 32.398019030690193 16.70791694521904 26.742545031011105 13.428020864725111 31.572063006460667 10.282969951629637 47.625744879245758 39.119619846343994 41.06793475151062
leaf_count=1271 107 124 122 114 630 158 98 149 70 162 70 241 219 202
internal_value=-0.00151318 0.0035328 -0.000424279 -0.0106787 -0.00728631 0.0214581 0.0297131 0.00456242 -0.0138105 0.00747511 -0.014897 0.00374811 0.00446105 0.00735504
internal_weight=584.649 377.458 310.001 207.191 165.934 67.4574 49.1059 44.896 106.572 144.066 162.295 112.494 59.3629 88.6937
internal_count=3737 2133 1770 1604 1043 363 256 263 700 727 1341 565 343 443
is_linear=0
shrinkage=0.03


Tree=39
num_leaves=15
num_cat=0
split_feature=4 4 25 23 9 5 22 11 16 10 5 15 27 8
split_gain=28.5739 27.9229 20.146 16.525 15.5866 13.9112 12.0739 8.95079 8.17805 7.68936 7.53298 10.9043 10.2078 7.49517
threshold=0.0091452391152943239 0.010065548838587646 0.024836306192007617 0.12269894978613012 0.0034257314133153715 0.037498898132824539 2.2750000000000004 0.045644365982486564 0.1239118630854925 13.255000000000001 -0.0097551622759972888 -0.029734074731969203 -0.041034046304232678 -0.023152891350457946
decision_type=8 10 2 8 2 10 2 2 2 2 10 2 10 2
left_child=5 3 9 4 -2 8 10 -8 -1 -3 13 12 -12 -4
right_child=1 2 6 -5 -6 -7 7 -9 -10 -11 11 -13 -14 -15
leaf_value=-0.013913200711998735 0.003427041661418208 -0.031034976418842633 0.013775765887515095 -0.0055557448136943225 0.039407400836509343 0.020127124101830103 -0.017737509793118764 0.008338521284234587 0.011799300209196834 -0.0080802040985765017 0.040332863415751416 0.0051082734429596767 0.0092840749329928651 -0.0071954215114663151
leaf_weight=182.72719407826662 15.583592668175696 19.410385102033615 20.737274393439293 16.124072581529617 36.160209164023399 11.726641580462454 35.551376283168793 16.807735919952393 11.112829335033892 39.856529645621777 17.724489450454712 87.394008368253708 21.02100981771946 51.132334277033806
leaf_count=1481 91 150 111 91 181 55 248 98 68 247 80 448 103 285
internal_value=-0.00147063 0.00342985 -0.000411653 0.0207075 0.0288417 -0.0104429 0.00332457 -0.00936748 -0.0123861 -0.0159883 0.0067109 0.0110996 0.024145 -0.00103838
internal_weight=583.07 377.503 309.635 67.8679 51.7438 205.567 250.368 52.3591 193.84 59.2669 198.009 126.14 38.7455 71.8696
internal_count=3737 2133 1770 363 272 1604 1373 346 1549 397 1027 631 183 396
is_linear=0
shrinkage=0.03


Tree=40
num_leaves=15
num_cat=0
split_feature=10 4 8 24 21 25 1 21 10 27 2 7 24 7
split_gain=18.8111 17.0361 13.4188 8.31079 11.5863 8.44596 9.74788 9.56739 11.5136 9.05212 7.97635 7.5817 7.50046 7.21567
threshold=30.820000000000004 0.0077750184894556582 0.026052789133074409 0.19791931495927503 0.07045621620851733 0.025188761069384221 -0.010883714090443973 0.013817319185527383 14.735000000000001 -0.21622697553016443 0.045009361458267401 0.0012280024441078121 1.0000000180025095e-35 0.0043013585901996452
decision_type=2 8 2 10 2 2 8 2 2 10 10 2 8 2
left_child=1 2 10 5 -5 6 -3 8 -7 12 11 -1 -9 -8
right_child=-2 3 -4 4 -6 7 13 9 -10 -11 -12 -13 -14 -15
leaf_value=-0.024744371683084385 0.014458783422177015 0.0094919109686658464 0.020772206787333537 0.026314236143095634 -0.0070240903518138326 0.016966351760648177 -0.006726928213121504 0.007693447913362462 -0.0058063411114656661 0.014510153026998455 0.0084029943797325791 -0.0077281123470770976 -0.020806790224625872 -0.027921984712694629
leaf_weight=54.293354079127312 73.949404269456863 20.766189120709896 9.7257087752222997 24.878546014428139 14.167452737689016 22.618436425924301 45.640385925769806 19.296402916312218 129.19304241985083 80.447609335184097 11.561112999916075 43.299633264541626 13.131398759782313 20.822800561785698
leaf_count=529 329 135 64 134 88 132 303 122 778 434 65 413 89 136
internal_value=0.000424324 -0.00163561 -0.0115299 0.0013947 0.0143444 -7.86835e-05 -0.00812065 0.00259219 -0.00232461 0.00916737 -0.0145705 -0.0173496 -0.0041247 -0.0136828
internal_weight=583.791 509.842 118.88 390.962 39.046 351.916 87.2294 264.687 151.811 112.875 109.154 97.593 32.4278 66.4632
internal_count=3751 3422 1071 2351 222 2129 574 1555 910 645 1007 942 211 439
is_linear=0
shrinkage=0.03


Tree=41
num_leaves=15
num_cat=0
split_feature=3 0 24 4 9 9 26 27 15 6 20 25 26 4
split_gain=18.3124 13.352 10.1982 17.033 11.9807 10.0318 9.0031 8.19635 7.54302 7.30822 7.1014 6.53473 6.41259 9.34202
threshold=0.0048330187482980005 0.027825811044146224 -0.28768207245178085 0.022524006847865225 0.0043664923728426305 0.0027155492887840833 0.013802719888884154 0.078328791293553759 0.016807118316381212 2.287480193559666 0.040474601970195319 0.032957305946782332 -0.00074439793496994245 0.0096147881252022557
decision_type=8 10 10 8 2 2 8 10 2 10 2 2 10 10
left_child=-1 2 4 5 -2 -4 9 -8 10 12 -6 -9 -7 -14
right_child=1 -3 3 -5 8 6 7 11 -10 -11 -12 -13 13 -15
leaf_value=-0.01938041048765465 -0.018770817161782676 0.030440139424228501 -0.012957389784546658 0.031258780090207577 -0.019987934463324652 0.0011137982299974276 -0.0056403429496756519 -0.00014359604433367438 0.016797000811860228 0.026236120248103265 0.0081804896846265508 0.025222743002395607 0.025845718218903795 0.0045940303725641547
leaf_weight=38.254787847399712 45.334172777831554 13.301483154296873 36.973953053355217 17.39525631070137 16.026910044252876 118.98928777873516 128.38053915649652 22.290451407432556 18.972159184515476 15.851207688450812 14.48990375548601 14.479866728186606 27.716955102980137 54.547742299735546
leaf_count=351 371 62 292 76 107 718 818 138 108 72 80 80 175 303
internal_value=0.000411233 0.00183406 0.00106226 0.00300136 -0.00780475 0.00175727 0.00321065 -0.00206228 0.00241349 0.00721282 -0.0067779 0.0102488 0.00559219 0.0119786
internal_weight=583.005 544.75 531.448 436.625 94.8231 419.23 382.256 165.151 49.489 217.105 30.5168 36.7703 201.254 82.2647
internal_count=3751 3400 3338 2672 666 2596 2304 1036 295 1268 187 218 1196 478
is_linear=0
shrinkage=0.03


Tree=42
num_leaves=15
num_cat=0
split_feature=3 10 8 4 24 22 14 13 9 27 13 3 19 6
split_gain=17.4859 15.0917 13.9899 11.9611 10.3071 9.70192 12.9858 17.938 9.53478 10.7526 8.97993 9.90462 8.96365 7.99532
threshold=0.0048330187482980005 21.555000000000003 0.026052789133074409 0.0071422187769995798 -0.28768207245178085 2.5550000000000002 2.7250000000000005 1.4916485082977049 0.0040543355851077349 -0.032851181469694339 0.69080690900819086 0.009734189468613293 0.15763501448530509 -1.058977340920076
decision_type=8 2 2 10 10 2 2 2 2 8 2 10 2 10
left_child=-1 2 4 -3 -2 6 8 -8 10 -10 -6 -12 13 -5
right_child=1 3 -4 12 5 -7 7 -9 9 -11 11 -13 -14 -15
leaf_value=-0.019079884588193666 -0.015317771557456537 0.032227677519902402 0.017163136796904652 -0.0096451203210565252 -0.025278249590302542 -0.019758447941414164 0.025657778585529218 -0.01389851378758453 0.018389302685318108 -0.0039360478658007295 0.0043059250181568393 -0.017616800537554659 0.025850387088863759 0.0068804886086980118
leaf_weight=37.715593382716179 57.838431224226952 16.130284793674946 29.881526991724968 31.468586578965187 23.267320856451988 22.408837512135506 34.217736944556236 13.847481913864611 29.957422517240047 51.358145326375961 46.939312323927879 29.351135961711407 17.471118308603764 140.30239280313253
leaf_count=351 473 85 165 198 196 178 221 99 163 305 334 189 82 712
internal_value=0.000402825 0.00178498 -0.00210259 0.0081824 -0.00401387 -0.0013623 0.000516442 0.0142107 -0.00318079 0.0044123 -0.00936479 -0.00424718 0.00597424 0.00381468
internal_weight=582.155 544.44 339.067 205.372 309.186 251.347 228.939 48.0652 180.873 81.3156 99.5578 76.2904 189.242 171.771
internal_count=3751 3400 2323 1077 2158 1685 1507 320 1187 468 719 523 992 910
is_linear=0
shrinkage=0.03


Tree=43
num_leaves=15
num_cat=0
split_feature=10 22 1 11 0 7 22 0 27 13 5 22 18 17
split_gain=16.2274 12.4604 11.2939 10.3912 8.71104 8.53095 11.226 7.34144 7.32943 6.82029 6.79481 8.0807 6.13013 8.59118
threshold=21.555000000000003 -0.054999999999999993 0.025285161440028795 0.049788433204315037 -0.017851943971179059 0.0088557469131345119 0.48500000000000004 -0.006696135072255526 -0.010938265030586701 2.4102377490078255 0.020744883531329746 2.5950000000000002 0.13500000000000004 0.035183728296502716
decision_type=2 2 8 2 10 2 2 10 8 2 8 2 2 2
left_child=1 -1 4 -4 -3 6 8 -8 -2 -7 11 12 13 -6
right_child=5 2 3 -5 10 9 7 -9 -10 -11 -12 -13 -14 -15
leaf_value=-0.019128266677120608 0.0020872117531597939 0.021157812791263397 -0.00047738532431293164 0.028445153173553926 -0.014535866527087295 0.0066500946871796331 0.011584410135033437 -0.0058934600279781308 0.026577414126200724 0.028389527698804498 -0.017790263888553259 -0.021419691943829273 -0.005326362461498195 0.0091736591336198381
leaf_weight=39.335136212408543 19.450803324580193 11.241212375462053 24.866599701344967 19.263863801956177 16.006474301218987 27.427105322480202 27.845867604017258 85.582504726946354 24.871000811457634 25.132319197058678 30.76242695748806 18.766541220247746 138.68439584225416 72.032719120383263
leaf_count=358 95 70 126 93 126 144 149 491 129 113 198 149 1047 463
internal_value=0.000389705 -0.00338256 -0.00146301 0.0124984 -0.003642 0.00702802 0.00349078 -0.00153903 0.016113 0.0173812 -0.00472382 -0.00302093 -0.00141064 0.00474817
internal_weight=581.269 370.959 331.624 44.1305 287.494 210.31 157.75 113.428 44.3218 52.5594 276.253 245.49 226.724 88.0392
internal_count=3751 2630 2272 219 2053 1121 864 640 224 257 1983 1785 1636 589
is_linear=0
shrinkage=0.03


Tree=44
num_leaves=15
num_cat=0
split_feature=3 10 8 6 24 22 14 10 2 10 14 28 17 11
split_gain=16.3743 13.3652 13.0549 10.2052 9.47483 8.98629 12.0945 14.5104 9.71531 12.0147 12.256 9.12697 8.75802 8.38993
threshold=0.0048330187482980005 21.555000000000003 0.026052789133074409 2.2183088372901469 -0.28768207245178085 2.5550000000000002 2.7250000000000005 15.445000000000002 -0.029347563333729506 16.035000000000004 1.6250000000000002 0.026002105842625276 0.032195946132525001 0.0092098474057304997
decision_type=8 2 2 8 10 2 2 2 10 2 2 10 2 2
left_child=-1 2 4 -3 -2 6 8 -8 -6 11 -11 12 -10 -12
right_child=1 3 -4 -5 5 -7 7 -9 9 10 13 -13 -14 -15
leaf_value=-0.018669864609931062 -0.014788898520782816 0.005348444539972767 0.016580747228591618 0.026803346177250907 -0.016156044343987503 -0.019228711802276515 0.030818612649366806 -0.0016809971735427713 -0.032680267229113005 -0.0072419985552144902 0.0050202850555053843 0.017324775875225303 -0.0054490981501117506 0.034862550465739522
leaf_weight=36.96624469012022 56.736421473324299 184.62454686313868 30.048736222088337 21.517488270998001 38.980963222682476 21.879215486347675 22.354002341628075 26.0671102181077 11.91002571582794 19.374571949243546 15.300362072885035 11.801392681896685 63.806192807853222 19.163522012531757
leaf_count=351 473 985 165 92 267 178 137 183 101 115 88 75 429 112
internal_value=0.000379715 0.00170713 -0.00197004 0.00770653 -0.00383145 -0.00130211 0.000488681 0.0136427 -0.00309898 0.000589891 0.0116202 -0.00625025 -0.0101027 0.0221291
internal_weight=580.531 543.565 337.423 206.142 307.374 250.637 228.758 48.4211 180.337 141.356 53.8385 87.5176 75.7162 34.4639
internal_count=3751 3400 2323 1077 2158 1685 1507 320 1187 920 315 605 530 200
is_linear=0
shrinkage=0.03


Tree=45
num_leaves=15
num_cat=0
split_feature=3 1 28 18 6 9 4 8 8 22 4 3 23 4
split_gain=15.8249 13.0128 18.6267 8.71253 11.3782 11.3066 8.76388 12.6296 12.0412 16.1887 10.9522 9.84573 8.58598 11.9194
threshold=0.0048330187482980005 0.030009201139751421 0.0068056404403730566 0.87000000000000011 -1.8445480496352171 0.0027155492887840833 0.01040878672632631 -0.012321240619170391 -0.011594408469933979 1.0350000000000004 0.0092005524226851532 0.0071900865911481756 -0.027305768856499598 0.013257733606546048
decision_type=8 8 10 2 8 2 10 2 2 2 8 10 8 8
left_child=-1 3 -3 4 -2 -6 7 -7 9 -8 11 -9 13 -10
right_child=1 2 -4 -5 5 6 8 10 12 -11 -12 -13 -14 -15
leaf_value=-0.019036809295914718 -0.01834609534403037 0.029882996327688083 -0.0013298213174751084 -0.0060908112713645357 -0.017112425054854902 -0.012603255197476125 0.038278489351589388 0.026892467151778936 -0.0059042707307285424 0.0024947540647440262 0.031874660139803487 -0.0013988040279999635 -0.0090078706725704397 0.027615071111793132
leaf_weight=36.276414848864079 21.074108108878136 31.451899439096451 36.456994034349918 167.04009643942118 20.157947719097137 13.749911561608313 15.461915276944636 16.103915438055992 22.274647824466228 37.351072922348976 29.776787087321281 31.126682601869106 81.800600320100784 15.35468804836273
leaf_count=352 143 135 172 1227 163 95 75 121 122 219 161 185 472 77
internal_value=-0.000131684 0.00117315 0.0133502 -0.00060608 0.00241542 0.00401973 0.00569811 0.0131884 0.00169804 0.0134877 0.0178961 0.00860507 -0.00358417 0.00813413
internal_weight=575.458 539.181 67.9089 471.272 304.232 283.158 263 90.7573 172.243 52.813 77.0074 47.2306 119.43 37.6293
internal_count=3719 3367 307 3060 1833 1690 1527 562 965 294 467 306 671 199
is_linear=0
shrinkage=0.03


Tree=46
num_leaves=15
num_cat=0
split_feature=10 3 8 3 11 14 6 22 2 12 22 25 8 10
split_gain=18.6655 12.079 9.57453 12.5012 8.86128 9.23738 7.44887 12.3785 7.16492 10.0016 7.34431 7.05875 6.89249 10.5449
threshold=30.820000000000004 0.0048330187482980005 0.026052789133074409 0.0093404670066272177 0.21698613979970174 1.4950000000000003 1.083688997014326 1.8450000000000004 -0.029347563333729506 -0.26149625808507809 2.5550000000000002 0.033162280411715643 -0.0045620030624835542 16.035000000000004
decision_type=2 8 2 10 2 2 8 2 10 2 2 2 2 2
left_child=1 -1 4 -4 5 11 7 -2 -7 -10 12 -3 13 -11
right_child=6 2 3 -5 -6 8 -8 -9 9 10 -12 -13 -14 -15
leaf_value=-0.018743155771350377 -0.013058252050382128 -0.00067504519495768258 0.032725842380921653 -0.00019403249640043504 0.014031507700179703 -0.01259144007915167 0.023457621539556068 0.021152616541658432 0.015385385333990583 -0.0064454297564519288 -0.020780187088460526 0.02433405628309758 -0.0067476625351227688 0.014600903524137688
leaf_weight=35.762925021350384 18.032166033983231 23.63208020478487 15.870498493313788 26.962769344449043 27.112972356379032 83.412952803075314 36.173795580863953 18.101688325405121 24.372956864535809 42.280393227934837 21.424374833703041 16.744778618216515 142.98051611334085 41.572829268872738
leaf_count=352 83 125 84 143 161 585 151 87 152 312 170 88 964 262
internal_value=-0.000126138 -0.00218655 -0.000879531 0.0124717 -0.00225598 -0.00340246 0.0140167 0.0041882 -0.00495004 -0.00257464 -0.00439253 0.010034 -0.00276031 0.00403804
internal_weight=574.438 502.13 466.367 42.8333 423.534 396.421 72.3076 36.1339 356.044 272.631 248.258 40.3769 226.834 83.8532
internal_count=3719 3398 3046 227 2819 2658 321 170 2445 1860 1708 213 1538 574
is_linear=0
shrinkage=0.03


Tree=47
num_leaves=15
num_cat=0
split_feature=10 18 1 9 6 11 13 17 17 24 6 8 21 27
split_gain=17.5802 9.28739 13.5553 12.2546 11.3801 8.60901 7.14707 8.73324 9.60687 12.3129 7.03141 6.39381 15.511 9.04031
threshold=30.820000000000004 0.13500000000000004 0.028179127786541528 0.0027155492887840833 -1.4582324105438209 -0.13952543996037756 0.57449513223654303 0.036713685261277766 0.034713109915420079 0.11310401668942836 1.083688997014326 -0.0043584228485311618 0.019557599983309939 0.0027973690089275753
decision_type=2 2 8 2 10 2 2 2 2 8 8 2 2 8
left_child=1 3 6 -1 -5 -6 -3 8 9 -8 -2 12 -9 -14
right_child=10 2 -4 4 5 -7 7 11 -10 -11 -12 -13 13 -15
leaf_value=-0.018345477385770411 0.0040603455195427005 -0.020187406628924237 0.014081257767379552 -0.015499823792767976 -0.0083527078613895075 0.011794435141352862 -0.010940992303211838 -0.018087797918320221 0.026223093452073902 0.021389885777100076 0.022773058320830455 -0.013574381732856376 0.028386735186243312 0.00026937522885823816
leaf_weight=20.135721378028393 36.198809146881104 32.921141289174557 28.719554714858532 18.811092540621758 21.773356541991234 124.52254259586334 36.82472700625658 33.614560514688492 12.891496799886225 13.736738592386244 36.173395961523056 105.43188731372356 13.040155678987501 38.617996565997601
leaf_count=167 170 312 138 132 125 699 281 260 96 95 151 734 84 275
internal_value=-0.000120525 -0.00212497 -0.00524706 0.00319709 0.00591896 0.00875957 -0.00722284 -0.005471 0.00412169 -0.00191272 0.0135963 -0.00866762 -0.00251383 0.00777138
internal_weight=573.413 501.041 315.798 185.243 165.107 146.296 287.079 254.158 63.453 50.5615 72.3722 190.705 85.2727 51.6582
internal_count=3719 3398 2275 1123 956 824 2137 1825 472 376 321 1353 619 359
is_linear=0
shrinkage=0.03


Tree=48
num_leaves=15
num_cat=0
split_feature=10 4 17 4 27 7 25 3 25 0 23 12 28 3
split_gain=16.5666 14.2068 10.7565 8.51143 8.42402 9.00744 6.69295 15.8954 12.5022 12.6563 8.74936 8.43734 18.5881 8.33724
threshold=30.820000000000004 0.0077750184894556582 0.088375688236155658 0.010478531111538894 0.022355622120145306 0.0014395438196292967 0.025188761069384221 0.009734189468613293 0.037764854130414159 0.012578551403307549 -0.041759903168034261 -0.093895672811073791 0.020371715436611839 0.0087233561708537199
decision_type=2 8 2 10 8 2 2 8 2 10 8 2 8 10
left_child=1 4 6 -2 5 -1 7 13 9 11 -10 12 -8 -3
right_child=3 2 -4 -5 -6 -7 8 -9 10 -11 -12 -13 -14 -15
leaf_value=-0.017155190868747096 0.029783090670658742 -0.00068694375870026296 -0.020266794032969049 0.0067380020129836427 -0.019677239081823984 0.0070821976574013514 0.031860131240433069 -0.017049838588974551 -0.019028301334076493 0.032175492805647812 0.0010992476386226416 0.0011556736152600776 -0.0094488351224849727 0.026147166629316796
leaf_weight=22.719145581126213 19.267174527049065 37.051325567066669 19.98846061527729 53.14801749587059 55.359047919511795 32.089558243751526 26.956180185079575 47.99580717086792 23.009307727217674 19.320074394345284 101.58271265029907 85.865171618759632 14.519099101424215 13.471530705690382
leaf_count=211 88 258 120 233 564 266 149 314 137 94 600 508 94 83
internal_value=-0.000117586 -0.00206793 0.000628685 0.0131917 -0.0115281 -0.00309199 0.00180983 -0.00485457 0.00423928 0.0101466 -0.00273976 0.00657967 0.0175173 0.00683678
internal_weight=572.343 499.927 389.76 72.4152 110.168 54.8087 369.771 98.5187 271.253 146.661 124.592 127.34 41.4753 50.5229
internal_count=3719 3398 2357 321 1041 477 2237 655 1582 845 737 751 243 341
is_linear=0
shrinkage=0.03


Tree=49
num_leaves=15
num_cat=0
split_feature=10 4 27 7 4 21 3 4 15 26 5 14 11 27
split_gain=15.6129 13.5226 8.14111 8.57542 8.04593 7.05607 8.07117 12.337 8.81241 7.05689 11.8585 9.4893 7.41141 6.32216
threshold=30.820000000000004 0.0077750184894556582 0.022355622120145306 0.0014395438196292967 0.010478531111538894 0.07045621620851733 0.016832436534314186 0.014860130181670291 -0.013423020332140765 0.013802719888884154 -0.016803788263384998 1.9650000000000001 0.20484226182543622 0.021562709210166012
decision_type=2 8 8 2 10 2 10 8 2 10 10 2 2 10
left_child=1 2 3 -1 -2 6 7 9 -8 12 -11 -12 13 -3
right_child=4 5 -4 -5 -6 -7 8 -9 -10 10 11 -13 -14 -15
leaf_value=-0.016864182256041305 0.02892885931471929 -0.00063693295121208034 -0.019386382152093585 0.0068446389964348046 0.0065297870760250201 -0.010645532606909994 0.0061326275768457663 0.023752322633549164 -0.026616974831631675 -0.024599407526787177 0.017143369448366797 -0.0094835249528799834 0.024171035973405121 0.010647562976343426
leaf_weight=22.439381927251816 19.270488142967224 146.98555461317301 54.531542576849461 32.239578388631344 53.228109180927277 43.449692904949188 12.273548744618894 23.821216560900211 16.482121519744396 21.432067856192589 19.925059139728546 27.413586534559727 14.717578008770941 63.135471276938915
leaf_count=211 88 918 564 266 233 271 78 124 118 132 109 161 80 366
internal_value=-0.000114246 -0.00201239 -0.0112905 -0.00301322 0.0127962 0.000610391 0.00204971 0.00344047 -0.0129024 0.00171749 -0.00662958 0.00184666 0.00428864 0.00278811
internal_weight=571.345 498.846 109.211 54.679 72.4986 389.636 346.186 317.431 28.7557 293.609 68.7707 47.3386 224.839 210.121
internal_count=3719 3398 1041 477 321 2357 2086 1890 196 1766 402 270 1364 1284
is_linear=0
shrinkage=0.03


Tree=50
num_leaves=15
num_cat=0
split_feature=4 4 13 14 3 17 1 3 0 25 24 14 14 3
split_gain=18.7885 16.1207 11.8482 10.5644 10.737 11.0728 13.6914 10.6564 10.387 10.5451 9.81188 12.3245 9.54911 8.53275
threshold=0.0091452391152943239 0.0092592073636070006 1.4787921128345287 2.9350000000000005 0.0096550520124443501 0.050932101197101974 -0.0014701168655764094 0.012913478045016897 0.0038455355923009975 0.025233123459412428 -0.20224640914461253 1.5550000000000004 1.7450000000000003 0.0048330187482980005
decision_type=8 10 2 2 10 2 10 10 10 2 10 2 2 10
left_child=10 -2 8 4 -4 6 -6 -7 -3 -10 -1 -12 -13 -14
right_child=1 2 3 -5 5 7 -8 -9 9 -11 11 12 13 -15
leaf_value=-0.019393891134522469 0.02587470566841487 -0.0084612107395903753 0.032150478177987232 -0.0040799091938789854 0.016559135311912884 0.031550715615412298 -0.016371705777646576 0.0058448999270188512 -0.013932102778124938 0.015437338179830987 0.025593551260332421 -0.02839172978674178 -0.022484237086117621 -7.5040750870239954e-05
leaf_weight=50.840916365385056 25.433167368173599 126.99894624203444 18.802470117807388 53.184925422072411 17.972475647926331 23.597991019487381 27.389093279838562 36.834489896893501 14.414009287953375 38.193560570478439 10.613296553492544 15.018879719078539 17.154795587062836 97.039927251636982
leaf_count=476 128 816 95 312 86 111 145 165 94 213 57 119 174 741
internal_value=-0.000565908 0.00326564 0.00158898 0.00706003 0.0118098 0.00792753 -0.0032486 0.0162328 -0.00383558 0.00728059 -0.00823575 -0.00406976 -0.00668407 -0.0036074
internal_weight=573.489 382.821 357.388 177.781 124.597 105.794 45.3616 60.4325 179.607 52.6076 190.668 139.827 129.214 114.195
internal_count=3732 2165 2037 914 602 507 231 276 1123 307 1567 1091 1034 915
is_linear=0
shrinkage=0.03


Tree=51
num_leaves=15
num_cat=0
split_feature=4 4 13 14 21 0 27 28 24 21 17 20 4 14
split_gain=17.8085 15.1249 11.1611 9.99405 9.9165 9.80617 11.1079 9.37876 8.98566 13.4069 12.034 9.51195 8.45914 8.11771
threshold=0.0091452391152943239 0.0092592073636070006 1.4787921128345287 1.4550000000000003 0.0039403446282426152 0.0038455355923009975 -0.034132062736591966 0.023452990507032558 0.013072081567352819 0.0064072327551599421 0.051680952550720742 -0.099552108878921505 0.012429364587183222 1.7450000000000003
decision_type=8 10 2 2 2 8 10 10 10 2 2 2 10 2
left_child=3 -2 5 -1 -4 -3 -7 8 9 -6 -11 -10 -13 -5
right_child=1 2 4 13 7 6 -8 -9 11 10 -12 12 -14 -15
leaf_value=0.019661259785642714 0.025025431733385752 -0.0082500203876593112 0.024679872853874244 -0.025475363536604154 -0.012850805094803144 0.023812096047855266 -0.0039417014930671415 0.023130684893041334 -0.025590316656119966 -0.0020972114569127393 0.024607201988953848 -0.015660566987826512 0.013742375131921379 -0.0070814471961012614
leaf_weight=10.146099790930746 25.539664074778557 126.37762057036161 23.295541927218437 24.440033376216888 21.443444311618805 20.417466230690479 32.349363498389721 19.129216521978378 17.92606845498085 24.717971205711365 37.792106360197067 14.61977982521057 19.192862816154957 154.90496129542589
leaf_count=53 128 816 115 187 111 120 187 89 94 138 180 90 97 1327
internal_value=-0.000549728 0.00317306 0.00154541 -0.00804752 0.00684461 -0.00373215 0.00704043 0.00401982 0.00117616 0.00720644 0.0141809 -0.00855995 0.000944579 -0.00971542
internal_weight=572.292 382.801 357.261 189.491 178.117 179.144 52.7668 154.821 135.692 83.9535 62.5101 51.7387 33.8126 179.345
internal_count=3732 2165 2037 1567 914 1123 307 799 710 429 318 281 187 1514
is_linear=0
shrinkage=0.03


Tree=52
num_leaves=15
num_cat=0
split_feature=18 9 6 16 26 0 8 27 26 8 24 21 1 21
split_gain=14.4325 16.4941 11.2165 9.07103 8.97472 11.9155 7.88365 9.67886 8.33405 7.64545 8.05443 7.617 7.23161 7.18138
threshold=1.9950000000000003 0.0027155492887840833 -2.3402889854372795 -0.12432480728660371 0.013802719888884154 0.0042438064852771138 0.014877569864426123 -0.11080119824546129 -0.001634331644079001 0.0034463844921033275 -0.041927570404096108 0.0064072327551599013 0.030009201139751421 0.013817319185527383
decision_type=2 2 10 2 8 10 2 10 10 2 10 2 10 2
left_child=1 -1 -3 -4 6 -6 8 -8 9 10 -5 -9 -2 -12
right_child=12 2 3 4 5 -7 7 11 -10 -11 13 -13 -14 -15
leaf_value=-0.018930177718806923 -0.011485692700159171 0.029317610345992277 0.015761935467256506 -0.013677296507835748 -0.010809306245279525 0.0080009003660812886 0.032866034366796471 0.022424620374188579 0.0093550109225731572 -0.01651836039791792 -5.4918026137962839e-05 -0.0016707630206255662 0.013137180976317372 0.026737340109761257
leaf_weight=30.367303296923637 118.27107544988394 13.771881528198717 41.607535943388939 19.223959565162659 94.42516965419054 43.558053694665432 16.202766865491867 16.999119274318218 62.618674702942371 31.302637323737144 24.814434252679348 33.962741978466511 10.968292862176893 13.12790238112211
leaf_count=265 948 75 207 138 621 245 81 88 390 200 148 193 51 82
internal_value=-0.000532859 0.00204922 0.00363912 0.00267895 0.00111104 -0.00485652 0.00488879 0.0133588 0.00106046 -0.0048494 0.00171432 0.00664351 -0.00931117 0.00966364
internal_weight=571.222 441.982 411.615 397.843 356.235 137.983 218.252 67.1646 151.088 88.4689 57.1663 50.9619 129.239 37.9423
internal_count=3732 2733 2468 2393 2186 866 1320 362 958 568 368 281 999 230
is_linear=0
shrinkage=0.03


Tree=53
num_leaves=15
num_cat=0
split_feature=4 4 13 14 14 3 0 27 7 14 27 14 1 4
split_gain=16.4494 13.8893 10.3359 9.38111 9.27258 10.1797 9.10474 10.3373 8.21124 7.88363 7.98231 7.83997 7.81744 7.44739
threshold=0.0091452391152943239 0.0092592073636070006 1.4787921128345287 1.4550000000000003 2.9350000000000005 0.0096550520124443501 0.0038455355923009975 -0.026021966668190896 0.0090274867676281029 1.7450000000000003 0.028485598876923483 2.8750000000000004 -0.008533747514926469 0.0080371313664307446
decision_type=8 10 2 2 2 10 10 8 2 2 8 2 10 10
left_child=3 -2 6 -1 5 -4 8 -8 -3 -5 11 -11 -6 -12
right_child=1 2 4 9 12 -7 7 -9 -10 10 13 -13 -14 -15
leaf_value=0.019005617348156617 0.023990534861363613 -0.011181548990236156 0.030649850317640552 -0.02509567616884411 -0.017710857695956574 0.0072228545810552438 0.027453565370104197 -0.0015415126927648972 0.010011695750407175 0.0058369512958271726 -0.020305007591005616 -0.01386099901312195 0.0054244921531824732 0.00072166770387310623
leaf_weight=10.198736891150473 25.549890860915184 106.91438646614552 19.073089793324471 23.941745609045029 20.955490477383137 106.39121954888105 14.475399628281592 38.503250405192375 18.609721049666405 56.504524163901806 49.994303494691849 25.596454039216042 31.92979496717453 21.478735722601414
leaf_count=53 128 706 95 187 133 507 76 231 110 432 530 225 179 140
internal_value=-0.000514856 0.00305493 0.00149314 -0.0077647 0.00658315 0.0109984 -0.00360085 0.00674267 -0.00798522 -0.00940057 -0.00680722 -0.000397135 -0.00390131 -0.0140634
internal_weight=570.117 382.402 356.852 187.714 178.35 125.464 178.503 52.9787 125.524 177.516 153.574 82.101 52.8853 71.473
internal_count=3732 2165 2037 1567 914 602 1123 307 816 1514 1327 657 312 670
is_linear=0
shrinkage=0.03


Tree=54
num_leaves=15
num_cat=0
split_feature=4 4 13 21 14 28 0 14 7 14 6 6 7 28
split_gain=15.5873 13.0426 9.71611 9.05791 8.87999 8.61504 8.61195 9.96108 7.7822 7.63579 7.62026 7.36204 9.71844 7.23842
threshold=0.0091452391152943239 0.0092592073636070006 1.4787921128345287 0.0039403446282426152 1.4550000000000003 0.023695371267402208 0.0038455355923009975 2.2050000000000005 0.0090274867676281029 1.7450000000000003 -0.079782523177416395 -1.3651775721616455 -0.0037423286989493039 0.02511707951240898
decision_type=8 10 2 2 2 10 10 2 2 2 10 10 2 10
left_child=4 -2 6 -4 -1 -5 8 -8 13 -6 11 12 -11 -3
right_child=1 2 3 5 9 -7 7 -9 -10 10 -12 -13 -14 -15
leaf_value=0.018370540859606613 0.023219550977014926 -0.014150955678881213 0.023298402370435685 0.00097777560091976898 -0.024774732142762143 0.02218786572364178 0.023926967843769322 -0.0029155075852968599 0.0096768457532626657 -0.019916018830746653 0.0001334941819320964 -0.02002860967244106 0.014708516045703343 0.007586873920647697
leaf_weight=10.268261551856993 25.638131186366081 90.630780152976513 23.61132875084877 136.33008220046759 23.543356634676456 18.747447848320007 18.16491387784481 34.948806948959827 18.709127396345139 12.144059777259828 75.711932562291622 49.50090254098177 15.399376541376112 15.575789391994475
leaf_count=53 128 621 115 713 187 86 96 211 110 127 568 487 145 85
internal_value=-0.000499911 0.00296833 0.00145199 0.00637678 -0.00758573 0.00366761 -0.00349905 0.00653715 -0.00778443 -0.0091926 -0.00664551 -0.0132236 -0.000720546 -0.0109219
internal_weight=568.924 382.356 356.718 178.689 186.568 155.078 178.029 53.1137 124.916 176.3 152.756 77.0443 27.5434 106.207
internal_count=3732 2165 2037 914 1567 799 1123 307 816 1514 1327 759 272 706
is_linear=0
shrinkage=0.03


Tree=55
num_leaves=15
num_cat=0
split_feature=10 8 0 0 4 1 7 11 28 14 21 4 1 22
split_gain=13.9969 12.3001 10.4535 9.19432 8.88374 10.7431 9.64924 7.58098 7.56377 7.50556 7.44455 6.64485 11.3398 9.77647
threshold=25.405000000000005 0.028775990694983381 0.00084287161663459964 0.014679999433901083 0.0077750184894556582 0.0084784096426200346 0.0014395438196292967 0.017660013613308271 0.026280820731508524 2.7250000000000005 0.016819474927653139 0.010594562872045044 -0.0050547314815293501 1.4850000000000001
decision_type=2 2 10 10 8 10 2 2 8 2 2 10 10 2
left_child=1 4 8 -4 5 6 -1 -7 -2 -8 -10 12 -6 -13
right_child=2 -3 3 -5 11 7 9 -9 10 -11 -12 13 -14 -15
leaf_value=-0.027732756065929377 0.025144092911203775 0.01667427379779747 -0.0090932154765772776 0.015115139040622182 0.014182963649805735 -0.013478615460552797 -0.018924926930279869 0.017408860277992832 -0.0081548014349324214 0.011869518891554265 0.018672903365464791 -0.00019970970136802682 -0.0028031151719197815 -0.016190189963427335
leaf_weight=37.37336140871048 40.441864967346191 28.859101496636868 38.072756208479404 21.110316969454288 56.455354355275631 11.617360673844816 13.632424823939802 15.605235815048216 16.871335923671722 12.943786114454268 18.648127108812332 114.0167690217495 91.35553652793169 48.302224650979042
leaf_count=429 186 154 186 94 354 107 148 123 90 143 94 710 561 339
internal_value=0.000738427 -0.00191088 0.0091232 -0.000350538 -0.00328553 -0.0114633 -0.0181004 0.00421696 0.016413 -0.00404013 0.00605569 -0.000852308 0.00373631 -0.00502809
internal_weight=565.306 430.161 135.144 59.1831 401.302 91.1722 63.9496 27.2226 75.9613 26.5762 35.5195 310.13 147.811 162.319
internal_count=3718 3068 650 280 2914 950 720 230 370 291 184 1964 915 1049
is_linear=0
shrinkage=0.03


Tree=56
num_leaves=15
num_cat=0
split_feature=10 8 0 0 4 1 3 11 28 9 21 14 28 3
split_gain=13.1814 11.5515 9.78504 8.67323 8.48786 10.3279 8.47639 7.13118 7.02977 8.22168 7.00121 6.23655 6.73626 5.64272
threshold=25.405000000000005 0.028775990694983381 0.00084287161663459964 0.014679999433901083 0.0077750184894556582 0.0084784096426200346 0.016132170661015261 0.017660013613308271 0.026280820731508524 0.0042299932155263212 0.016819474927653139 4.6050000000000013 0.028189647432248569 0.0063209132207578391
decision_type=2 2 10 10 8 10 8 2 8 2 2 2 10 10
left_child=1 4 8 -4 5 -1 11 -7 9 -2 -10 12 13 -6
right_child=2 -3 3 -5 6 7 -8 -9 10 -11 -12 -13 -14 -15
leaf_value=-0.017828860597906736 0.0076691532557115593 0.016089420702313399 -0.0088505619616531545 0.014663191596608775 0.011301295155511603 -0.013224708552944896 -0.016513506063473259 0.016741644242892522 -0.0079508160016642515 0.035343205937111086 0.018062167459321245 0.020445176941253876 0.012219243568421754 -0.0036381068357606355
leaf_weight=63.042773112654686 16.991979956626892 29.044357433915138 37.972055949270725 21.138528324663639 24.492365829646587 11.506097175180914 27.198423430323601 15.77751488983631 16.811633914709091 23.712781876325607 18.73281117528677 12.745758920907972 33.016752608120441 212.49900743365288
leaf_count=720 79 154 186 94 165 107 198 123 90 107 94 95 172 1334
internal_value=0.000716643 -0.00186027 0.00884358 -0.000337763 -0.00319955 -0.0112379 -0.000828413 0.00408341 0.0158735 0.0242517 0.00587778 0.000733234 -0.000269278 -0.00205316
internal_weight=564.683 429.323 135.36 59.1106 400.279 90.3264 309.952 27.2836 76.2492 40.7048 35.5444 282.754 270.008 236.991
internal_count=3718 3068 650 280 2914 950 1964 230 370 186 184 1766 1671 1499
is_linear=0
shrinkage=0.03


Tree=57
num_leaves=15
num_cat=0
split_feature=10 10 21 15 14 14 3 17 9 23 20 24 4 4
split_gain=12.4192 7.69313 9.97766 9.8172 9.4853 9.69315 9.15704 9.1462 8.94457 16.3262 8.92615 8.87612 6.84112 15.7331
threshold=25.405000000000005 11.515000000000002 0.014179302929932575 -0.031328313649738364 3.0750000000000006 2.7350000000000008 0.01446156498491411 0.035850567051230429 0.0047874276299392808 -0.010178270819129863 0.024275301522132701 -0.019640618493540585 0.0080733265582835795 0.0092592073636070006
decision_type=2 2 2 2 2 2 10 2 2 10 2 10 8 10
left_child=1 11 4 10 5 -3 7 -5 12 -10 -4 -1 -9 -14
right_child=-2 2 3 6 -6 -7 -8 8 9 -11 -12 -13 13 -15
leaf_value=-0.029042733705222586 0.0085800332172569042 -0.0054329492245843835 0.0060218549010808775 0.020835282261391107 -0.017140832441605108 0.011879680815946697 -0.017398017880790408 -0.025672282363253855 0.026410679463448179 -0.0082260658503880129 0.036099740953906986 0.0067452533421235739 0.023381495804514919 -0.014721548791310636
leaf_weight=17.534924685955051 135.52111127227545 138.88843646645546 23.13983903080225 22.424323461949825 45.187389001250267 35.770835988223553 20.181516818702221 13.702036887407301 23.985505655407906 23.310559503734112 13.93910965323448 8.9146902635693532 13.782409369945524 27.685022845864296
leaf_count=185 650 945 145 182 396 236 138 139 140 145 79 72 85 181
internal_value=0.000699284 -0.00180763 -0.000756469 0.00442269 -0.00504817 -0.00183982 0.000858155 0.00392302 5.62115e-05 0.0095226 0.0179801 -0.0171743 -0.00808425 -0.00180499
internal_weight=563.968 428.447 401.997 182.15 219.847 174.659 145.071 124.89 102.466 47.2961 37.0789 26.4496 55.1695 41.4674
internal_count=3718 3068 2811 1234 1577 1181 1010 872 690 285 224 257 405 266
is_linear=0
shrinkage=0.03


Tree=58
num_leaves=15
num_cat=0
split_feature=10 0 7 10 24 6 13 24 17 3 4 1 12 11
split_gain=11.6721 9.15664 8.43642 7.37306 8.62757 6.93839 17.3018 12.7267 9.89722 12.3247 12.0307 7.8622 7.28674 6.74353
threshold=25.405000000000005 0.00084287161663459964 0.010811603322800069 11.515000000000002 -0.019640618493540585 1.6266206425835452 1.3138246988202169 -0.049596941139372165 0.031367935354770927 0.009734189468613293 0.0061006333388266927 -0.035869621758879248 0.083259275002258729 -0.13500450408180528
decision_type=2 10 2 2 10 8 2 8 2 10 10 10 2 2
left_child=3 -2 -3 4 -1 8 7 -7 9 -5 -10 -12 -8 -13
right_child=1 2 -4 5 -6 6 12 -9 10 -11 11 13 -14 -15
leaf_value=-0.028829272899404075 0.015079123299298648 -0.0077844774355466479 0.016639806257797027 0.028684824466254127 0.0065365350825874894 -0.0023125950128144515 0.0050425482319283376 0.031262208097616442 -0.029350958397247964 -0.0066067007659997368 0.018560982995798583 -0.016022879872446556 -0.023895893163247323 -0.0021513873308103993
leaf_weight=17.148080550134186 76.669185400009155 42.081348843872547 17.066127307713032 18.207650393247604 8.9546761065721494 15.486087530851362 14.762191869318487 27.842635735869408 15.418139629065989 16.030233666300774 13.590654857456682 35.657170310616493 15.01334650069475 229.49825032800436
leaf_count=185 370 203 77 145 72 97 79 148 180 102 79 252 93 1636
internal_value=0.000678271 0.00830626 -0.000577729 -0.00175825 -0.0169033 -0.000734085 0.00756215 0.0194808 -0.00259823 0.0124427 -0.00438507 -0.00290416 -0.00985106 -0.00406997
internal_weight=563.426 135.817 59.1475 427.609 26.1028 401.506 73.1043 43.3287 328.402 34.2379 294.164 278.746 29.7755 265.155
internal_count=3718 650 280 3068 257 2811 417 245 2394 247 2147 1967 172 1888
is_linear=0
shrinkage=0.03


Tree=59
num_leaves=15
num_cat=0
split_feature=8 24 9 15 15 22 27 8 27 22 9 27 10 4
split_gain=11.6041 11.1521 11.6331 10.0284 9.27298 8.93823 7.68898 7.56618 8.45953 10.6016 7.53506 12.1627 7.53053 8.59089
threshold=0.028775990694983381 0.14153108555642768 0.0040861100450417633 -0.013423020332140765 0.016807118316381212 1.5150000000000003 -0.061008688296814377 -0.014207034433542097 -0.028863445684210728 2.2950000000000004 0.0044595354034489146 -0.04479982058036746 22.880000000000006 0.011514780468784206
decision_type=2 10 2 2 2 2 8 2 8 2 2 8 2 8
left_child=1 2 7 10 -5 -6 -2 -1 -9 -10 -4 -12 -3 -14
right_child=6 12 3 4 5 -7 -8 8 9 -11 11 -13 13 -15
leaf_value=-0.021532475889376342 0.028942304383563353 0.00067847945812727955 0.027765906102273419 -0.012403550483426716 0.01254973982092677 -0.007609895372574677 0.005562565621294536 -0.014938421876984576 -0.0039988535621322619 0.02439306866731776 0.024931782318244042 -0.0017890235846586228 0.0045965901229859446 0.033397359897445536
leaf_weight=30.437259286642075 18.138439655303955 41.724907904863358 15.732223145663736 56.800350174307823 42.573165386915207 35.365593649446964 39.324613310396671 55.415236383676529 101.4393308237195 12.383742250502108 19.978350058197975 56.517556734383106 18.969602912664413 18.059939950704575
leaf_count=249 86 271 96 379 252 230 193 435 804 80 97 353 108 85
internal_value=0.000657222 -0.000804976 -0.00272416 0.00192079 -0.00329187 0.00342156 0.0133113 -0.00798725 -0.00543899 -0.000724326 0.00948976 0.00542128 0.00949579 0.0191521
internal_weight=562.86 505.397 426.643 226.967 134.739 77.9388 57.4631 199.676 169.238 113.823 92.2281 76.4959 78.7545 37.0295
internal_count=3718 3439 2975 1407 861 482 279 1568 1319 884 546 450 464 193
is_linear=0
shrinkage=0.03


Tree=60
num_leaves=15
num_cat=0
split_feature=6 25 3 13 24 23 28 0 11 8 23 0 21 12
split_gain=9.55992 15.7149 9.67246 7.39822 6.66338 8.80156 7.58829 5.96384 5.84156 5.41862 5.34967 5.32582 5.11495 7.84818
threshold=2.2183088372901469 0.026744402425074004 0.0048330187482980005 0.57819114083412815 -0.27053119001983744 -0.1718502569266592 0.031934719608426053 -9.1865162847870594e-05 -0.18515304778643824 0.0052942260637824931 0.02985296314968117 -5.0892672232349938e-05 0.0064888568452187035 -0.16773436491757063
decision_type=8 2 10 2 8 8 10 10 2 2 8 8 2 2
left_child=2 -2 -1 9 11 -6 8 -8 -7 -4 -3 -5 13 -10
right_child=1 10 3 4 5 6 7 -9 12 -11 -12 -13 -14 -15
leaf_value=-0.018281910842793337 -0.013295159698424742 0.03008404782394777 -0.023513240360313912 0.00031992815169594653 0.024597028845031566 -0.012730270259567196 0.00070350897825953006 0.025641615013339964 0.008122366499061966 0.0015560543387720023 0.0076157708501023765 -0.026147734694485208 0.0030244251158442845 -0.0094948133383288436
leaf_weight=28.700209245085716 16.081188313663006 23.47507555782795 20.041205167770386 12.671612359583376 13.121826633810995 32.336050018668175 16.380854800343513 17.379078805446625 30.345474004745483 12.106605112552641 17.064772598445415 13.812563933432104 226.91943696141243 83.041680559515953
leaf_count=329 91 108 185 79 80 206 87 88 184 107 83 84 1462 554
internal_value=-0.000356154 0.0112249 -0.00166943 -0.00063623 0.000379184 0.00131369 0.000503395 0.0139096 -0.00074513 -0.0143102 0.0210373 -0.0139331 0.000427664 -0.00475019
internal_weight=563.478 56.621 506.857 478.156 446.009 419.524 406.403 33.7599 372.643 32.1478 40.5398 26.4842 340.307 113.387
internal_count=3727 282 3445 3116 2824 2661 2581 175 2406 292 191 163 2200 738
is_linear=0
shrinkage=0.03


Tree=61
num_leaves=15
num_cat=0
split_feature=24 19 23 8 3 16 24 4 9 9 27 10 10 9
split_gain=8.88022 28.2242 14.4118 7.62539 8.53773 8.19004 8.83522 11.0014 7.51908 8.09211 6.51662 8.19211 7.06702 6.07673
threshold=-0.27053119001983744 0.030693147243180289 -0.1718502569266592 0.028775990694983381 0.0108617141354854 -0.15385420783517448 0.11567235132348305 0.012980204714095585 0.0043906941060499922 0.0034766235856840215 -0.1308205191850029 16.345000000000002 11.445000000000002 0.0027155492887840833
decision_type=10 2 8 2 10 2 10 10 2 2 8 2 2 2
left_child=1 -1 -2 5 -5 -4 10 8 9 -8 11 -7 -12 -14
right_child=2 -3 3 4 -6 6 7 -9 -10 -11 12 -13 13 -15
leaf_value=-0.014171883664057871 0.029544841730640752 0.034713280249265385 0.018092576646527844 0.026178632255140499 0.0012839187415526717 0.023446981243707581 -0.0024630806547219055 0.026628459796568464 -0.013712333070491842 0.021928333735323262 -0.027331996246839952 -0.0071020242137296487 -0.020934312180807654 -0.0034744995323240527
leaf_weight=88.445792898535728 14.821484930813311 11.100882612168787 18.254332818090916 19.678307816386223 31.239339135587215 15.085428394377233 30.55871719866991 17.866399228572845 21.247678637504578 19.22802996635437 12.344391554594038 14.822689808905123 18.545902378857136 229.43234227597713
leaf_count=725 84 63 90 102 149 98 200 89 126 109 123 81 174 1514
internal_value=-0.000347084 -0.00842946 0.00140461 0.000410568 0.011224 -0.000999666 -0.00196409 0.00626413 0.000843593 0.00720336 -0.00449734 0.00856673 -0.00602529 -0.00485913
internal_weight=562.672 99.5467 463.125 448.304 50.9176 397.386 379.132 88.9008 71.0344 49.7867 290.231 29.9081 260.323 247.978
internal_count=3727 788 2939 2855 251 2604 2514 524 435 309 1990 179 1811 1688
is_linear=0
shrinkage=0.03


Tree=62
num_leaves=15
num_cat=0
split_feature=6 25 3 5 28 19 24 17 13 21 3 16 11 1
split_gain=8.90747 14.8461 9.14587 7.89514 7.13923 6.0008 6.58331 6.40362 8.6681 8.51024 10.0062 9.32571 8.87972 9.62245
threshold=2.2183088372901469 0.026744402425074004 0.0048330187482980005 -0.042761730870462436 0.031934719608426053 0.26927715816729569 -0.27053119001983744 0.1011187312302033 1.4599096468808801 0.0064888568452187035 0.0069188169405734789 -0.046520015634892921 -0.14855468400113844 0.0027058021335164555
decision_type=8 2 10 8 10 2 8 2 2 2 10 2 2 10
left_child=2 -2 -1 -4 5 6 -5 8 -8 11 -11 -10 -12 -14
right_child=1 -3 3 4 -6 -7 7 -9 9 10 12 -13 13 -15
leaf_value=-0.017919416801663559 -0.01307202002217684 0.020379727494828508 0.022123689679996016 -0.018574630449175213 0.011636320051721773 0.015037927531652029 -0.0051518363293495094 -0.019254637920620793 -0.022842819460007095 -0.014301192458059418 -0.0041120641795283925 0.0028206847301724168 0.029096945915628076 0.0060117411754677299
leaf_weight=28.142283052206039 15.967127069830893 40.507825642824173 12.372077636420725 22.190603129565716 34.717422850430012 16.2331652790308 215.86725745350122 17.684816092252731 17.168771550059319 13.025018207728861 20.178596049547195 42.078351959586143 34.592960804700851 31.098266333341599
leaf_count=329 91 191 65 140 186 88 1641 86 94 110 120 227 196 163
internal_value=-0.000333736 0.0108591 -0.00160355 -0.000605899 -0.00125707 -0.00232235 -0.00303785 -0.00211258 -0.00125285 0.00406829 0.00941941 -0.00487186 0.0131406 0.0184224
internal_weight=561.825 56.475 505.35 477.207 464.835 430.118 413.885 391.694 374.009 158.142 98.8948 59.2471 85.8698 65.6912
internal_count=3727 282 3445 3116 3051 2865 2777 2637 2551 910 589 321 479 359
is_linear=0
shrinkage=0.03


Tree=63
num_leaves=15
num_cat=0
split_feature=6 22 3 13 18 18 19 21 23 28 26 22 7 10
split_gain=8.39891 10.8794 8.76124 6.70614 7.055 6.55425 16.7917 10.2199 6.67199 7.18953 6.42353 9.35643 6.97096 8.71919
threshold=2.2183088372901469 1.3550000000000002 0.0048330187482980005 0.57819114083412815 0.16500000000000004 0.21500000000000002 0.11973998531695169 0.12903483373323318 -0.064538521137571081 0.028189647432248569 0.0072272318745501005 0.92500000000000016 0.011082436264801656 17.275000000000002
decision_type=8 2 10 2 2 2 2 2 10 10 10 2 2 2
left_child=2 -2 -1 4 -4 8 7 10 -5 -10 12 -12 13 -7
right_child=1 -3 3 5 -6 6 -8 -9 9 -11 11 -13 -14 -15
leaf_value=-0.017645502836865713 -0.0052750661745151629 0.021204228745260869 0.0080986920306719418 -0.015291367287160906 -0.022447307037220664 0.0030117371047282417 0.033703513166173669 -0.016706491635059433 -0.0024651651138013976 0.018221274492519653 -0.010924583424741697 0.014867023845322179 -0.012169738828972087 0.021826999235190683
leaf_weight=27.743376269936562 22.902009218931198 33.50611225515604 8.9751327335834521 32.620943546295166 22.488957807421684 47.115057066082954 15.218646042048929 22.390742026269436 201.06840083003044 15.345973990857599 41.654983870685101 17.034064926207066 11.421152450144289 41.499764606356621
leaf_count=329 127 155 62 166 230 373 75 143 1255 81 299 94 66 272
internal_value=-0.000325833 0.0105489 -0.00156001 -0.000589144 -0.013753 0.000369571 0.00445621 0.00182707 -0.00285719 -0.000921225 0.00452975 -0.0033151 0.00911943 0.0119685
internal_weight=560.985 56.4081 504.577 476.834 31.4641 445.37 196.334 181.116 249.035 216.414 158.725 58.689 100.036 88.6148
internal_count=3727 282 3445 3116 292 2824 1322 1247 1502 1336 1104 393 711 645
is_linear=0
shrinkage=0.03


Tree=64
num_leaves=15
num_cat=0
split_feature=0 5 28 24 4 26 26 4 24 8 27 10 15 24
split_gain=8.10549 9.26614 8.04209 6.84441 9.18819 7.83773 8.28614 10.9451 10.4124 9.16732 8.67755 6.8071 7.40981 6.38251
threshold=0.027825811044146224 -0.049758912965557782 0.031934719608426053 0.14153108555642768 0.012980204714095585 0.013802719888884154 -0.0015125357472736132 0.0096147881252022557 -0.19671029424605427 0.030367647706522675 0.059546651478715081 12.635000000000003 0.031336500506558625 -0.05315693068870652
decision_type=10 10 10 10 8 8 10 10 10 2 10 2 2 8
left_child=1 -1 3 5 -5 6 9 8 -8 10 13 -7 -13 -3
right_child=-2 2 -4 4 -6 11 7 -9 -10 -11 -12 12 -14 -15
leaf_value=0.023745160145387405 0.022598190543238698 -0.020809278710025379 0.011463927796416289 -0.00077268816323376461 0.021463017932664561 -0.026069992537639287 -0.0069327610344511043 -0.0030201950342824153 0.025034070175003097 0.015214790824133517 0.013801696902472451 -0.0034737027911456515 -0.019975466026752077 -0.0056810750062577867
leaf_weight=12.417157270014284 12.558400161564348 37.285845950245857 38.914555124938488 61.499544322490692 21.939440570771694 18.015404738485813 11.999831743538378 56.231766253709793 33.407865174114704 16.361111596226692 13.695451244711874 119.60649006068707 30.003395617008209 76.288802035152912
leaf_count=61 59 268 214 373 108 200 104 331 239 80 91 842 209 548
internal_value=-0.000316791 -0.000882478 -0.00149702 -0.00253422 0.00525891 -0.00411797 -0.000692017 0.00583005 0.0166189 -0.0053157 -0.00805302 -0.00909703 -0.00689369 -0.0107858
internal_weight=560.225 547.667 535.25 496.335 83.439 412.896 245.271 101.639 45.4077 143.631 127.27 167.625 149.61 113.575
internal_count=3727 3668 3607 3393 481 2912 1661 674 343 987 907 1251 1051 816
is_linear=0
shrinkage=0.03


Tree=65
num_leaves=15
num_cat=0
split_feature=0 5 5 25 24 17 6 26 1 21 24 7 7 16
split_gain=9.99604 7.73434 5.82779 7.82876 10.4004 10.0456 7.84506 7.69783 8.53371 7.63557 7.18087 8.75381 10.5574 8.32786
threshold=0.027825811044146224 -0.042761730870462436 -0.029162894847080682 0.025567248786803668 0.11567235132348305 0.031701734968294863 2.2183088372901469 0.013802719888884154 -0.010883714090443973 0.0060480531882803369 -0.009478956872307041 -0.0061447535025216373 0.0070185642674660551 0.0099602515865089298
decision_type=10 8 8 2 10 2 8 10 8 2 10 2 2 2
left_child=1 -1 -3 4 7 -5 9 8 -4 -7 11 -10 13 -13
right_child=-2 2 3 5 -6 6 -8 -9 10 -11 -12 12 -14 -15
leaf_value=0.021475311098141835 0.023662630903763231 -0.013608631305788483 0.012560685239646896 0.022833257202285042 0.011354220948810488 -0.0085182236202009827 0.013228702780054311 -0.026932186700357425 -0.02878468247866689 0.0016685761467642073 -0.030333721809764781 -0.0011677956311167141 -0.022342815646726299 0.030276054217657847
leaf_weight=12.283750861883162 14.013921894133089 33.612326264381409 15.882220603525637 17.619426004588604 22.157756060361862 92.281037703156471 36.409162849187851 20.607184298336506 11.75291498750448 227.48920076340437 13.272534489631651 27.403908863663673 13.890043742954729 9.4430859386920911
leaf_count=64 65 202 120 110 136 659 175 162 100 1467 100 235 106 85
internal_value=-0.000492781 -0.00114523 -0.00169668 -0.000883658 -0.00706483 0.00135187 0.000228282 -0.0107688 -0.00688281 -0.00128858 -0.0110693 -0.00656432 -0.000960241 0.00747762
internal_weight=568.118 554.105 541.821 508.208 134.41 373.799 356.179 112.252 91.6447 319.77 75.7625 62.49 50.737 36.847
internal_count=3786 3721 3657 3455 1044 2411 2301 908 746 2126 626 526 426 320
is_linear=0
shrinkage=0.03


Tree=66
num_leaves=15
num_cat=0
split_feature=0 19 22 10 3 0 7 16 25 7 6 27 20 28
split_gain=9.42544 7.43798 17.6059 5.9671 6.06461 11.5327 8.9509 5.63029 5.35507 7.69707 10.933 7.22755 6.35811 6.03039
threshold=0.027825811044146224 0.11973998531695169 1.0750000000000004 11.985000000000001 0.012974348548329892 -0.0072704132371154686 0.018417314730587279 0.025132240383615671 0.037902228791568654 0.00082683837877706179 0.739790533053021 0.021105902982099693 0.051559181126068339 0.011706269618480395
decision_type=10 2 2 2 10 10 2 2 2 2 10 10 2 8
left_child=1 3 -3 7 6 -6 8 -1 13 10 12 -11 -10 -5
right_child=-2 2 -4 4 5 -7 -8 -9 9 11 -12 -13 -14 -15
leaf_value=-0.024044395190359162 0.022949948673096712 0.038061958874043643 -0.0012493207298120616 -0.0028917710598749093 0.0077525360385134849 -0.013938810215798188 0.0234144383684592 -0.00022109796294526719 -0.026459727957981283 -0.0045293290818629282 0.0042859009052840635 0.018028520648115606 -0.00026783304229968766 0.0069401818704632164
leaf_weight=19.953019458800554 14.046181701123713 13.292532444000242 36.069005638360977 104.4004987552762 30.446647152304649 74.292259834706783 13.774622768163679 15.590187795460222 34.945414297282696 38.008360624313354 24.256085768342018 18.050694867968559 10.888744980096815 119.40465543419123
leaf_count=216 65 69 220 702 162 425 72 135 282 258 139 111 72 858
internal_value=-0.00047968 -0.00111472 0.00988236 -0.00220918 -0.00129548 -0.00761965 0.000541511 -0.0138869 -0.000422946 -0.00534231 -0.011901 0.00292283 -0.0203759 0.00236132
internal_weight=567.419 553.373 49.3615 504.011 468.468 104.739 363.729 35.5432 349.954 126.149 70.0902 56.0591 45.8342 223.805
internal_count=3786 3721 289 3432 3081 587 2494 351 2422 862 493 369 354 1560
is_linear=0
shrinkage=0.03


Tree=67
num_leaves=15
num_cat=0
split_feature=4 11 27 7 13 19 23 15 24 24 6 21 27 28
split_gain=6.94881 8.64429 9.04486 12.6663 14.3649 7.30958 9.48967 7.85543 7.62926 7.56805 6.90153 6.13378 9.66021 11.0616
threshold=0.0080733265582835795 0.21698613979970174 0.023393068399024223 0.0021114282248300147 1.0993933219595893 0.1177830356563835 0.023530497410194102 0.0030030120301060008 0.21511137961694557 -0.27053119001983744 0.24753740303193375 0.0069585237393735913 0.021562709210166012 0.011465557796874909
decision_type=8 2 10 2 2 2 8 2 10 8 8 2 10 10
left_child=1 2 3 -1 10 7 -7 9 -9 -2 -5 12 -11 -14
right_child=5 -3 -4 4 -6 6 -8 8 -10 11 -12 -13 13 -15
leaf_value=-0.015328194244175501 -0.015902221164117068 0.019624247271737311 -0.022856151665717118 0.041237992097558344 -0.013075873005656239 -0.00037440142686677739 0.026418718510290169 -0.0073665587818655927 0.0094120570381381174 -0.012096789363150269 0.0075819040934681382 0.0089709497115424645 0.025076392891601528 -0.008504872064884008
leaf_weight=40.034226503223181 15.499181799590586 9.1978850960731489 30.70585361123085 9.8468790426850319 15.430111452937124 25.014029271900654 21.640885189175606 152.30346172302961 28.115660987794399 37.908270791172981 12.228965647518635 135.07316059619188 18.07644660025835 15.71381840109825
leaf_count=434 92 61 332 108 140 142 111 922 148 223 97 791 100 85
internal_value=-0.000464527 -0.00692954 -0.00934485 -0.0037715 0.00864194 0.00123685 0.0123472 -7.77687e-05 -0.00471439 0.00369007 0.0237306 0.00522814 -0.00184936 0.00966419
internal_weight=566.789 117.444 108.246 77.5402 37.506 449.345 46.6549 402.69 180.419 222.271 22.0758 206.772 71.6985 33.7903
internal_count=3786 1172 1111 779 345 2614 253 2361 1070 1291 205 1199 408 185
is_linear=0
shrinkage=0.03


Tree=68
num_leaves=15
num_cat=0
split_feature=0 5 3 7 2 4 27 28 16 12 28 6 17 2
split_gain=8.79204 7.02914 6.4046 9.86444 6.81209 6.79024 7.2436 12.5903 7.8648 6.28035 6.25437 8.30642 10.407 8.6609
threshold=0.027825811044146224 -0.042761730870462436 0.012974348548329892 0.018417314730587279 0.059918658892409778 0.0080733265582835795 -0.076461765704186377 0.017337328974295751 -0.12795757968342134 -0.052113047245623038 0.031934719608426053 1.7251892866556779 0.047460508260613814 -0.003129442628631018
decision_type=10 8 10 2 10 8 8 10 2 2 10 10 2 10
left_child=1 -1 3 5 9 6 7 -3 -8 -4 11 13 -13 -7
right_child=-2 2 4 -5 -6 10 8 -9 -10 -11 -12 12 -14 -15
leaf_value=0.020406854275301142 0.022160954871114576 0.022952033273150027 -0.003464485062686633 0.023250453359860944 0.0042910995134242081 -0.0032144766291937288 0.014829392024688399 -0.019176666741059906 -0.01381860503572244 -0.019413861615835037 0.014743634819444783 -0.032712491451895198 0.0019997483390175974 0.0083933975554934086
leaf_weight=12.39405797421932 14.067737236618994 15.784221827983858 42.973174057900906 15.019283197820185 31.241583034396172 124.22295056283474 8.8197446316480619 9.3756758570671064 80.771242998540401 46.204756230115891 28.694678924977779 13.673609159886839 16.300046794116497 106.64080632477999
leaf_count=64 65 125 257 78 146 793 60 100 872 277 145 84 79 641
internal_value=-0.000450403 -0.00106556 -0.00159547 0.000161103 -0.00766285 -0.000751928 -0.00689483 0.0071201 -0.0108658 -0.0118518 0.00169805 0.000212083 -0.0143804 0.00216052
internal_weight=566.184 552.116 539.722 419.302 120.42 404.283 114.751 25.1599 89.591 89.1779 289.532 260.837 29.9737 230.864
internal_count=3786 3721 3657 2977 680 2899 1157 225 932 534 1742 1597 163 1434
is_linear=0
shrinkage=0.03


Tree=69
num_leaves=15
num_cat=0
split_feature=4 15 27 13 13 19 22 15 24 24 12 15 21 27
split_gain=6.24465 6.91472 10.0176 9.70404 9.97078 6.85857 10.7996 7.38857 7.16501 7.10213 6.48692 5.93793 5.71003 9.13014
threshold=0.0080733265582835795 -0.063672835514617984 -0.076461765704186377 1.094155465717817 0.74202174015779809 0.1177830356563835 1.2150000000000001 0.0030030120301060008 0.21511137961694557 -0.27053119001983744 -0.0034321739123446267 0.014625538104011517 0.0069585237393735913 0.021562709210166012
decision_type=8 2 10 2 2 2 2 2 10 8 2 2 2 10
left_child=1 -1 3 4 10 7 -7 9 -9 -2 -3 -8 13 -11
right_child=5 2 -4 -5 -6 6 11 8 -10 12 -12 -13 -14 -15
leaf_value=0.01773260621635608 -0.01553089973959002 -0.017885567801169403 -0.016409051022016022 -0.014775189526763622 0.035091804189732144 0.031576174659788687 -0.010188526300405955 -0.0071958050380967892 0.0090496908188401233 -0.011830451201146175 0.01718880212189287 0.015215841749480197 0.0086214712407343928 0.009331804555859715
leaf_weight=8.7494040876626951 15.351492300629614 8.9811460003256816 62.470962889492512 17.650941215455532 10.208490483462809 15.476505339145659 17.035552263259891 151.72609335184097 28.201258860528469 37.691455006599426 8.0520317927002925 14.321579545736311 135.56326589733362 33.923665337264538
leaf_count=63 92 112 644 187 88 76 97 922 148 223 78 80 791 185
internal_value=-0.000436587 -0.00660717 -0.00873604 0.00206635 0.0131154 0.00116925 0.0119088 -0.000106922 -0.00461359 0.0035413 -0.00127126 0.00152594 0.00502233 -0.00181555
internal_weight=565.404 116.113 107.364 44.8926 27.2417 449.291 46.8336 402.457 179.927 222.53 17.0332 31.3571 207.178 71.6151
internal_count=3786 1172 1109 465 278 2614 253 2361 1070 1291 190 177 1199 408
is_linear=0
shrinkage=0.03


Tree=70
num_leaves=15
num_cat=0
split_feature=3 6 6 9 16 17 2 25 3 27 18 20 6 12
split_gain=9.95216 8.17233 7.7014 7.27513 7.89624 12.8011 11.8084 9.01448 10.6227 10.4796 10.28 11.9461 7.91359 8.68995
threshold=0.0048330187482980005 -2.418180711663378 -1.8445480496352171 0.0027155492887840833 -0.13855254871085407 0.1011187312302033 0.027105792943311394 0.025188761069384221 0.0094715755373687548 -0.026021966668190896 4.5150000000000006 -0.19326395354420675 2.287480193559666 0.045648513095158945
decision_type=10 10 10 2 2 2 10 2 10 10 2 2 10 2
left_child=-1 -2 -3 -4 6 7 -5 8 9 -6 11 -9 13 -13
right_child=1 2 3 4 5 -7 -8 10 -10 -11 -12 12 -14 -15
leaf_value=-0.014906671473890068 0.020984265354247442 -0.017313536975192115 -0.011627547200962624 0.032975090871767268 0.018252009915628597 -0.025051796977900134 -3.6297194115476678e-05 -0.012518589664515295 -0.017649429998944942 -0.0092898043812982226 -0.012965634202483525 0.010832368375278914 0.027528905091590783 -0.0013965335963731726
leaf_weight=37.414794947952032 16.645056828856468 20.602006837725639 36.891112998127937 16.806662254035473 21.414920970797539 15.517728611826895 21.555322095751762 26.990501843392849 40.237174294888973 26.982403464615345 27.036920465528965 152.53607840836048 16.790147677063942 78.997953951358795
leaf_count=397 97 162 325 84 163 78 100 172 279 201 262 907 72 451
internal_value=-0.000171825 0.000917028 0.000211756 0.000995525 0.00206604 0.000821636 0.0148965 0.00190981 -0.00645562 0.00301972 0.00437533 0.00611904 0.00818686 0.00667188
internal_weight=556.419 519.004 502.359 481.757 444.866 406.504 38.362 390.986 88.6345 48.3973 302.352 275.315 248.324 231.534
internal_count=3750 3353 3256 3094 2769 2585 184 2507 643 364 1864 1602 1430 1358
is_linear=0
shrinkage=0.03


Tree=71
num_leaves=15
num_cat=0
split_feature=3 6 6 9 4 5 19 21 21 24 15 9 28 26
split_gain=9.4682 7.69722 7.33911 6.89743 7.45661 20.7121 6.79955 11.0668 9.44601 8.01065 9.80406 7.85168 8.64649 7.62581
threshold=0.0048330187482980005 -2.418180711663378 -1.8445480496352171 0.0027155492887840833 0.0067993109871271511 0.008658956607565594 0.1177830356563835 0.029199855803535991 0.13851376577723021 0.21013093298096905 -0.0041797389665272902 0.0041386741230711515 0.010184208186866725 0.0293596976561088
decision_type=10 10 10 2 8 10 2 2 2 10 2 2 8 8
left_child=-1 -2 -3 -4 5 -5 8 -8 9 10 11 -6 -13 -14
right_child=1 2 3 4 6 -7 7 -9 -10 -11 -12 12 13 -15
leaf_value=-0.014616569307739628 0.020338708608302291 -0.016999086487020674 -0.011378936612967327 -0.006725757368967954 -0.0031206971170959419 0.044798459211852971 0.00051026772073022161 0.031807728019285865 -0.017596621251404092 0.015961045615244945 -0.0056292127372287882 -0.0030716861948262572 0.025495651654253739 0.0049944331063241669
leaf_weight=37.038277126848698 16.689229212701321 20.375571064651012 36.592633821070194 14.840429902076723 66.100895814597607 11.95781599730253 27.209203779697418 15.267396844923494 25.422176234424114 28.516826659440994 159.57706582546234 29.921877294778824 35.547738417983055 30.598546594381332
leaf_count=397 97 162 325 172 426 76 152 75 149 153 1027 180 179 180
internal_value=-0.000168993 0.000888959 0.000203095 0.000964677 0.00200303 0.0170497 0.00100038 0.0122324 -0.000298665 0.00100335 -0.000367723 0.00481244 0.0102469 0.0162276
internal_weight=555.656 518.617 501.928 481.553 444.96 26.7982 418.162 42.4766 375.685 350.263 321.746 162.169 96.0682 66.1463
internal_count=3750 3353 3256 3094 2769 248 2521 227 2294 2145 1992 965 539 359
is_linear=0
shrinkage=0.03


Tree=72
num_leaves=15
num_cat=0
split_feature=3 6 6 9 4 5 19 21 21 24 15 27 9 27
split_gain=9.01203 7.24713 6.99729 6.54435 6.99933 19.1412 6.39655 10.3286 8.97513 7.50241 9.24413 10.0044 15.6787 13.599
threshold=0.0048330187482980005 -2.418180711663378 -1.8445480496352171 0.0027155492887840833 0.0067993109871271511 0.008658956607565594 0.1177830356563835 0.029199855803535991 0.13851376577723021 0.21013093298096905 -0.0041797389665272902 -0.03009849102711781 0.0043089632266752505 -0.17198928822307644
decision_type=10 10 10 2 8 10 2 2 2 10 2 10 2 10
left_child=-1 -2 -3 -4 5 -5 8 -8 9 10 11 12 -6 -14
right_child=1 2 3 4 6 -7 7 -9 -10 -11 -12 -13 13 -15
leaf_value=-0.014329832694734475 0.019715546468121598 -0.01668847437417605 -0.011134121980637757 -0.0065701126476132542 -0.0062590482003419181 0.042782755496413194 0.00049539807698841594 0.030651185352513686 -0.017217003379159618 0.01540318262802364 -0.0054780654036601642 -0.0023804179970184571 0.0085134550886776343 0.04005690437290297
leaf_weight=36.671647500246763 16.7311906889081 20.154162243008614 36.301757551729679 14.761145301163198 26.133897222578526 12.189048081636427 27.215068720281124 15.40376617759466 25.228248879313469 28.696563526988029 159.0956256724894 85.665975235402584 29.7039849832654 20.894336342811584
leaf_count=397 97 162 325 172 184 76 152 75 149 153 1027 515 166 100
internal_value=-0.000161914 0.000866431 0.000199523 0.00093985 0.00194759 0.0164833 0.000973399 0.0118475 -0.000289257 0.000975796 -0.000355764 0.00466518 0.0124605 0.022063
internal_weight=554.846 518.175 501.444 481.289 444.988 26.9502 418.037 42.6188 375.419 350.19 321.494 162.398 76.7322 50.5983
internal_count=3750 3353 3256 3094 2769 248 2521 227 2294 2145 1992 965 450 266
is_linear=0
shrinkage=0.03


Tree=73
num_leaves=15
num_cat=0
split_feature=3 16 2 25 6 17 7 5 3 13 12 5 20 8
split_gain=8.5776 7.09078 14.3311 7.08646 14.9 12.2006 10.7708 8.88952 12.1745 12.5066 8.36503 8.69321 7.89616 7.85262
threshold=0.0048330187482980005 -0.13855254871085407 0.027105792943311394 0.025188761069384221 2.287480193559666 0.1011187312302033 0.0014395438196292967 -0.019023988247027734 0.0094715755373687548 1.1420191604924186 0.33788237995569032 -0.01975092820861719 -0.095121536149945882 -0.0015655649403956138
decision_type=10 2 10 2 8 2 2 10 10 2 2 10 2 2
left_child=-1 2 -2 7 5 6 13 -3 9 -9 11 -8 -13 -5
right_child=1 3 -4 4 -6 -7 10 8 -10 -11 -12 12 -14 -15
leaf_value=-0.014046490613776988 0.030574610682066503 0.01532408889851735 -0.0032387588437329516 0.0011163357659754584 0.02181067350778355 -0.024946145833565615 -0.010118304782801802 -0.011930717639012579 -0.022794142085469087 0.016680958014401028 -0.014884993370422976 -0.0033474878431491821 0.015946378291070845 -0.01214464273549952
leaf_weight=36.314677741378546 19.707334876060486 13.251823909580706 24.40546203404665 105.28051361069083 29.596656009554863 15.842894054949282 17.333285391330719 35.418471455574036 39.020512968301773 21.093863472342491 13.299924984574316 23.37451010197401 96.15023535490036 63.853264018893242
leaf_count=397 98 99 123 733 136 81 107 297 276 148 72 150 612 421
internal_value=-0.000154347 0.000845472 0.0122102 -0.000236768 0.00177026 -5.91885e-05 0.0012497 -0.00692072 -0.0101332 -0.00114674 0.00707369 0.00930014 0.0121768 -0.00393205
internal_weight=553.943 517.629 44.1128 473.516 364.731 335.135 319.292 108.785 95.5328 56.5123 150.158 136.858 119.525 169.134
internal_count=3750 3353 221 3132 2312 2176 2095 820 721 445 941 869 762 1154
is_linear=0
shrinkage=0.03


Tree=74
num_leaves=15
num_cat=0
split_feature=3 16 2 6 8 12 17 16 2 0 6 20 4 24
split_gain=8.15637 6.66165 13.3439 6.93898 11.3959 15.9386 10.2962 8.83612 7.84392 7.70776 7.19101 9.76199 6.87421 12.3314
threshold=0.0048330187482980005 -0.13855254871085407 0.027105792943311394 0.044688277155198852 -0.00022524259711653724 -0.014866582416033667 0.039588342215146878 0.12060161555383338 0.049935415402572521 -0.017255473322319467 0.29839314405481182 -0.11778303565638347 0.011563818038487989 -0.1501714488125355
decision_type=10 2 10 8 2 2 2 2 10 10 10 2 8 10
left_child=-1 2 -2 7 5 6 -5 9 -7 -3 -6 -12 13 -13
right_child=1 3 -4 4 10 8 -8 -9 -10 -11 11 12 -14 -15
leaf_value=-0.01376657017507707 0.029393586140601259 0.016706534130077683 -0.0031470804937702487 0.0032882754562469766 0.015243124057013764 -0.0094003510127164108 0.036554091339880523 0.011196743346977026 0.017780416756887563 -0.0078829605128637424 -0.022031135068256758 -0.016068815806509956 -0.0097477075054452304 0.010820235756113192
leaf_weight=35.967142678797245 19.921027503907681 11.311713792383669 24.392264828085899 12.455013658851383 20.021802984178066 28.197754815220833 25.958134315907955 28.744103081524372 13.204747401177881 183.02886646986008 20.851745210587978 18.995075084269047 44.648978061974049 65.626545764505863
leaf_count=397 98 70 123 95 115 187 133 153 64 1409 119 164 243 380
internal_value=-0.000152279 0.00081893 0.0118074 -0.000233172 0.00319348 0.01247 0.0261251 -0.00406975 -0.000516545 -0.00637352 -0.00120563 -0.00348574 -0.000348161 0.00466725
internal_weight=553.325 517.358 44.3133 473.044 249.96 79.8157 38.4131 223.085 41.4025 194.341 170.144 150.122 129.271 84.6216
internal_count=3750 3353 221 3132 1500 479 228 1632 251 1479 1021 906 787 544
is_linear=0
shrinkage=0.03


Tree=75
num_leaves=15
num_cat=0
split_feature=6 14 6 7 16 9 3 4 9 10 22 2 9 1
split_gain=8.97617 9.22177 9.88263 9.17468 7.75823 7.3947 7.29194 16.2925 12.426 11.706 9.46307 8.14365 8.06314 8.74886
threshold=0.044688277155198852 1.7950000000000002 -0.7485561863443323 0.0012280024441078121 0.045032203399129507 0.0040252951707274789 0.0096550520124443501 0.0084588880308052658 0.0045284830755910931 27.740000000000006 1.3650000000000004 0.059918658892409778 0.0041927632839525927 0.018344068205719658
decision_type=8 2 10 2 2 2 8 8 2 2 2 10 2 8
left_child=1 2 5 4 -3 -1 7 12 -9 10 -8 -11 13 -2
right_child=6 3 -4 -5 -6 -7 9 8 -10 11 -12 -13 -14 -15
leaf_value=0.0033093047409179003 -0.015798659982061425 -0.017258432393832679 -0.0088534780628080276 0.00050240837455592662 -0.00019913781431723113 0.032244939619644732 -0.013774570381025067 0.026613765674831206 -0.0040936661927011599 0.00043975398929188195 0.0034969585446724427 0.022388454580156317 0.018827791027601161 0.011730205125035214
leaf_weight=16.909777849912647 34.470545060932636 85.890860728919506 21.143821597099304 81.230252232402563 33.177730515599251 14.442299239337443 64.531053237617016 48.456035658717155 15.281751319766043 35.45201313495636 50.004158526659012 25.705363616347313 11.891231983900068 13.853355064988135
leaf_count=99 359 757 123 640 247 78 384 277 92 157 271 113 77 83
internal_value=-0.000195505 -0.00434973 0.00675108 -0.0072782 -0.0125462 0.0172232 0.003312 0.00885228 0.0193019 -0.000624706 -0.00626911 0.00987689 -0.00234322 -0.00782895
internal_weight=552.44 252.795 52.4959 200.299 119.069 31.3521 299.646 123.953 63.7378 175.693 114.535 61.1574 60.2151 48.3239
internal_count=3757 1944 300 1644 1004 177 1813 888 369 925 655 270 519 442
is_linear=0
shrinkage=0.03


Tree=76
num_leaves=15
num_cat=0
split_feature=6 8 27 4 14 6 26 7 24 8 11 5 3 16
split_gain=8.47219 11.867 13.8047 10.3248 8.72946 9.27223 11.5897 8.75477 7.90706 7.75787 9.16423 8.59088 8.26923 7.45726
threshold=0.044688277155198852 -0.0019391013229959062 -0.053563037043675259 0.0083842103107861325 1.7950000000000002 -0.7485561863443323 0.013156612335124331 0.0012280024441078121 -0.009478956872307041 0.029586373824407989 0.012105284693311848 -0.0033208167882220019 0.009174004896691625 0.045032203399129507
decision_type=8 2 8 8 2 10 8 2 10 2 2 10 8 2
left_child=4 2 -2 -4 5 6 -1 13 -5 10 11 -3 -12 -6
right_child=1 9 3 8 7 -7 -8 -9 -10 -11 12 -13 -14 -15
leaf_value=0.031877011530416943 -0.0081023601909923203 0.0080707191192020133 -0.0055123647613292666 0.012410849835794531 -0.016946231250272521 -0.0086337094926546756 -0.0040982523892077382 0.00048736675052570965 0.035700265895371827 0.01032172819170022 0.015137103721005865 -0.014785061806535679 -0.0045140922895570866 -0.00019336104927270426
leaf_weight=17.876553617417812 21.833923675119877 17.922232057899237 12.256073385477064 27.383894972503185 84.882871139794588 21.05834037065506 13.706943012773992 81.25560762360692 27.445436038076878 44.431760676205158 32.62250654026866 71.274823371320963 44.368047840893269 33.17381751164794
leaf_count=95 146 108 105 141 757 123 82 640 141 215 235 482 240 247
internal_value=-0.000188218 0.00321726 0.012341 0.0190159 -0.00423357 0.00654359 0.0166175 -0.00709847 0.0244993 -0.000674728 -0.00365888 -0.0101541 0.00389985 -0.0122799
internal_weight=551.493 299.539 88.9193 67.0854 251.954 52.6418 31.5835 199.312 54.8293 210.619 166.188 89.1971 76.9906 118.057
internal_count=3757 1813 533 387 1944 300 177 1644 282 1280 1065 590 475 1004
is_linear=0
shrinkage=0.03


Tree=77
num_leaves=15
num_cat=0
split_feature=6 25 3 8 11 0 7 12 24 16 24 15 17 14
split_gain=8.17457 12.9145 10.9254 10.6202 10.6598 12.4835 10.5279 10.8078 9.40131 11.8502 10.1502 9.60904 9.20868 9.76686
threshold=1.0721477854918497 0.025567248786803668 0.0096224889867471772 -0.010414158407971994 -0.046205485557542884 1.0000000180025095e-35 0.0054591649499684545 0.065630304386675511 0.17525311191370346 0.11295136823762454 -0.08609528545054633 0.055761974981579816 0.057717551831948995 1.8550000000000002
decision_type=8 2 8 2 2 10 2 2 10 2 8 2 2 2
left_child=8 2 -2 -3 5 -5 7 -6 10 -10 12 -12 13 -1
right_child=1 3 -4 4 6 -7 -8 -9 9 -11 11 -13 -14 -15
leaf_value=0.011104144777012945 0.004598889213660389 0.028887473753024896 -0.02388221923743283 0.011342879401147914 0.017330489376059081 -0.022953626008344202 0.022700255248634157 -0.01587890086118755 -0.0028006361007555532 0.029007566450621247 -0.0050061794062419077 -0.023260857671614191 0.02242918141504651 -0.016102321404218956
leaf_weight=24.737620659172535 26.469289675354958 21.169898197054863 20.958572573959827 17.032100435346365 15.9221697114408 19.49885280802846 40.183276161551476 17.420384623110294 24.933832071721554 17.064151719212532 235.84693459421396 28.333067547529936 20.130048103630543 21.059234958142042
leaf_count=142 190 101 142 98 91 115 200 97 172 85 1830 195 120 179
internal_value=-0.000181468 0.0050764 -0.00822029 0.00990791 0.00602987 -0.00708714 0.0125546 2.25383e-05 -0.00271271 0.0104974 -0.00442 -0.00704431 0.00604419 -0.00148323
internal_weight=550.759 178.655 47.4279 131.227 110.057 36.531 73.5258 33.3426 372.105 41.998 330.107 264.18 65.9269 45.7969
internal_count=3757 1034 332 702 601 213 388 188 2723 257 2466 2025 441 321
is_linear=0
shrinkage=0.03


end of trees

feature_importances:
vol_60d=94
zscore_60d=66
vol_20d=64
VIX_lvl=64
T10Y2Y_ret_20d=53
IRON_vol_20d=52
ret_5d=50
IRON_ret_20d=45
DXY_vol_20d=44
ret_20d=43
DGS10_lvl=43
VIX_vol_20d=41
DXY_ret_20d=37
T10Y2Y_lvl=37
ret_1d=35
DFF_vol_20d=34
T10Y2Y_vol_20d=32
VIX_ret_20d=29
DXY_ret_5d=27
dist_sma20=25
DGS10_vol_20d=25
DGS10_ret_20d=23
DGS10_ret_5d=22
T10Y2Y_ret_5d=22
VIX_ret_5d=21
IRON_ret_5d=21
DFF_lvl=17
DFF_ret_5d=15
DFF_ret_20d=11

parameters:
[boosting: gbdt]
[objective: binary]
[metric: binary_logloss]
[tree_learner: serial]
[device_type: cpu]
[data_sample_strategy: bagging]
[data: ]
[valid: ]
[num_iterations: 600]
[learning_rate: 0.03]
[num_leaves: 15]
[num_threads: 0]
[seed: 0]
[deterministic: 0]
[force_col_wise: 0]
[force_row_wise: 0]
[histogram_pool_size: -1]
[max_depth: -1]
[min_data_in_leaf: 80]
[min_sum_hessian_in_leaf: 0.001]
[bagging_fraction: 0.8]
[pos_bagging_fraction: 1]
[neg_bagging_fraction: 1]
[bagging_freq: 5]
[bagging_seed: 3]
[bagging_by_query: 0]
[feature_fraction: 0.8]
[feature_fraction_bynode: 1]
[feature_fraction_seed: 2]
[extra_trees: 0]
[extra_seed: 6]
[early_stopping_round: 0]
[early_stopping_min_delta: 0]
[first_metric_only: 0]
[max_delta_step: 0]
[lambda_l1: 0]
[lambda_l2: 1]
[linear_lambda: 0]
[min_gain_to_split: 0]
[drop_rate: 0.1]
[max_drop: 50]
[skip_drop: 0.5]
[xgboost_dart_mode: 0]
[uniform_drop: 0]
[drop_seed: 4]
[top_rate: 0.2]
[other_rate: 0.1]
[min_data_per_group: 100]
[max_cat_threshold: 32]
[cat_l2: 10]
[cat_smooth: 10]
[max_cat_to_onehot: 4]
[top_k: 20]
[monotone_constraints: ]
[monotone_constraints_method: basic]
[monotone_penalty: 0]
[feature_contri: ]
[forcedsplits_filename: ]
[refit_decay_rate: 0.9]
[cegb_tradeoff: 1]
[cegb_penalty_split: 0]
[cegb_penalty_feature_lazy: ]
[cegb_penalty_feature_coupled: ]
[path_smooth: 0]
[interaction_constraints: ]
[verbosity: -1]
[saved_feature_importance_type: 0]
[use_quantized_grad: 0]
[num_grad_quant_bins: 4]
[quant_train_renew_leaf: 0]
[stochastic_rounding: 1]
[linear_tree: 0]
[max_bin: 255]
[max_bin_by_feature: ]
[min_data_in_bin: 3]
[bin_construct_sample_cnt: 200000]
[data_random_seed: 1]
[is_enable_sparse: 1]
[enable_bundle: 1]
[use_missing: 1]
[zero_as_missing: 0]
[feature_pre_filter: 1]
[pre_partition: 0]
[two_round: 0]
[header: 0]
[label_column: ]
[weight_column: ]
[group_column: ]
[ignore_column: ]
[categorical_feature: ]
[forcedbins_filename: ]
[precise_float_parser: 0]
[parser_config_file: ]
[objective_seed: 5]
[num_class: 1]
[is_unbalance: 0]
[scale_pos_weight: 1]
[sigmoid: 1]
[boost_from_average: 1]
[reg_sqrt: 0]
[alpha: 0.9]
[fair_c: 1]
[poisson_max_delta_step: 0.7]
[tweedie_variance_power: 1.5]
[lambdarank_truncation_level: 30]
[lambdarank_norm: 1]
[label_gain: ]
[lambdarank_position_bias_regularization: 0]
[eval_at: ]
[multi_error_top_k: 1]
[auc_mu_weights: ]
[num_machines: 1]
[local_listen_port: 12400]
[time_out: 120]
[machine_list_filename: ]
[machines: ]
[gpu_platform_id: -1]
[gpu_device_id: -1]
[gpu_use_dp: 0]
[num_gpu: 1]

end of parameters

pandas_categorical:[]
