tree
version=v4
num_class=1
num_tree_per_iteration=1
label_index=0
max_feature_idx=28
objective=binary sigmoid:1
feature_names=ret_1d ret_5d ret_20d vol_20d vol_60d dist_sma20 zscore_60d DXY_ret_5d DXY_ret_20d DXY_vol_20d VIX_lvl VIX_ret_5d VIX_ret_20d VIX_vol_20d DGS10_lvl DGS10_ret_5d DGS10_ret_20d DGS10_vol_20d DFF_lvl DFF_ret_5d DFF_ret_20d DFF_vol_20d T10Y2Y_lvl T10Y2Y_ret_5d T10Y2Y_ret_20d T10Y2Y_vol_20d BRENT_ret_5d BRENT_ret_20d BRENT_vol_20d
feature_infos=[-0.060972338363795675:0.060972338363795675] [-0.075510436066743125:0.053989955360711051] [-0.09151328609306919:0.12112814542233075] [0.00078595146612348899:0.026978972894162453] [0.0015647757292928516:0.016289093016334237] [-0.047754179067705384:0.076712765318792106] [-4.3492367673087893:5.8287795559666522] [-0.079974460780886325:0.052918397191728417] [-0.10161625382829964:0.11629473925670908] [0.0012965675371935925:0.01288712818343282] [9.1400000000000006:82.689999999999998] [-0.55909291210651668:1.1407237740182365] [-0.76225097212909132:1.7991637635396711] [0.21885828147095893:10.231592920176725] [0.52000000000000002:5.2599999999999998] [-0.71149631922814183:0.36396537720141164] [-1.0608719606852626:0.36412376795172297] [0.015861240410776269:0.14514149176434346] [0.040000000000000001:5.4100000000000001] [-1.9924301646902063:1.4170660197866445] [-3.0910424533583156:1.5040773967762742] [0:0.61974082019060694] [-1.0800000000000001:2.9100000000000001] [-2.4849066497879999:2.3978952727983707] [-3.1354942159291492:3.0910424533583152] [0.0085069630922340617:0.13247045350806183] [-0.8686840776068232:0.53680111016925114] [-1.2578486197194674:1.287854288306638] [0.0051420499435602838:0.21913587910708232]
tree_sizes=1691 1751 1756 1737 1732 1753 1759 1751 1746 1750 1725 1733 1740 1755 1760 1760 1758 1760 1746 1749 1766 1764 1733 1740 1740 1725 1736 1740 1769 1754 1761 1749 1762 1765 1753 1765 1747 1743 1755 1760 1769 1768 1754 1742 1752 1766 1761 1762 1760 1762 1764 1757 1759 1762 1763 1758 1770 1764 1765 1768 1766 1752 1759 1752 1747 1743 1780 1769 1773 1780 1757 1758 1754 1763 1765 1750 1753 1765 1766 1760 1765 1774 1773 1765 1763 1770 1773 1756 1770 1761 1754 1775 1749 1773 1755 1760 1765 1763 1770 1759 1756 1770 1766 1768 1774 1749 1761 1766 1769 1752 1748 1769 1754 1763 1766 1783 1771 1766 1769 1767 1776 1755 1778 1770 1769

Tree=0
num_leaves=15
num_cat=0
split_feature=4 27 14 6 24 2 24 21 10 21 6 14 24 13
split_gain=212.048 91.0018 49.6067 68.1524 47.4229 46.0145 30.2725 33.7337 37.2112 34.7125 29.5076 28.001 20.3713 22.8666
threshold=0.0064369983923016922 0.14704398743666583 1.8650000000000004 0.57757016892063218 -0.036139552568885062 0.025889850541128915 -0.12022435616655268 0.0214444794990503 17.395000000000003 0.004998891352303146 -2.2063908700152655 2.2950000000000004 1.1275544720105588 1.3893090857067787
decision_type=8 8 2 10 8 10 8 10 2 10 10 2 8 10
left_child=5 2 -2 4 -4 6 7 9 -9 -1 -8 -7 -12 -14
right_child=1 -3 3 -5 -6 11 10 8 -10 -11 12 -13 13 -15
leaf_value=-1.6146162864858502 -1.6020686099781483 -1.630480879596129 -1.6124039640932855 -1.4876081076628482 -1.5379079904388113 -1.5602462464763871 -1.5832866044199609 -1.6368897799919691 -1.5748939174440542 -1.5553087374479864 -1.6200024356944032 -1.6123815601485101 -1.6434059791541591 -1.6003043147529985
leaf_weight=15.146214872598646 12.506048977375029 14.173522174358366 11.255444079637526 17.369512468576431 22.649844259023666 19.314897865056992 15.702039271593092 30.431385844945908 11.116487979888914 19.870722264051437 259.01416993141174 16.813688069581985 72.257171869277954 12.64500507712364
leaf_count=109 90 102 81 125 163 139 113 219 80 143 1864 121 520 91
internal_value=-1.60846 -1.56295 -1.54784 -1.53499 -1.56204 -1.61605 -1.61876 -1.60171 -1.6199 -1.58041 -1.6224 -1.58395 -1.62426 -1.63696
internal_weight=550.266 77.9544 63.7808 51.2748 33.9053 472.312 436.183 76.5648 41.5479 35.0169 359.618 36.1286 343.916 84.9022
internal_count=3960 561 459 369 244 3399 3139 551 299 252 2588 260 2475 611
is_linear=0
shrinkage=1


Tree=1
num_leaves=15
num_cat=0
split_feature=22 4 24 22 5 12 24 21 2 12 25 10 28 25
split_gain=233.288 153.59 83.1754 58.5393 35.9842 29.002 25.2359 29.2629 17.4832 18.697 21.4731 17.3671 31.3564 16.5718
threshold=1.3950000000000002 0.005911697174929534 -0.096460266187562149 2.3950000000000005 -0.00773647256215568 0.47430444863427162 -0.16731389241128261 0.022407656199907314 0.026529400834536702 0.071285733900316131 0.041051956809569239 14.135000000000003 0.0094108211683722135 0.029819633235769184
decision_type=2 8 10 2 8 10 8 10 10 10 10 2 10 10
left_child=5 2 -2 4 -3 6 7 13 9 10 11 12 -4 -1
right_child=1 3 8 -5 -6 -7 -8 -9 -10 -11 -12 -13 -14 -15
leaf_value=0.04782522993440548 0.066421385140481612 0.031620289409658817 -0.014469923817130999 0.01040196840859019 0.093263295587052222 0.029840698821952959 -0.021088309213302171 -0.016925245684957745 0.031371794674754358 -0.024216546603117138 0.029082169625881879 -0.017178353760244479 0.047567567259413579 -0.0012626877505989517
leaf_weight=12.653688013553621 18.058554872870445 12.798349425196646 16.031851351261142 15.215611457824705 36.740847527980804 11.374727934598921 264.2633568495512 34.034157738089561 12.861648604273794 30.213648453354836 20.310529097914696 42.444723710417747 12.003901585936545 11.230546385049818
leaf_count=90 127 90 116 107 252 81 1919 247 91 219 147 307 87 80
internal_value=0.000245184 0.0244178 0.00778445 0.0627303 0.0782787 -0.0154835 -0.0171711 0.000756736 -0.000559517 -0.00418283 0.00267523 -0.00523492 0.0128157 0.0256205
internal_weight=550.236 216.68 151.925 64.7548 49.5392 333.556 322.182 57.9184 133.866 121.005 90.791 70.4805 28.0358 23.8842
internal_count=3960 1543 1094 449 342 2417 2336 417 967 876 657 510 203 170
is_linear=0
shrinkage=0.03


Tree=2
num_leaves=15
num_cat=0
split_feature=22 4 24 22 5 14 12 23 20 25 21 24 3 21
split_gain=218.555 133.111 77.83 45.9059 34.8909 30.6473 27.0547 27.208 18.6598 19.5402 49.1889 17.7643 16.8789 14.5068
threshold=1.4150000000000003 0.0059417521061176119 -0.096460266187562149 2.3950000000000005 -0.00773647256215568 2.0050000000000003 0.47430444863427162 -0.10536051565782628 0.048162608873412179 0.040114966363139208 0.0096654566695747023 -0.13923416168661448 0.0048185805810132638 0.020963593823330896
decision_type=2 8 10 2 8 2 10 8 10 10 10 8 10 10
left_child=6 2 -2 4 -3 -4 7 -1 9 -7 -11 13 -10 -9
right_child=1 3 5 -5 -6 8 -8 11 12 10 -12 -13 -14 -15
leaf_value=0.0038511603112430849 0.064098260566625404 0.026297972517538123 0.037663626243666509 0.011668770095071624 0.086680994779334664 -0.024076780539630045 0.028490790631981785 0.020601508406116367 0.028314718758036827 0.047983829129427995 -0.027238317042799977 -0.023194836245835303 -0.015771361032701006 -0.016582841663734985
leaf_weight=49.65284226834774 18.420013323426247 12.492173388600348 15.767711430788038 14.763358160853384 38.072330370545387 52.811179906129837 11.600102186203001 15.478203088045118 21.486878931522369 12.979334339499475 16.80028124153614 237.42647491395473 11.185772493481634 21.118075877428055
leaf_count=360 124 86 113 103 246 385 81 109 155 92 121 1749 81 155
internal_value=0.000241815 0.0238057 0.0080503 0.0591845 0.0725624 -0.000254572 -0.0148792 -0.0165165 -0.00572101 -0.013275 0.00604076 -0.0202077 0.0132013 -0.000726261
internal_weight=550.055 214.779 149.451 65.3279 50.5645 131.031 335.276 323.676 115.263 82.5908 29.7796 274.023 32.6727 36.5963
internal_count=3960 1506 1071 435 332 947 2454 2373 834 598 213 2013 236 264
is_linear=0
shrinkage=0.03


Tree=3
num_leaves=15
num_cat=0
split_feature=22 22 25 22 22 9 18 20 14 20 21 24 5 13
split_gain=205.412 71.5292 73.2486 30.562 56.6407 39.7763 44.5615 31.4861 34.9317 29.4892 39.3247 41.727 29.8393 23.074
threshold=1.385 2.3950000000000005 0.030105079130832459 0.52500000000000013 1.0000000180025095e-35 0.0039094746625563384 1.5650000000000002 0.0077354732597330065 2.6350000000000002 0.060209814114357448 0.0094451324138752086 -1.0000000180025095e-35 0.0059751098796202058 1.37365738277643
decision_type=2 2 10 2 2 10 2 10 2 10 10 10 8 10
left_child=3 2 -2 4 13 6 -6 8 -8 10 11 -4 -12 -1
right_child=1 -3 9 -5 5 -7 7 -9 -10 -11 12 -13 -14 -15
leaf_value=-0.034521317563567362 -0.0029668096668849352 -0.0044498377071793818 0.02429423249667197 -0.025861061839746114 -0.025727702464569305 -0.015896830859615171 -0.017495232702316711 0.065371216039869715 0.039317472294961443 0.065286307929091666 -0.0055903790028325843 0.090069900851371829 0.042598089413145884 0.011321088863326273
leaf_weight=62.476257741451263 39.019164323806763 64.781487658619881 19.223503261804581 135.83663226664066 14.358404457569121 44.459991499781609 15.621813759207724 16.7981286495924 23.011625394225121 40.135215580463409 27.594999417662621 16.544355943799019 18.664553359150887 11.204799532890318
leaf_count=474 279 467 128 1005 105 327 114 120 168 264 195 110 122 82
internal_value=0.000237082 0.0221334 0.0327792 -0.0150658 -0.00716748 0.00606467 0.0200823 0.032194 0.0164829 0.044128 0.0331137 0.0563409 0.0143424 -0.0274917
internal_weight=549.731 225.963 161.182 323.768 187.931 114.25 69.79 55.4316 38.6334 122.163 82.0274 35.7679 46.2596 73.6811
internal_count=3960 1565 1098 2395 1390 834 507 402 282 819 555 238 317 556
is_linear=0
shrinkage=0.03


Tree=4
num_leaves=15
num_cat=0
split_feature=22 4 24 6 14 22 22 9 4 14 10 20 10 12
split_gain=192.797 115.938 64.6002 44.9573 38.2674 29.7131 54.411 37.2362 78.898 51.7459 25.6034 23.4882 22.7366 18.4385
threshold=1.385 0.0065748581555160153 -0.096460266187562149 0.57757016892063218 2.0050000000000003 0.52500000000000013 1.0000000180025095e-35 0.0039094746625563384 0.0033091928707675027 2.6350000000000002 15.225000000000003 0.060209814114357448 32.010000000000012 0.14975820653481622
decision_type=2 8 10 8 2 2 2 10 10 2 2 10 2 10
left_child=5 2 -2 11 -4 6 13 8 -8 -10 -11 -3 -5 -1
right_child=1 3 4 12 -6 -7 7 -9 9 10 -12 -13 -14 -15
leaf_value=-0.033414621568964999 0.054184103565870743 0.0041949133283096327 0.035125853206572105 0.10888967141691032 -0.0060270410307278078 -0.025540210387677283 0.078642158406835624 -0.015596229658387938 -0.026190117938992938 0.057733039222952566 0.001537208755655289 0.054928051023989601 0.048929784913531497 0.0085698291569098924
leaf_weight=61.634168013930321 22.700640261173248 15.967929244041441 23.356323167681694 15.162626653909685 122.22358991205692 133.46543252468109 14.714851245284079 43.983963489532471 27.66049936413765 14.085657805204393 14.24149204790592 16.311008170247078 13.238350450992582 10.65742616355419
leaf_count=476 145 106 159 90 881 1005 103 327 204 100 100 104 80 80
internal_value=0.000229777 0.0212024 0.00825293 0.0563986 0.000769976 -0.0147748 -0.00699537 0.00586082 0.0192406 0.00252245 0.0304963 0.0307113 0.0835558 -0.0271927
internal_weight=549.404 228.96 168.281 60.6799 145.58 320.443 186.978 114.686 70.7025 55.9876 28.3271 32.2789 28.401 72.2916
internal_count=3960 1565 1185 380 1040 2395 1390 834 507 404 200 210 170 556
is_linear=0
shrinkage=0.03


Tree=5
num_leaves=15
num_cat=0
split_feature=22 4 24 4 6 22 13 4 23 16 21 9 2 13
split_gain=229.723 91.0937 60.3381 42.6753 34.1767 25.8211 46.8576 72.2095 30.1419 24.648 22.4719 23.2415 17.8745 17.603
threshold=1.3950000000000002 0.005911697174929534 -0.072943241639880765 0.003737690388650983 0.57757016892063218 0.51500000000000012 1.3893090857067787 0.0033585567879425003 0.70764094899657148 0.0085472166796500288 0.044031903618941576 0.0026246492754562986 0.02858005247663176 0.83471091610570136
decision_type=2 8 10 10 8 2 10 10 8 10 10 10 10 10
left_child=5 2 3 -2 9 6 8 -8 10 -3 11 -1 -6 -13
right_child=1 4 -4 -5 12 -7 7 -9 -10 -11 -12 13 -14 -15
leaf_value=-0.02543220163747132 0.078233218740877367 -0.0026316487433783236 -0.00013919193685139091 0.0044543990717876691 0.092952592303726531 -0.026215284285049139 0.062920961858111746 -0.0093560615930449471 -0.033770923916494569 0.046249925637601184 -0.026847835807765709 0.045291397607664464 0.045219802010194751 -0.0021634246099848319
leaf_weight=11.044538825750349 16.178078144788746 14.003479793667791 121.91741800308228 12.190367326140402 17.528575450181961 141.82554329931736 17.193949192762375 38.68970850110054 62.578629031777382 25.957637473940849 23.390155926346779 14.939532250165941 17.355510607361794 12.436903268098829
leaf_count=81 102 91 875 80 102 1085 120 281 493 164 175 108 101 89
internal_value=-0.000439613 0.022753 0.00915844 0.0477605 0.0495696 -0.0166703 -0.0090579 0.0135969 -0.0192631 0.0294744 -0.00427135 0.00980531 0.0711266 0.0244165
internal_weight=547.23 225.131 150.286 28.3684 74.8452 322.099 180.273 55.8837 124.39 39.9611 61.8111 38.421 34.8841 27.3764
internal_count=3947 1515 1057 182 458 2432 1347 401 946 255 453 278 203 197
is_linear=0
shrinkage=0.03


Tree=6
num_leaves=15
num_cat=0
split_feature=22 17 22 8 16 18 22 13 9 23 20 21 9 9
split_gain=216.109 53.4065 50.478 44.5625 34.73 26.5507 25.1776 44.6482 58.1809 29.5428 24.3207 21.4957 21.8491 16.1979
threshold=1.3950000000000002 0.043697524920875669 2.2950000000000004 -0.0034399253699022299 -0.016000796528761792 0.095000000000000015 0.51500000000000012 1.3893090857067787 0.0038239135918476121 0.70764094899657148 1.0000000180025095e-35 0.044031903618941576 0.0026246492754562986 0.0071328699008433713
decision_type=2 10 2 10 10 2 2 10 10 8 10 10 10 10
left_child=6 5 3 4 -3 -2 7 9 10 11 -9 12 -1 -5
right_child=1 2 -4 13 -6 -7 -8 8 -10 -11 -12 -13 -14 -15
leaf_value=-0.025131292005308802 -0.018443305484955482 -0.01127271040237803 0.0098613908134087651 0.071085046942897967 0.043815576266654492 0.018466343107034992 -0.025905027055097823 0.012574826491084795 -0.018461440555335423 -0.033563290676680436 0.067333400573938967 -0.026546271860464505 0.023360269773510793 0.031792477141807003
leaf_weight=10.85631103813648 34.90611557662487 17.855837896466255 62.006012931466103 42.277528613805771 22.310832276940346 33.292810723185539 139.26925909519196 14.532030612230303 26.910599172115326 61.105255387723446 14.907429873943327 22.964024245738983 27.811918631196022 15.300005510449408
leaf_count=81 249 118 433 262 141 223 1085 104 197 493 100 175 197 89
internal_value=-0.00042439 0.0218205 0.0312581 0.0445943 0.0196475 -0.000418571 -0.0163706 -0.00885335 0.0130975 -0.0189556 0.0416043 -0.00416823 0.00945567 0.0613649
internal_weight=546.306 227.949 159.75 97.7442 40.1667 68.1989 318.357 179.088 56.3501 122.738 29.4395 61.6323 38.6682 57.5775
internal_count=3947 1515 1043 610 259 472 2432 1347 401 946 204 453 278 351
is_linear=0
shrinkage=0.03


Tree=7
num_leaves=15
num_cat=0
split_feature=4 27 18 18 3 18 25 21 3 24 6 14 28 5
split_gain=124.179 56.4567 34.1766 42.2041 85.3257 49.2136 39.8258 34.7186 34.1493 32.6436 27.3242 26.1049 26.8155 16.556
threshold=0.0065748581555160153 0.14704398743666583 2.4150000000000005 1.5650000000000002 0.0028126483665794817 0.32000000000000006 0.055406382622521934 0.00670820393248795 0.0048185805810132638 -0.023982516492852015 0.41557883317444194 2.6350000000000002 0.01761830209540283 0.012185027689813348
decision_type=8 8 2 2 10 2 10 10 10 10 10 2 10 10
left_child=2 9 3 5 -5 6 7 -1 -4 10 -2 -6 -13 -9
right_child=1 -3 8 4 11 -7 -8 13 -10 -11 -12 12 -14 -15
leaf_value=-0.017341840331622789 -0.012656820675245511 -0.023061146518220325 -0.026095109896328079 0.086497977449826693 -0.028458457207728573 -0.02792111296112151 0.046314775071889275 0.0029739240097316662 0.027973938994239351 0.057363304363033961 0.046039400433105775 0.048047863049251571 -0.0040282103004514215 0.034887779778734931
leaf_weight=85.25900049507618 14.399899899959566 13.420100994408129 103.85943631082773 12.642770573496817 16.145207904279232 73.32437702268362 14.817039400339125 88.700036808848381 10.865582592785357 46.817335560917854 12.535248368978499 13.562088519334791 22.526735924184322 16.57621693611145
leaf_count=631 101 99 820 83 120 579 93 631 82 273 75 90 162 108
internal_value=-0.000415905 0.0321943 -0.00667553 -0.00191999 0.0196891 -0.00700305 0.000565194 -0.00321577 -0.0207768 0.0424227 0.0153298 0.00219747 0.0163097 0.0082799
internal_weight=545.451 87.1726 458.278 343.553 64.8768 278.677 205.352 190.535 114.725 73.7525 26.9351 52.234 36.0888 105.276
internal_count=3947 548 3399 2497 455 2042 1463 1370 902 449 176 372 252 739
is_linear=0
shrinkage=0.03


Tree=8
num_leaves=15
num_cat=0
split_feature=22 25 5 22 20 22 13 18 23 13 2 12 22 27
split_gain=194.917 56.7681 32.1629 31.3933 27.5071 24.2415 41.5034 37.725 28.8523 23.0781 21.9939 21.6173 29.3528 20.6063
threshold=1.3950000000000002 0.039247861936623059 0.012185027689813348 2.5150000000000001 0.063943766944354899 0.51500000000000012 1.3893090857067787 1.0650000000000002 0.70764094899657148 2.1193742636839201 -0.021570174945742645 -0.11081636174455632 1.7250000000000003 0.017730978812125157
decision_type=2 10 8 2 10 2 10 2 8 10 8 10 2 10
left_child=5 2 4 10 -2 6 8 -8 -1 -9 -3 -12 -13 -14
right_child=1 3 -4 -5 -6 -7 7 9 -10 -11 11 12 13 -15
leaf_value=-0.0038771492539959635 -0.012762801144250891 0.0051319263124694056 0.039588973085841687 -0.0065211889187817189 0.021885516103758534 -0.025404283170741712 -0.02499481126369921 0.010197803891018386 -0.033254277407233336 0.056992962899989209 0.066663529301017599 -0.0050615684810436344 0.060122823860444888 0.01757592754026922
leaf_weight=61.098912984132767 66.089560598134995 14.039851874113081 19.141058146953583 14.273631677031515 28.780910834670067 135.17013295739889 16.338270165026188 26.129739299416542 58.861706934869289 14.415240749716757 30.331126049160957 13.078320398926733 29.687336325645447 17.026013597846031
leaf_count=453 475 91 116 99 195 1085 122 182 493 97 176 84 172 107
internal_value=-0.000401841 0.0203458 0.00515499 0.0348035 -0.00213288 -0.0158743 -0.00848816 0.0124709 -0.0184475 0.0278066 0.0404745 0.0458636 0.0343892 0.0453088
internal_weight=544.462 232.448 114.012 118.436 94.8705 312.014 176.844 56.8833 119.961 40.545 104.163 90.1228 59.7917 46.7133
internal_count=3947 1515 786 729 670 2432 1347 401 946 279 630 539 363 279
is_linear=0
shrinkage=0.03


Tree=9
num_leaves=15
num_cat=0
split_feature=22 3 24 28 22 17 13 3 14 3 22 19 27 2
split_gain=183.526 44.5265 44.3392 23.7377 23.624 39.9186 51.5846 32.0469 32.7888 23.3724 20.4183 35.0597 23.4193 20.0364
threshold=1.3950000000000002 0.0068978889352999664 -0.11778303565638339 0.0095737888623980121 0.51500000000000012 0.057408966840418268 1.399914906330078 0.0034724198077665416 2.8850000000000002 0.0074832109500482594 2.3350000000000004 0.037783461676853876 -0.029717472103449879 -0.010809351671432486
decision_type=2 8 10 10 2 10 10 10 2 10 2 10 10 10
left_child=4 2 -2 -4 5 6 -1 -8 -9 -3 11 -5 -12 -14
right_child=1 9 3 10 -6 -7 7 8 -10 -11 12 -13 13 -15
leaf_value=-0.01237559224644697 0.058680368260028357 0.074818464100103468 -0.015636282414697261 0.010288820247780014 -0.02510048286190782 -0.03131567766793758 0.064173325538724735 -0.021787267566344741 0.042620351019864215 0.029086615208166838 0.032863942722552143 0.052672960037187924 0.015039044669184534 -0.028074012286477962
leaf_weight=87.515990145504475 16.256791234016418 15.468903586268423 30.206536293029785 64.480427771806717 132.75085447728634 47.990292951464653 13.519997447729109 14.362166896462442 12.305658742785452 32.241728127002716 12.504958033561705 23.50764188170433 14.400592207908629 25.8406942486763
leaf_count=681 91 82 219 416 1085 391 86 106 83 188 87 143 104 185
internal_value=-0.000390113 0.0195426 0.012812 0.00813397 -0.0155848 -0.0082935 0.000534179 0.0282654 0.00839937 0.0451455 0.0133102 0.0220772 -0.00145293 -0.0126552
internal_weight=543.353 234.908 187.198 170.941 308.445 175.694 127.704 40.1878 26.6678 47.7106 140.734 87.9881 52.7462 40.2413
internal_count=3947 1515 1245 1154 2432 1347 956 275 189 270 935 559 376 289
is_linear=0
shrinkage=0.03


Tree=10
num_leaves=15
num_cat=0
split_feature=22 4 24 22 17 13 23 3 14 28 5 6 18 22
split_gain=160.211 66.3814 45.5622 23.4338 37.4283 27.7637 25.7158 22.6791 25.0199 41.9615 19.0201 20.5085 20.8218 17.1279
threshold=1.385 0.005911697174929534 -0.11537407534971457 0.52500000000000013 0.049792992093466458 2.0949387582021619 inf 0.0027155356663769834 2.6350000000000002 0.017063278505843819 0.012185027689813348 -0.40241162945900077 0.15500000000000003 2.4350000000000005
decision_type=2 8 10 2 10 10 8 10 2 10 10 10 2 2
left_child=3 2 -2 4 5 6 7 -1 -9 -10 11 12 -4 -3
right_child=1 13 10 -5 -6 -7 -8 8 9 -11 -12 -13 -14 -15
leaf_value=0.036071990143044505 0.05036612760846617 0.045409506137798379 -0.0007043355746937577 -0.024577694110550607 -0.024759613148748982 0.037583668848462252 -0.027995770907601802 -0.031952227747461696 0.04834400423480277 -0.016255485974692049 0.028222214722426912 -0.013775095290830703 0.043543823623126782 0.0091020498469993171
leaf_weight=16.451136007905006 17.771087244153023 70.723083153367043 34.846038550138474 121.94733544439077 68.912322849035263 16.805525824427605 26.096900045871735 17.245043523609638 14.631993301212786 20.655359759926796 18.270486831665039 72.784206286072731 12.179695174098013 14.662311896681784
leaf_count=117 97 385 252 1017 561 114 221 132 101 152 115 517 83 94
internal_value=5.33419e-05 0.0182508 0.00651282 -0.0144593 -0.00753682 0.00319633 -0.00320957 0.00643326 -0.00334891 0.0111249 0.000547295 -0.00387168 0.011424 0.0393524
internal_weight=543.983 241.237 155.852 302.746 180.798 111.886 95.0804 68.9835 52.5324 35.2874 138.08 119.81 47.0257 85.3854
internal_count=3958 1543 1064 2415 1398 837 723 502 385 253 967 852 335 479
is_linear=0
shrinkage=0.03


Tree=11
num_leaves=15
num_cat=0
split_feature=22 4 6 18 14 4 22 22 16 9 4 14 22 28
split_gain=150.924 60.4612 26.3824 37.5044 36.551 29.8431 22.7986 35.4564 28.1331 26.8498 48.8692 49.9832 15.3908 18.3775
threshold=1.385 0.005911697174929534 1.4397292404958257 0.19500000000000003 2.2750000000000004 0.0030689289093959898 0.52500000000000013 -0.024999999999999998 0.050651557600967963 0.0038239135918476121 0.0033091928707675027 2.6350000000000002 2.4350000000000005 0.035211499662778818
decision_type=2 8 10 2 2 10 2 2 10 10 10 2 2 10
left_child=6 2 3 5 -4 -2 7 -1 9 10 -9 -12 13 -3
right_child=1 12 4 -5 -6 -7 -8 8 -10 -11 11 -13 -14 -15
leaf_value=-0.026772722924985167 0.034383989237960405 0.051847141882892279 0.051764501518930674 0.043435963192827318 -0.009844130745137826 -0.012671895352919609 -0.024277454131896473 0.070326768768686293 -0.026125485215692662 -0.010043775644945315 -0.026028065684668821 0.03556265289666246 0.0088000882860292586 0.016038487696291966
leaf_weight=56.664882391691208 12.9412325322628 53.942694008350372 21.946868672966957 14.354169964790342 13.480220749974249 93.561497047543526 119.79687438905239 13.187715254724024 24.911204844713211 39.353227332234383 21.636801242828369 23.952860094606876 14.743517339229582 18.381529748439789
leaf_count=493 86 286 127 95 89 667 1017 82 191 305 166 161 94 99
internal_value=5.25053e-05 0.017562 0.00631528 -0.000426689 0.0286953 -0.00668744 -0.0141854 -0.00736062 0.00172307 0.00898487 0.02168 0.00640051 0.0374486 0.0430891
internal_weight=542.855 243.352 156.284 120.857 35.4271 106.503 299.504 179.707 123.042 98.1306 58.7774 45.5897 87.0677 72.3242
internal_count=3958 1543 1064 848 216 753 2415 1398 905 714 409 327 479 385
is_linear=0
shrinkage=0.03


Tree=12
num_leaves=15
num_cat=0
split_feature=22 4 24 22 22 16 9 4 14 5 18 4 28 22
split_gain=142.268 55.2576 39.9725 22.1627 34.2394 26.1386 26.6623 39.6649 53.5343 16.6006 17.3533 21.5992 14.565 13.9004
threshold=1.385 0.005911697174929534 -0.11537407534971457 0.52500000000000013 -0.034999999999999996 0.050651557600967963 0.0038239135918476121 0.0034575995593759718 2.6350000000000002 0.012185027689813348 0.19500000000000003 0.0030641019044173935 0.017503974112292129 2.4350000000000005
decision_type=2 8 10 2 2 10 10 10 2 10 2 10 10 2
left_child=3 2 -2 4 -1 6 7 -6 -9 10 11 -4 -8 -3
right_child=1 13 9 -5 5 -7 12 8 -10 -11 -12 -13 -14 -15
leaf_value=-0.027182051018678616 0.046363790107915998 0.040982488565207136 0.02941088447744886 -0.023979054635086389 0.057094959815265758 -0.025822032160239039 0.018018014052413222 -0.030801518050322132 0.03475828556797482 0.025866453102564677 0.026084658470801683 -0.012836774610123345 -0.021353384176582772 0.0085097259408151004
leaf_weight=52.947784274816513 18.473337292671204 73.803874582052231 11.353103145956991 117.69346059858799 17.677314423024654 24.466347880661488 10.834412530064581 19.807509638369083 23.325596503913403 18.850966677069664 14.375588729977606 93.653389766812325 29.514562860131264 14.822089791297911
leaf_count=472 97 385 77 1017 111 191 82 155 154 115 97 678 233 94
internal_value=5.24082e-05 0.016912 0.00612322 -0.0139185 -0.0071913 0.00138237 0.00815037 0.0205628 0.00463627 0.000451132 -0.00374359 -0.00803468 -0.0106014 0.0357072
internal_weight=541.599 245.332 156.706 296.267 178.574 125.626 101.159 60.8104 43.1331 138.233 119.382 105.006 40.349 88.626
internal_count=3958 1543 1064 2415 1398 926 735 420 309 967 852 755 315 479
is_linear=0
shrinkage=0.03


Tree=13
num_leaves=15
num_cat=0
split_feature=22 4 24 22 17 4 4 17 14 28 28 8 6 18
split_gain=134.444 56.2522 35.9467 24.772 34.5905 24.78 42.6914 56.7882 32.978 30.9685 17.9532 18.6848 14.8793 20.7442
threshold=1.3450000000000004 0.005911697174929534 -0.11778303565638339 0.52500000000000013 0.056516182949423149 0.0026669833433616359 0.003418219261001124 0.034713109915419996 2.6350000000000002 0.016879977541141917 0.01111171534290391 -0.0032857326862800735 1.8359812934390225 0.19500000000000003
decision_type=2 8 10 2 10 10 10 10 2 10 10 10 10 2
left_child=3 2 -2 4 5 -1 7 -7 -8 -10 -3 -12 13 -4
right_child=1 10 12 -5 -6 6 8 -9 9 -11 11 -13 -14 -15
leaf_value=-0.02480225173818203 0.043537188500778076 0.059895598612046456 -0.0083889272561806904 -0.025206576069889235 -0.028863605291166428 -0.016817272755138675 -0.030822143986242383 0.061820470385246497 0.035850195529991691 -0.014354010390448346 0.0069250815213305573 0.0384278533879822 0.024918624203168312 0.027893495927011284
leaf_weight=25.832625888288021 18.318601280450821 19.352998547255993 109.76475570350885 109.03644450008869 46.805744975805283 12.25023929029703 27.811498798429966 22.321816593408585 20.866710036993027 21.550749726593494 27.279089003801346 46.083213999867439 17.683087520301342 15.278896033763884
leaf_count=213 95 104 795 960 411 101 224 151 138 160 160 237 108 101
internal_value=5.14455e-05 0.0159197 0.00513136 -0.0140111 -0.00702885 0.00095434 0.00747755 0.0342666 -0.00600598 0.0106002 0.0344042 0.0269645 -6.65521e-05 -0.0037695
internal_weight=540.236 253.761 161.045 286.476 177.439 130.634 104.801 34.5721 70.229 42.4175 92.7153 73.3623 142.727 125.044
internal_count=3958 1600 1099 2358 1398 987 774 252 522 298 501 397 1004 896
is_linear=0
shrinkage=0.03


Tree=14
num_leaves=15
num_cat=0
split_feature=22 3 22 25 22 17 13 3 21 20 9 3 23 21
split_gain=126.961 33.1723 24.2262 30.7911 24.0837 33.4075 24.1368 33.6246 21.8123 42.6328 29.3959 20.7305 20.3425 26.1397
threshold=1.3450000000000004 0.0068978889352999664 2.3350000000000004 0.030105079130832459 0.52500000000000013 0.056516182949423149 1.399914906330078 0.0034724198077665416 0.0091766293548141212 0.038524873433476221 0.0038087762041973199 0.007363857199235953 0.70764094899657148 0.044031903618941576
decision_type=2 8 2 10 2 10 10 8 10 10 10 10 8 10
left_child=4 2 3 -2 5 6 12 -8 10 -10 -5 -3 13 -1
right_child=1 11 -4 8 -6 -7 7 -9 9 -11 -12 -13 -14 -15
leaf_value=0.016355446063806768 -0.0071216102896141335 0.062133943504251936 -0.005901632360633422 0.0086088679581825377 -0.024921270386294481 -0.028614915028294993 0.054644109497406598 -0.00012926185305473935 -0.0056030624922272466 0.044480496043955202 0.063178370333762154 0.022361233617741779 -0.029844875706978642 -0.023534640738494449
leaf_weight=38.353389419615269 36.003968469798565 17.368252150714397 62.460904486477375 14.63240823894739 107.01830508559942 45.819794446229935 14.470808029174803 28.972111329436302 39.063062481582165 23.94133373349905 23.112452030181885 38.900092020630836 26.043775536119938 22.684741079807281
leaf_count=274 256 85 446 93 960 411 86 209 250 133 125 212 234 184
internal_value=5.05237e-05 0.0153552 0.00951401 0.0165467 -0.0137538 -0.00687429 0.000917139 0.0189347 0.0249917 0.013826 0.0427918 0.0355084 -0.00818429 0.00138996
internal_weight=538.845 255.482 199.214 136.753 283.363 176.345 130.525 43.4429 100.749 63.0044 37.7449 56.2683 87.0819 61.0381
internal_count=3958 1600 1303 857 2358 1398 987 295 601 383 218 297 692 458
is_linear=0
shrinkage=0.03


Tree=15
num_leaves=15
num_cat=0
split_feature=22 22 25 22 24 8 16 4 9 9 3 21 4 4
split_gain=122.334 33.2012 32.6331 30.8095 38.864 28.3011 27.7754 34.65 25.1919 24.4439 24.2754 22.7439 22.2825 21.9153
threshold=1.3950000000000002 2.4850000000000008 0.030105079130832459 0.50500000000000012 -0.62638148424768392 -0.022171146227159873 0.051557809664850081 0.0033328805788919611 0.0033659575395490922 0.005639050917871819 0.0046470365938198494 0.013817319185527383 0.004933317860591536 0.0057364881443208726
decision_type=2 2 10 2 10 10 10 10 10 10 10 10 10 8
left_child=3 2 12 4 10 11 7 -6 -7 -10 -1 -4 -2 -11
right_child=1 -3 5 -5 6 8 -8 -9 9 13 -12 -13 -14 -15
leaf_value=-0.028313676987145882 -0.018902902840122665 -0.0071333905500884512 0.025441298248072099 -0.02455174653186476 0.044805330751263993 -0.0021074717902645652 -0.027549945023618433 0.0019944473603541362 0.049075593736964289 -0.0019400273479018304 0.011595622804513765 -0.026966193339279781 0.029604914438969027 0.036972806576792555
leaf_weight=63.740434624254704 26.812036193907261 46.725658714771271 13.800986766815187 120.98082516342402 24.051761128008366 16.805599361658096 15.16495483368635 53.352425277233124 66.435888081789017 21.836672723293304 16.803942911326885 14.013139992952345 11.303223378956316 30.936887815594673
leaf_count=582 192 335 77 1089 158 107 122 391 367 128 128 91 78 153
internal_value=7.77408e-05 0.0155333 0.0207872 -0.012999 -0.00483064 0.0265738 0.00839499 0.0156988 0.0321747 0.036985 -0.0199473 -0.000981842 -0.00412863 0.0211348
internal_weight=542.764 248.67 201.944 294.094 173.114 163.829 92.5691 77.4042 136.015 119.209 80.5444 27.8141 38.1153 52.7736
internal_count=3998 1528 1193 2470 1381 923 671 549 755 648 710 168 270 281
is_linear=0
shrinkage=0.03


Tree=16
num_leaves=15
num_cat=0
split_feature=22 22 22 22 16 25 2 4 4 28 3 4 5 18
split_gain=115.325 30.9853 29.9041 37.1069 29.448 29.1844 24.2061 23.3928 63.392 33.336 32.1648 20.9746 16.3843 16.1301
threshold=1.3950000000000002 2.5150000000000001 0.50500000000000012 -0.064999999999999988 0.050651557600967963 0.030105079130832459 -0.021570174945742645 0.0026804871504193706 0.0034575995593759718 0.016879977541141917 0.0048734275122960047 0.004933317860591536 -0.0073540625475522316 0.16500000000000004
decision_type=2 2 2 2 10 10 8 10 10 10 8 10 10 2
left_child=2 5 3 -1 7 11 -7 -5 -9 10 -10 -2 -8 -3
right_child=1 13 -4 4 -6 6 12 8 9 -11 -12 -13 -14 -15
leaf_value=-0.027542155920590436 -0.018579933882324443 -0.021743712073160282 -0.024264683103179644 -0.023582475036107605 -0.027996942682008693 -0.0051931801033789316 0.055906422851325084 0.055786221777112316 -0.004189836353733779 -0.018161654642299394 0.058378019386239426 0.028291518255248782 0.025131197961464111 0.016499737866018851
leaf_weight=45.797927007079124 26.482178002595901 27.318992808461189 118.78494529426098 14.899140149354933 20.927622005343437 20.761040031909943 17.782916247844696 24.809059888124466 16.071564957499508 37.308668307960033 12.504059359431265 11.516204863786696 132.05074499547482 14.396017350256441
leaf_count=443 192 205 1089 120 173 124 99 158 118 289 80 78 731 99
internal_value=7.20933e-05 0.0149719 -0.0127471 -0.00471335 0.00370143 0.0196776 0.0249472 0.0101875 0.015932 0.000314938 0.0242366 -0.00401336 0.0291302 -0.00846845
internal_weight=541.411 250.308 291.103 172.318 126.52 208.593 170.595 105.592 90.6934 65.8843 28.5756 37.9984 149.834 41.715
internal_count=3998 1528 2470 1381 938 1224 954 765 645 487 198 270 830 304
is_linear=0
shrinkage=0.03


Tree=17
num_leaves=15
num_cat=0
split_feature=22 22 24 22 9 16 4 3 8 25 27 13 5 8
split_gain=108.76 28.9909 36.3412 28.8625 29.2991 25.2797 30.3176 22.9497 22.0674 25.3475 21.534 19.8565 18.3671 26.0085
threshold=1.3950000000000002 0.50500000000000012 -0.62638148424768392 2.4850000000000008 0.003210291238046959 0.051557809664850081 0.0033328805788919611 0.0046470365938198494 -0.013344214331774127 0.03021631582740536 0.0051259201232527482 0.91686211585728561 0.0014284955027085357 0.024678446965441751
decision_type=2 2 10 2 10 10 10 10 10 10 10 10 10 10
left_child=1 2 7 4 10 6 -4 -1 -6 -10 -2 -8 -11 -14
right_child=3 -3 5 -5 8 -7 11 -9 9 12 -12 -13 13 -15
leaf_value=-0.027921994056006576 -0.027435007774764781 -0.023978976458900111 0.041528567162085188 -0.0068417248250985212 0.00591671924223306 -0.026993622628194297 0.02958029433400379 0.010852213400400554 -0.0017574397214451213 0.051829879476410642 0.022047657810338579 -0.0097721245910132246 0.03624422896401628 -0.0056136820652429101
leaf_weight=61.565003670752048 18.484322473406795 116.63879819214344 24.862557858228683 46.332799658179283 45.785693764686584 14.580036215484141 15.397462166845797 17.015911795198917 18.882366113364697 40.60859788954258 12.393821246922014 37.981038145720959 51.958634868264198 17.541000619530678
leaf_count=582 128 1089 158 335 271 122 108 128 131 221 86 283 267 89
internal_value=6.65774e-05 -0.0125058 -0.00460458 0.0144304 0.0192329 0.00807481 0.0148679 -0.019495 0.0239725 0.0302867 -0.00750515 0.00191462 0.0357483 0.0257499
internal_weight=540.028 288.041 171.402 251.987 205.654 92.8211 78.2411 78.5809 174.776 128.991 30.8781 53.3785 110.108 69.4996
internal_count=3998 2470 1381 1528 1193 671 549 710 979 708 214 391 577 356
is_linear=0
shrinkage=0.03


Tree=18
num_leaves=15
num_cat=0
split_feature=22 22 17 13 21 22 9 10 2 25 6 13 8 22
split_gain=102.562 28.1226 34.9683 40.7255 27.602 26.947 29.5287 25.1191 19.2087 22.1914 21.5076 28.741 19.4194 18.7127
threshold=1.3950000000000002 0.50500000000000012 0.049792992093466458 2.0949387582021619 0.021688524100177891 2.5150000000000001 0.003210291238046959 15.225000000000003 -0.021570174945742645 0.02928534751283254 -0.72611409263639803 0.83471091610570136 -0.0034399253699022299 2.1150000000000007
decision_type=2 2 10 10 10 2 10 2 8 10 8 10 10 2
left_child=1 2 3 4 7 6 -2 -1 -8 -10 -11 -12 -13 -14
right_child=5 -3 -4 -5 -6 -7 8 -9 9 10 11 12 13 -15
leaf_value=0.035249688579216003 -0.0082442322546885365 -0.023694519102746961 -0.022226565145249705 0.04862168165884706 -0.016316779756566049 -0.0081066994618084563 -0.0035953961914335108 -0.012005115582071849 -0.0086626761320675576 0.062584996586910482 0.062549007431895814 0.0019300442825247197 0.035668275617256578 -0.0015450574835485955
leaf_weight=24.12366559356451 31.764060571789742 114.54179538786411 62.246060639619827 15.906138174235819 52.013802759349346 41.275319516658783 21.471111238002777 16.288789436221123 14.298587024211882 15.66860508918762 15.732971429824827 36.806754499673843 61.52147202193737 14.997800394892691
leaf_count=160 221 1089 565 99 440 304 129 117 101 84 81 213 311 84
internal_value=6.21884e-05 -0.012262 -0.00449185 0.00580832 -0.00200123 0.0139154 0.0182156 0.016373 0.0228918 0.0264681 0.0299746 0.0255647 0.019928 0.0284486
internal_weight=538.657 285.12 170.578 108.332 92.4263 253.537 212.261 40.4125 180.497 159.026 144.728 129.059 113.326 76.5193
internal_count=3998 2470 1381 816 717 1528 1224 277 1003 874 773 689 608 395
is_linear=0
shrinkage=0.03


Tree=19
num_leaves=15
num_cat=0
split_feature=22 22 22 9 13 25 6 20 9 22 24 28 12 22
split_gain=96.8095 27.2833 33.6981 30.458 27.466 25.4136 26.8971 22.5252 17.3143 17.4531 16.4741 15.3292 12.6656 18.2924
threshold=1.3950000000000002 0.50500000000000012 -0.064999999999999988 0.0038838970276950115 2.2133586641929139 0.039247861936623059 1.4073164179366457 0.048162608873412179 0.0089650965443498539 2.4850000000000008 0.12370408665692048 0.01681272002588741 -0.11708822250540905 1.7250000000000003
decision_type=2 2 2 10 10 10 8 10 10 2 10 10 10 2
left_child=1 2 -1 4 10 6 7 -2 9 12 -4 -9 -7 -14
right_child=5 -3 3 -5 -6 8 -8 11 -10 -11 -12 -13 13 -15
leaf_value=-0.026901479238926121 -0.015644572144133166 -0.023411215894310083 0.014782476689663494 -0.015792341008781047 0.053496107201776312 0.045006063845712305 0.029776110771860965 -0.001412592191816912 -0.0074010781730507978 -0.002982354684163691 -0.019291769353334674 0.039439067504110518 -0.0025782763366084902 0.031553528347878966
leaf_weight=43.294969826936722 58.42803979665041 112.49330824613571 52.026193656027317 45.965014033019543 12.59945175051689 35.313289403915405 25.480509974062443 20.593094989657402 15.426261007785795 16.165276877582073 15.886018402874468 12.737695619463919 19.132124915719032 51.564605906605721
leaf_count=443 423 1089 358 380 74 177 143 133 82 111 126 83 106 270
internal_value=6.24725e-05 -0.0120195 -0.0043782 0.00348242 0.0145453 0.0134392 0.00312975 -0.00451091 0.0221372 0.0258966 0.00664755 0.0148933 0.030287 0.0224096
internal_weight=537.106 282.265 169.772 126.477 80.5117 254.841 117.239 91.7588 137.602 122.175 67.9122 33.3308 106.01 70.6967
internal_count=3998 2470 1381 938 558 1528 782 639 746 664 484 216 553 376
is_linear=0
shrinkage=0.03


Tree=20
num_leaves=15
num_cat=0
split_feature=4 4 4 24 3 1 2 26 13 4 17 18 13 9
split_gain=64.6361 25.6656 20.5543 20.2538 25.7904 21.0645 20.2515 17.8868 20.3197 16.4049 29.5426 31.1874 15.4228 18.1822
threshold=0.0066546033100132081 0.0023650802616427906 0.0073023459368579133 -0.055740132744502034 0.0031806330463294633 -0.0060660931141869314 0.025287974002763173 0.017874428169591287 2.2964490490461951 0.0038513151271846579 0.04900993364527869 1.5650000000000002 0.90545764156795638 0.003173100719622163
decision_type=8 10 8 8 10 10 8 10 10 10 10 2 10 10
left_child=1 -1 -2 5 -5 -3 -4 8 12 10 11 -7 13 -6
right_child=2 3 6 4 7 9 -8 -9 -10 -11 -12 -13 -14 -15
leaf_value=-0.031808017066460345 0.048193418693348422 -0.02248394020627786 0.0022313667133555351 -0.01883062159552986 -0.0054141158539333153 -0.013492254730635131 0.035291264384897048 -0.013202177253431988 0.038220754844689606 -0.0024595641765771336 0.045337919088661145 0.03812441224536469 -0.0070351397628834866 0.035173434444057364
leaf_weight=27.175570286810398 22.056888267397881 17.204843744635582 43.147028431296349 100.29642418771982 17.877830415964127 27.784981749951839 26.333501249551773 58.987469509243965 15.111123867332934 42.065054297447205 26.709001585841179 15.644920550286768 64.133658066391945 20.715887904167175
leaf_count=266 116 135 266 893 134 242 133 446 96 287 178 97 491 138
internal_value=0.000731767 -0.00411598 0.0234968 -0.00219133 -0.00676058 0.0075703 0.0150842 0.000152988 0.00689314 0.0123366 0.0211203 0.00554139 0.00196082 0.0167101
internal_weight=525.244 433.707 91.5374 406.531 277.122 129.409 69.4805 176.826 117.839 112.204 70.1389 43.4299 102.727 38.5937
internal_count=3918 3403 515 3137 2198 939 399 1305 859 804 517 339 763 272
is_linear=0
shrinkage=0.03


Tree=21
num_leaves=15
num_cat=0
split_feature=4 27 4 24 3 1 6 20 24 3 18 25 4 20
split_gain=60.4918 25.886 24.9104 19.113 24.7451 19.9435 17.5593 21.0447 16.207 15.2841 30.9714 16.6854 24.0201 13.9756
threshold=0.0066546033100132081 0.13727053770236444 0.0023650802616427906 -0.055740132744502034 0.0031806330463294633 -0.0060660931141869314 -2.2063908700152655 -0.1972229244936268 -0.035215343128289535 0.0027861446953247973 1.5650000000000002 0.028421163057434702 0.0043586199111950346 -0.11778303565638347
decision_type=8 8 10 8 10 10 10 10 10 10 2 10 10 10
left_child=2 8 -1 5 -5 -4 -6 -8 -2 10 -7 -11 -13 -10
right_child=1 -3 3 4 6 9 7 -9 13 11 -12 12 -14 -15
leaf_value=-0.031632255033117646 0.0075324992478604438 -0.015300379496819746 -0.022167474787447478 -0.018524367531368022 0.035891161573169135 0.0029734617220811004 0.030092230655949744 -0.0057861707659239009 0.015155763749043934 -0.0098883081129156822 0.062634351863134111 0.033092161753646612 -0.01158193332943588 0.048055029021139485
leaf_weight=26.522209592163563 23.141296073794365 13.238025702536104 16.945179119706154 98.933283880352974 10.571819238364695 17.754950679838661 15.297643408179281 150.82468690723181 18.409251004457474 36.735385105013847 13.161300309002398 28.838655598461628 16.357946701347828 37.560499794781208
leaf_count=266 137 101 135 893 71 153 98 1136 97 279 73 189 110 180
internal_value=0.000713639 0.022616 -0.00401049 -0.00213012 -0.00659344 0.00732605 0.000153494 -0.00232196 0.0290725 0.0119106 0.0295383 0.00498297 0.0170226 0.03769
internal_weight=524.292 92.3491 431.943 405.421 275.627 129.793 176.694 166.122 79.111 112.848 30.9163 81.932 45.1966 55.9698
internal_count=3918 515 3403 3137 2198 939 1305 1234 414 804 226 578 299 277
is_linear=0
shrinkage=0.03


Tree=22
num_leaves=15
num_cat=0
split_feature=22 5 13 22 13 12 18 20 18 13 18 3 5 21
split_gain=87.8605 29.9726 28.4977 25.6651 22.6562 22.4561 22.3731 28.0391 20.8479 37.8202 28.8349 46.2039 23.4369 21.2516
threshold=1.405 0.0097375451144225827 0.90545764156795638 2.1150000000000007 2.4977703842313908 0.52191137680048449 0.13500000000000004 -0.0044854173724889193 1.5650000000000002 2.0949387582021619 2.4150000000000005 0.002887077619947723 -0.0084770708430528616 0.003244428422592201
decision_type=2 8 10 2 8 10 2 10 2 10 2 8 10 8
left_child=5 4 -3 -4 6 8 -2 -8 -1 10 11 -10 -12 -13
right_child=1 2 3 -5 -6 -7 7 -9 9 -11 12 13 -14 -15
leaf_value=-0.023015620039172929 -0.007594940167110791 0.061131472625824267 0.029154467990366074 -0.014742010612099617 0.035019063751810582 0.032138281420409975 -0.011062206791388579 0.029401874932679865 0.057855288942345207 0.038790868302791728 0.018093515672062667 0.020436342549343095 -0.027050620070784032 -0.024760432070700951
leaf_weight=107.44222363829613 88.604383632540703 17.658524699509144 46.826736688613892 15.302422210574148 20.641257919371128 9.3961199000477773 23.059786543250084 42.993076093494892 11.376825354993342 14.48071253299713 11.256940729916094 13.745413675904272 75.541929662227631 24.916725739836693
leaf_count=1038 603 87 230 89 109 66 153 255 72 94 89 93 734 206
internal_value=0.000696276 0.013274 0.0284035 0.0182805 0.00626574 -0.0112733 0.00222787 0.0153211 -0.0129673 -0.00572831 -0.0106867 0.007361 -0.0210565 -0.00858166
internal_weight=523.243 255.086 79.7877 62.1292 175.299 268.157 154.657 66.0529 258.761 151.319 136.838 50.039 86.7989 38.6621
internal_count=3918 1526 406 319 1120 2392 1011 408 2326 1288 1194 371 823 299
is_linear=0
shrinkage=0.03


Tree=23
num_leaves=15
num_cat=0
split_feature=22 22 25 2 12 18 13 18 3 5 21 14 16 21
split_gain=82.8539 28.0046 24.163 25.1861 21.1677 20.2405 35.3266 27.6925 42.4833 22.6083 20.2473 15.4873 14.1811 24.2762
threshold=1.405 2.4850000000000008 0.03021631582740536 -0.021570174945742645 0.52191137680048449 1.5650000000000002 2.0949387582021619 2.4150000000000005 0.002887077619947723 -0.0084770708430528616 0.003244428422592201 3.4450000000000007 -1.0000000180025095e-35 0.0094451324138752329
decision_type=2 2 10 8 10 2 10 2 8 10 8 2 10 10
left_child=4 2 -2 -4 5 -1 7 8 -7 -9 -10 -3 -5 -14
right_child=1 11 3 12 -6 6 -8 9 10 -11 -12 -13 13 -15
leaf_value=-0.022729101015534152 -0.0031810319329115336 -0.026154360645475161 -0.010460686237388698 0.015900007025039384 0.030721854043824239 0.054705687463377797 0.036958531624656184 0.017399662583716138 0.019627488556966173 -0.026796577697664848 -0.024458073631534561 0.0075073741853834324 0.052109122877373022 0.019119598273749951
leaf_weight=105.57376125454903 40.464740797877312 21.366720579564571 18.028340190649033 66.708057530224323 9.5777042955160123 11.722952991724013 14.787428788840769 11.392429150640963 13.920979008078573 74.003187015652657 24.486910343170166 26.589893005788326 38.529188230633736 44.6192686855793
leaf_count=1038 290 161 105 356 66 72 94 89 93 734 206 192 188 234
internal_value=0.000683352 0.0128244 0.0175671 0.0225572 -0.011043 -0.0127197 -0.00558578 -0.0104645 0.00714869 -0.0207673 -0.00838663 -0.00771825 0.0265723 0.0348438
internal_weight=521.772 256.306 208.35 167.885 265.465 255.888 150.314 135.526 50.1308 85.3956 38.4079 47.9566 149.857 83.1485
internal_count=3918 1526 1173 883 2392 2326 1288 1194 371 823 299 353 778 422
is_linear=0
shrinkage=0.03


Tree=24
num_leaves=15
num_cat=0
split_feature=22 4 12 17 22 13 4 28 4 9 21 8 21 22
split_gain=78.103 33.5637 19.9658 18.3252 25.5587 26.2131 82.6809 18.2309 21.8029 21.2451 27.1067 26.7162 19.6382 15.3022
threshold=1.405 0.0058743903243480911 0.52191137680048449 0.061962423845865595 0.52500000000000013 1.3893090857067787 0.0034575995593759718 0.011977816359138504 0.004933317860591536 0.005639050917871819 0.0097332852678378677 -0.0090735558775447683 0.0072183054828377693 2.3950000000000005
decision_type=2 8 10 8 2 10 10 10 10 10 10 10 10 2
left_child=2 7 3 4 5 -1 -7 8 -2 10 12 -12 -9 -3
right_child=1 13 -4 -5 -6 6 -8 9 -10 -11 11 -13 -14 -15
leaf_value=-0.0092925075467821371 -0.030199920096315475 0.032330735052903091 0.029395783099837539 -0.030767532719020271 -0.02090051447658231 0.075657965877391528 -0.013329949569788136 0.01480036996165437 0.012609737286847923 -0.01094298318250116 -0.026854770532627473 0.018463112842363016 0.057769341970285631 0.0020431289613334598
leaf_weight=84.057207904756069 24.934974454343319 76.388126865029335 9.7518526017665845 40.451561495661736 90.117478385567665 14.050535023212431 24.378552101552486 20.900975964963436 17.485406890511513 31.405092529952526 17.097367964684963 32.185235992074013 18.264417983591557 18.800818532705307
leaf_count=717 185 352 66 421 928 75 185 143 125 193 117 190 112 109
internal_value=0.00066714 0.0123866 -0.0108174 -0.0124767 -0.00886875 8.10074e-05 0.0202997 0.00403612 -0.01267 0.0100049 0.0174821 0.0025198 0.0357779 0.026432
internal_weight=520.27 257.462 262.807 253.055 212.604 122.486 38.4291 162.273 42.4204 119.853 88.448 49.2826 39.1654 95.1889
internal_count=3918 1526 2392 2326 1905 977 260 1065 310 755 562 307 255 461
is_linear=0
shrinkage=0.03


Tree=25
num_leaves=15
num_cat=0
split_feature=22 5 13 22 25 6 10 10 13 18 18 3 28 13
split_gain=60.4156 31.6482 20.511 20.908 17.7654 17.3519 15.5717 20.7036 16.4002 15.3022 51.3091 49.5416 31.1151 15.133
threshold=1.405 0.0097375451144225827 0.92202943038152341 2.0950000000000002 0.039468505581484632 -2.2730382067487711 19.985000000000003 24.255000000000006 2.5933273025983183 2.4150000000000005 1.5650000000000002 0.0034407277279203978 0.016152694977049183 1.6661606389127883
decision_type=2 8 10 2 10 8 2 2 10 2 2 8 8 10
left_child=5 4 -3 -4 -2 -1 -6 -8 -9 10 -7 -12 -13 -11
right_child=1 2 3 -5 6 9 7 8 -10 13 11 12 -14 -15
leaf_value=0.027973048256131866 -0.0066686404310469932 0.054063036374665328 0.02658509664557868 -0.013060898560009677 -0.004366855045666731 -0.018955949024741518 0.04734297285176562 -0.0073880798235349057 0.031521533777130205 -0.026708245570028915 0.051303190727288006 0.029913702995439512 -0.02324089527444996 0.0066907562279627329
leaf_weight=9.2987779006361944 89.21214909106493 16.793806821107864 48.181516118347645 15.143139705061911 32.260286048054695 107.18043062090874 17.892930686473846 23.011209920048714 15.552956417202948 78.370937585830688 21.106046445667744 14.457219213247297 26.673913799226284 14.012116990983484
leaf_count=70 629 79 230 87 191 1075 95 133 77 798 128 89 220 102
internal_value=-0.000524448 0.00984616 0.0253782 0.0170487 0.00274963 -0.0103957 0.0121892 0.0215609 0.00870429 -0.0118598 -0.0064391 0.0150754 -0.00429098 -0.0216251
internal_weight=529.147 258.048 80.1185 63.3247 177.93 271.099 88.7174 56.4571 38.5642 261.801 169.418 62.2372 41.1311 92.3831
internal_count=4003 1521 396 317 1125 2482 496 305 210 2412 1512 437 309 900
is_linear=0
shrinkage=0.03


Tree=26
num_leaves=15
num_cat=0
split_feature=22 22 9 8 25 22 17 14 4 14 4 28 10 17
split_gain=57.1526 30.4485 25.3589 24.7452 17.1761 16.6786 25.9037 21.3735 18.7971 14.79 32.1409 17.3452 14.2376 16.7279
threshold=1.405 2.3150000000000004 0.003210291238046959 -0.010735354517943383 0.03021631582740536 0.50500000000000012 0.047859443329289812 4.7650000000000006 0.002714680183505019 2.6350000000000002 0.0038513151271846579 0.017063278505843819 22.725000000000005 0.067136933709707455
decision_type=2 2 10 10 10 2 10 2 10 2 10 10 2 10
left_child=5 2 -2 -4 -5 6 7 8 -1 10 -10 -11 -8 -14
right_child=1 -3 3 4 -6 -7 12 -9 9 11 -12 -13 13 -15
leaf_value=-0.021013390484165104 -0.010985594440576962 -0.0059439177585240656 0.00073124512040906797 0.00011344946580869454 0.032856501509285901 -0.019413422146661679 -0.029469530513063662 -0.026540525532928409 0.032295789469886198 0.044685581899904424 -0.032522976676429248 0.0079833248235101004 0.026974059980474929 -0.022732246799619313
leaf_weight=12.866988264024256 25.590761877596378 78.912602581083775 40.507812693715096 16.921669580042362 96.753729775547981 105.60344782471657 40.43589510768652 14.99535398930311 12.368541404604914 23.561257369816303 13.19719662517309 22.94197354465723 10.290991961956026 12.237090088427065
leaf_count=122 178 537 222 118 466 1100 422 143 73 149 111 172 75 115
internal_value=-0.000505678 0.00953889 0.0163304 0.0209058 0.0280259 -0.0101827 -0.0041165 0.00537757 0.0112559 0.017226 -0.0011288 0.0271281 -0.0190332 0.00015535
internal_weight=527.185 258.687 179.774 154.183 113.675 268.499 162.895 99.9313 84.936 72.069 25.5657 46.5032 62.964 22.5281
internal_count=4003 1521 984 806 584 2482 1382 770 627 505 184 321 612 190
is_linear=0
shrinkage=0.03


Tree=27
num_leaves=15
num_cat=0
split_feature=22 22 4 4 22 17 14 13 4 3 4 5 25 10
split_gain=54.1082 27.9835 24.0702 21.7601 17.5836 24.7479 20.353 18.2316 16.2261 19.4999 17.3961 15.4332 19.2967 13.9089
threshold=1.385 2.3950000000000005 0.005911697174929534 0.0030689289093959898 0.50500000000000012 0.047859443329289812 4.7650000000000006 2.0609703141911804 0.004263724427356552 0.0027030809481526671 0.0050599290440149873 0.011551102564413482 0.047334190001183059 22.725000000000005
decision_type=2 2 8 8 2 10 2 10 10 10 10 10 10 2
left_child=4 2 3 -2 5 6 7 8 9 -1 -10 12 -5 -7
right_child=1 -3 -4 11 -6 13 -8 -9 10 -11 -12 -13 -14 -15
leaf_value=0.016689468090662074 0.03635855410671545 -0.0082322261846468677 0.027194922137982559 -0.014070924241979314 -0.020050498891430953 -0.029261229920306813 -0.026289529208444368 0.039929935663984527 0.047358832335184689 -0.022956798731982479 -0.0006181517805479371 0.019312264624177514 0.022431999897732174 0.0001503746805256511
leaf_weight=18.004699513316154 17.086720809340477 63.354016780853271 79.945134550333023 60.179111063480377 99.13632096350193 39.522977367043495 14.698418140411375 14.877654075622557 12.132351480424406 26.237705335021019 14.057464666664599 28.054385155439377 15.610624268651007 22.493182003498077
leaf_count=140 89 447 366 424 1066 422 143 84 81 225 97 145 84 190
internal_value=-0.000498117 0.00905627 0.0145226 0.0059909 -0.0101625 -0.00402649 0.00520554 0.0108737 0.00426296 -0.00681025 0.0225314 0.000695021 -0.0063581 -0.0187606
internal_weight=525.391 264.23 200.876 120.931 261.161 162.024 100.008 85.3099 70.4322 44.2424 26.1898 103.844 75.7897 62.0162
internal_count=4003 1555 1108 742 2448 1382 770 627 543 365 178 653 508 612
is_linear=0
shrinkage=0.03


Tree=28
num_leaves=15
num_cat=0
split_feature=5 9 4 6 18 18 3 9 9 13 24 21 16 25
split_gain=45.8301 22.588 20.7925 18.7191 20.1469 39.7416 47.2015 17.5947 15.8282 15.1369 14.1902 14.4784 13.7244 13.4701
threshold=0.012185027689813348 0.003210291238046959 0.0060061715922941211 -2.2730382067487711 2.4150000000000005 1.5650000000000002 0.0034724198077665416 0.0037371240809421702 0.0043564551149464078 1.9907871132950954 -0.13353139262452265 0.012182817926548278 -0.0033728379432100826 0.040247588975995181
decision_type=8 10 10 8 2 2 10 10 10 10 8 10 10 10
left_child=2 -2 3 -1 5 7 -7 -5 -3 -6 -9 13 -4 -12
right_child=1 8 12 4 9 6 -8 10 -10 -11 11 -13 -14 -15
leaf_value=0.023654398566440461 -0.015612901808788507 0.047324547122423906 -0.0051013092253639428 -0.021952155094893785 -0.025054322028712824 0.050017342141069267 -0.0092172727125204527 0.024326205682986785 0.016405472471440939 0.01731954974111196 -0.0085925832601380456 -0.017654660466949794 0.020039528263437242 0.021073612025277036
leaf_weight=15.41282833367586 14.062781028449534 20.026365637779236 33.621526814997196 75.144336938858032 82.233631886541843 22.656539469957352 24.264710135757923 13.520981729030607 58.496390402317047 7.6517151147127143 32.202854245901108 56.970808073878288 44.588098302483559 22.588690899312496
leaf_count=110 99 114 217 704 846 130 182 107 312 52 250 502 237 141
internal_value=-0.000484245 0.0185494 -0.00460781 -0.00771069 -0.00920989 -0.00474969 0.0198318 -0.0105742 0.024787 -0.0212963 -0.00363004 -0.00719792 0.00930378 0.00379629
internal_weight=523.442 92.5855 430.857 352.647 337.234 247.349 46.9212 200.428 78.5228 89.8853 125.283 111.762 78.2096 54.7915
internal_count=4003 525 3478 3024 2914 2016 312 1704 426 898 1000 893 454 391
is_linear=0
shrinkage=0.03


Tree=29
num_leaves=15
num_cat=0
split_feature=5 4 27 4 3 8 6 24 4 27 19 28 14 10
split_gain=42.987 20.3807 19.7985 18.7838 16.3699 20.0294 16.1222 20.1328 14.0454 14.0308 13.4348 13.3859 12.2704 10.7314
threshold=0.012185027689813348 0.0023650802616427906 0.14335464519352351 0.0060061715922941211 0.0085314595792589688 0.018877612541164272 -2.2730382067487711 -0.13353139262452265 0.0038513151271846579 0.028864212620325794 0.064271925556741674 0.013669957591328327 1.8550000000000002 17.395000000000003
decision_type=8 8 8 10 8 10 8 8 8 8 10 10 2 2
left_child=1 -1 3 6 5 9 -3 8 13 11 12 -2 -5 -8
right_child=4 2 -4 10 -6 -7 7 -9 -10 -11 -12 -13 -14 -15
leaf_value=-0.030861495645667546 0.053170994981597511 0.025049285804250452 -0.029002979644053802 -0.020411414926180267 0.04552529206409895 -0.0091780457546276738 0.0046894280097207449 -0.0093871248667634546 -0.016254606355172972 -0.0019319793479789773 0.03073030324882595 0.016065834408549189 0.012791191411376664 0.036833985417419633
leaf_weight=23.865584567189217 15.227428942918776 14.966227099299429 23.509534753859043 13.131962612271307 15.137285679578779 26.129159867763519 19.536370754241943 247.38139054179192 11.612311638891695 14.877188406884668 23.495431438088417 21.849692478775978 33.514990888535976 17.53452467918396
leaf_count=275 71 103 212 100 82 157 153 2130 96 91 115 124 178 116
internal_value=-0.000469012 -0.00449333 -0.00286606 -0.00118235 0.0178826 0.0120159 -0.00435101 -0.00591653 0.0115531 0.0226469 0.012732 0.032301 0.00321184 0.0204619
internal_weight=521.769 428.548 404.683 381.173 93.2208 78.0835 311.031 296.065 48.6832 51.9543 70.1424 37.0771 46.647 37.0709
internal_count=4003 3478 3203 2991 525 443 2598 2495 365 286 393 195 278 269
is_linear=0
shrinkage=0.03


Tree=30
num_leaves=15
num_cat=0
split_feature=22 22 22 9 20 22 21 24 3 24 14 18 3 21
split_gain=66.4972 17.5103 24.9091 17.0355 18.1928 19.3829 20.0686 42.3084 29.0165 18.7986 15.8165 35.3614 21.9725 23.5663
threshold=1.3450000000000004 0.50500000000000012 -0.074999999999999997 0.003210291238046959 0.031561910441167108 2.5250000000000004 0.0091766293548141212 -0.023982516492852015 0.0068483896119355507 -0.060624621816434951 4.7650000000000006 4.995000000000001 0.0027861446953247973 0.003161181739411577
decision_type=2 2 2 10 10 2 10 10 8 10 2 2 10 10
left_child=1 2 -1 -2 5 6 7 -5 9 -8 11 12 -4 -14
right_child=3 -3 10 4 -6 -7 8 -9 -10 -11 -12 -13 13 -15
leaf_value=-0.027048132059289142 -0.0083146196054702717 -0.021510005094828252 0.02493349459797008 -0.010267868287616156 0.025063352710741612 -0.016474970735434798 0.018260647787191206 0.043283865074113061 0.029763011312355311 -0.021380315622866679 -0.025304697739437318 0.053824901449539823 0.022656931052997809 -0.017693559523173578
leaf_weight=33.966029025614262 36.177255712449551 87.486224174499512 22.468878924846649 19.61757468432188 81.011889763176441 24.554038062691689 14.009279072284697 38.068133406341076 22.060979656875134 37.974369622766972 15.882121346890925 11.284001402556894 16.008190833032131 55.449980773031712
leaf_count=413 264 976 155 114 431 193 76 194 104 246 149 72 107 456
internal_value=0.000557916 -0.0108538 -0.0047422 0.0106817 0.0136006 0.00753716 0.0121033 0.0252075 0.00169445 -0.0105543 0.00168479 0.00595888 -0.000297982 -0.00846623
internal_weight=516.019 242.545 155.059 273.474 237.296 156.284 131.73 57.6857 74.0446 51.9836 121.093 105.211 93.9271 71.4582
internal_count=3950 2328 1352 1622 1358 927 734 308 426 322 939 790 718 563
is_linear=0
shrinkage=0.03


Tree=31
num_leaves=15
num_cat=0
split_feature=22 22 22 16 14 18 6 28 4 24 4 21 25 6
split_gain=62.822 16.9604 24.0638 16.4644 19.4069 25.3199 15.6166 23.8239 15.3817 21.4848 19.7583 18.0771 22.753 23.7574
threshold=1.3450000000000004 0.50500000000000012 -0.074999999999999997 0.05215740930275848 4.7650000000000006 4.995000000000001 0.2245049535157147 0.017063278505843819 0.0058743903243480911 -0.070301515572815707 0.003737690388650983 0.011964860832315922 0.039247861936623059 0.36618256815323752
decision_type=2 2 2 10 2 2 10 10 8 10 10 10 10 8
left_child=1 2 -1 4 5 6 -4 -8 9 10 -2 12 -11 -14
right_child=8 -3 3 -5 -6 -7 7 -9 -10 11 -12 -13 13 -15
leaf_value=-0.02683622357408957 0.042452068515667025 -0.021235027252089332 -0.010567609907562382 -0.023618892998156747 -0.025886068615291854 0.050997990060634803 0.047173158195647692 0.0011252010760075758 0.019141802443765284 -0.0050785287172149911 -0.00060482021117116882 -0.016396120841733561 0.051433369703717695 -0.00047265689248987189
leaf_weight=33.226320363581181 21.42612474411726 85.996169544756413 32.569283701479435 18.549920625984669 13.511474117636679 11.602592445909975 14.145279571413992 30.57942358404398 107.39770832657814 52.611178331077099 16.712262444198132 45.222243696451187 15.838216140866278 14.976782590150835
leaf_count=413 105 976 254 173 127 72 83 230 520 405 97 319 91 85
internal_value=0.000541933 -0.0106365 -0.00462646 0.00164443 0.00640471 0.011546 0.00504811 0.0164022 0.0103371 0.00458729 0.0240511 -0.00132386 0.00694368 0.026984
internal_weight=514.365 240.18 154.184 120.958 102.408 88.8966 77.294 44.7247 274.185 166.787 38.1384 128.648 83.4262 30.815
internal_count=3950 2328 1352 939 766 639 567 313 1622 1102 202 900 581 176
is_linear=0
shrinkage=0.03


Tree=32
num_leaves=15
num_cat=0
split_feature=22 22 22 16 14 18 3 21 9 20 5 21 25 19
split_gain=59.3886 16.4136 23.2376 15.7332 18.4783 23.1786 19.3111 19.9554 15.5584 16.4934 20.4857 18.6759 24.8488 21.3226
threshold=1.3450000000000004 0.50500000000000012 -0.074999999999999997 0.05215740930275848 4.7650000000000006 4.995000000000001 0.0027861446953247973 0.003161181739411577 0.003210291238046959 0.031561910441167108 0.016213358534920033 0.011964860832315922 0.039793876501035101 -0.048990204180101797
decision_type=2 2 2 10 2 2 10 10 10 10 8 10 10 10
left_child=1 2 -1 4 5 6 -4 -8 -2 10 11 12 -10 -14
right_child=8 -3 3 -5 -6 -7 7 -9 9 -11 -12 -13 13 -15
leaf_value=-0.026624684548280302 -0.0081922834483467658 -0.020960690798890756 0.029272241762364985 -0.023336179559349798 -0.025626704425136055 0.048419544508077124 0.025787728559444462 -0.014251725067233257 -0.0087667595113605848 0.023598768147120492 0.027694616102485244 -0.011602896189510725 -0.00041809534097760797 0.044482726660636705
leaf_weight=32.504490181803703 36.028137020766735 84.543261036276817 20.323813863098621 18.228414505720139 13.252822831273077 11.902351938188074 14.041897304356096 43.054327271878719 29.958084970712662 82.094762735068798 32.810156263411045 54.914877913892269 15.496161662042139 23.600042589008808
leaf_count=413 264 976 136 173 127 72 88 343 220 431 149 351 89 118
internal_value=0.000527601 -0.0104253 -0.00451725 0.00160092 0.00621495 0.0111707 0.00489979 -0.00413028 0.0100077 0.0127754 0.00699434 0.00133796 0.0116478 0.0271193
internal_weight=512.754 237.851 153.308 120.804 102.575 89.3224 77.42 57.0962 274.902 238.874 156.779 123.969 69.0543 39.0962
internal_count=3950 2328 1352 939 766 639 567 431 1622 1358 927 778 427 207
is_linear=0
shrinkage=0.03


Tree=33
num_leaves=15
num_cat=0
split_feature=22 22 24 4 4 21 3 9 27 20 6 21 24 3
split_gain=56.1416 15.8763 22.4869 21.7354 41.1681 19.2684 18.8642 14.5971 15.8824 16.9093 20.0592 18.011 26.4998 16.9978
threshold=1.3450000000000004 0.50500000000000012 -0.76145244495712372 0.0033091928707675027 0.0026669833433616359 0.003161181739411577 0.0046470365938198494 0.003210291238046959 0.1325558822259594 0.031561910441167108 2.1334524935355859 0.0091766293548141212 1.0000000180025095e-35 0.0062822733681090134
decision_type=2 2 10 10 10 10 10 10 10 10 8 10 10 10
left_child=1 2 6 4 -4 -5 -1 -2 9 10 11 12 -9 -13
right_child=7 -3 3 5 -6 -7 -8 8 -10 -11 -12 13 -14 -15
leaf_value=-0.027133254827714674 -0.0079946953434564833 -0.020686983373259974 -0.014639448131827649 0.022821717571164506 0.054114043202896478 -0.015126121485948626 0.012194388612935357 -0.0062836906764554409 -0.016572321162020492 0.025666444984123155 0.031466384320745569 -0.018205257618077276 0.031860639012899789 0.019648472544988908
leaf_weight=47.52150359749794 35.838639728724957 83.126792833209038 13.006627045571806 15.278670750558375 17.486766748130322 45.569164447486401 13.546477302908896 30.697873897850513 15.165903143584726 77.278562359511852 26.458969861268997 43.457074694335461 33.504230827093124 13.151633039116858
leaf_count=563 264 976 124 98 92 374 101 192 93 400 121 298 188 66
internal_value=0.000512703 -0.0102185 -0.00441121 0.00500796 0.0252543 -0.00538262 -0.0183534 0.00968928 0.0123554 0.0143739 0.00831516 0.00302808 0.0138055 -0.00922247
internal_weight=511.089 235.536 152.409 91.3412 30.4934 60.8478 61.068 275.553 239.714 224.548 147.27 120.811 64.2021 56.6087
internal_count=3950 2328 1352 688 216 472 664 1622 1358 1265 865 744 380 364
is_linear=0
shrinkage=0.03


Tree=34
num_leaves=15
num_cat=0
split_feature=22 22 22 8 14 18 3 21 9 27 20 25 21 3
split_gain=53.068 15.3483 21.7056 14.8607 17.336 21.7132 32.0842 20.2472 13.6966 14.9496 15.5866 18.5983 22.0175 29.1424
threshold=1.3450000000000004 0.50500000000000012 -0.074999999999999997 0.022370433489389278 4.7650000000000006 4.995000000000001 0.0027861446953247973 0.003161181739411577 0.003210291238046959 0.1325558822259594 0.031561910441167108 0.03021631582740536 0.0091766293548141212 0.0068483896119355507
decision_type=2 2 2 10 2 2 10 10 10 10 10 8 10 8
left_child=1 2 -1 4 5 6 -4 -8 -2 10 11 -10 -13 -14
right_child=8 -3 3 -5 -6 -7 7 -9 9 -11 -12 12 13 -15
leaf_value=-0.026210020836954135 -0.007801056117054085 -0.020413898116298238 0.039242541893708349 -0.028243374735384116 -0.024184314082632954 0.045694016516563268 0.02282700061556469 -0.015441439430269903 -0.018943382912647914 -0.016243870515896972 0.024668806210889991 0.024744197042310581 -0.013253430499001672 0.029234153783154273
leaf_weight=31.136673577129841 35.654046609997749 81.746058471500874 17.240448407828808 12.439955480396746 14.585929237306116 12.201807156205176 15.708849072456358 48.08818332105875 19.030217118561268 15.03067012876272 78.020525716245174 62.729039818048477 45.594179973006248 20.112815357744694
leaf_count=413 264 976 109 103 147 72 98 410 152 93 400 336 285 92
internal_value=0.000498975 -0.0100173 -0.00430678 0.00153334 0.00519669 0.0100008 0.00413497 -0.00581168 0.00938108 0.0119499 0.0138927 0.00806356 0.0121806 -4.75865e-06
internal_weight=509.319 233.148 151.402 120.265 107.825 93.2393 81.0375 63.797 276.171 240.517 225.487 147.466 128.436 65.707
internal_count=3950 2328 1352 939 836 689 617 508 1622 1358 1265 865 713 377
is_linear=0
shrinkage=0.03


Tree=35
num_leaves=15
num_cat=0
split_feature=22 9 22 8 22 17 4 4 17 14 28 21 9 25
split_gain=48.3133 24.9695 21.5007 16.3946 15.5542 20.5981 16.2899 31.8181 31.6014 20.8875 15.3812 14.1575 13.704 11.7569
threshold=1.4150000000000003 0.003173100719622163 2.3150000000000004 -0.015603864313869396 0.52500000000000013 0.061134020009508801 0.0025098293689828381 0.0034352589176966405 0.035015034364954872 2.6350000000000002 0.016879977541141917 0.013817319185527383 0.0060053038287782214 0.03021631582740536
decision_type=2 10 2 10 2 10 10 10 10 2 10 10 10 10
left_child=4 -2 3 11 5 6 -1 8 -8 -9 -11 -3 -6 -5
right_child=1 2 -4 13 12 -7 7 9 -10 10 -12 -13 -14 -15
leaf_value=-0.024976626212134458 -0.016321519134497375 0.017391667085172341 -0.0013854125853983818 -0.00013333732246506664 -0.022316977763931291 -0.026098265730796533 -0.014226688634484256 -0.028403747673881569 0.04299570728864361 0.022323429022961937 -0.013225215557019065 -0.020048386365108275 0.019439913086460512 0.026832980294783166
leaf_weight=16.683291465044022 30.549290157854557 18.506400011479855 72.526270978152752 16.761019833385944 87.953580006957054 28.65269673615694 11.648193642497061 24.125611573457718 29.007945813238621 22.774923250079155 19.411256857216358 16.021930612623692 6.9294403269886962 108.86483778059483
leaf_count=183 227 88 478 116 1032 350 116 224 193 138 162 94 72 509
internal_value=-0.000121923 0.00880606 0.0121609 0.0182659 -0.00962652 -0.0036408 0.00173071 0.00608888 0.0266532 -0.0067279 0.00603884 -5.6671e-05 -0.0190965 0.0232625
internal_weight=510.417 263.23 232.68 160.154 247.187 152.304 123.651 106.968 40.6561 66.3118 42.1862 34.5283 94.883 125.626
internal_count=3982 1512 1285 807 2470 1366 1016 833 309 524 300 182 1104 625
is_linear=0
shrinkage=0.03


Tree=36
num_leaves=15
num_cat=0
split_feature=22 22 4 24 21 24 26 22 13 4 23 21 13 28
split_gain=45.71 18.6586 15.3514 27.7056 27.7246 20.7169 15.3138 14.9642 21.5377 39.6665 22.7188 15.9215 14.1944 12.779
threshold=1.4150000000000003 2.2950000000000004 0.0058243540830616057 -0.065674330024296887 0.011964860832315922 0.049524172887718619 -0.0045874998344301856 0.52500000000000013 1.3893090857067787 0.0033585567879425003 inf 0.044031903618941576 0.84934330689320536 0.035211499662778818
decision_type=2 2 8 10 10 10 8 2 10 10 8 10 10 10
left_child=7 2 3 6 5 -5 -2 8 10 -10 11 12 -1 -4
right_child=1 -3 13 4 -6 -7 -8 -9 9 -11 -12 -13 -14 -15
leaf_value=0.026544457399789712 0.0085946993078283278 -0.0033214629194632072 0.031327809344574027 -0.008368552103641692 -0.028036969651041702 0.032171320493191033 0.048349087581812153 -0.01881470121376037 0.043687160494284429 -0.0077219998142752481 -0.030490445358775896 -0.022218558315526115 -0.0091219968114834692 0.0032413562937593271
leaf_weight=21.146149568259716 18.786686524748802 82.015140190720558 55.932081088423729 24.308220885694027 26.683516845107079 19.763811513781548 16.186137624084949 93.433298952877522 20.125533826649189 36.80154250562191 36.519502550363541 19.182359993457794 17.659194797277451 19.933211967349052
leaf_count=142 95 548 241 176 181 102 79 1104 118 300 480 188 138 90
internal_value=-0.000125163 0.0085285 0.0138693 0.00638105 -0.00445897 0.0101217 0.0278264 -0.00943794 -0.00356711 0.0108932 -0.0123002 -0.000521711 0.0104923 0.0240864
internal_weight=508.476 263.609 181.594 105.728 70.7555 44.072 34.9728 244.868 151.434 56.9271 94.5072 57.9877 38.8053 75.8653
internal_count=3982 1512 964 633 459 278 174 2470 1366 418 948 468 280 331
is_linear=0
shrinkage=0.03


Tree=37
num_leaves=15
num_cat=0
split_feature=22 9 22 12 8 18 21 13 23 15 13 21 3 9
split_gain=43.282 23.2866 18.9207 15.9331 15.043 13.492 19.4394 24.1622 30.437 27.6801 14.1221 12.8052 12.5293 12.7114
threshold=1.4150000000000003 0.003173100719622163 2.3150000000000004 0.52191137680048449 -0.015603864313869396 1.5650000000000002 0.054453007165022792 1.3893090857067787 inf 0.0041973195294587881 0.84934330689320536 0.013817319185527383 0.0030623561800994406 0.0065931836842963382
decision_type=2 10 2 10 10 2 8 10 8 10 10 10 8 10
left_child=3 -2 4 5 11 -1 7 8 10 -9 -7 -3 -6 -14
right_child=1 2 -4 -5 12 6 -8 9 -10 -11 -12 -13 13 -15
leaf_value=-0.019591312637884096 -0.016109855516499905 0.016022494824101854 -0.0012496581231717244 0.026425503004310558 -0.00063457002080522743 0.025955285431776741 -0.020170287013500959 -0.0029865435520701738 -0.030704575558496452 0.058496674248994775 -0.0092927475422710515 -0.019635384564104921 0.03243482693953835 0.0094657054289467874
leaf_weight=93.895122870802879 30.277523763477802 18.714583180844784 72.329611405730247 9.8555517643690091 18.817160278558731 21.804487749934196 47.708008732646704 13.067989736795427 26.348198160529137 12.108006402850149 17.826264210045338 15.777989417314528 76.187582410871983 31.638488069176674
leaf_count=1088 227 88 478 64 115 151 511 98 347 72 139 94 369 141
internal_value=-0.000121923 0.00827542 0.0114931 -0.00924709 0.0171854 -0.0108641 -0.00486519 0.00327703 -0.00631192 0.027688 0.0102619 -0.000382206 0.0219356 0.0258441
internal_weight=506.357 263.743 233.465 242.614 161.136 232.758 138.863 91.1549 65.979 25.176 39.6308 34.4926 126.643 107.826
internal_count=3982 1512 1285 2470 807 2406 1318 807 637 170 290 182 625 510
is_linear=0
shrinkage=0.03


Tree=38
num_leaves=15
num_cat=0
split_feature=22 9 22 12 17 18 4 4 14 17 28 11 17 7
split_gain=40.9099 21.9661 17.6859 15.0493 13.8325 22.7075 20.3543 28.624 22.4049 35.0348 17.538 10.4225 10.2881 16.7273
threshold=1.4150000000000003 0.003173100719622163 2.3150000000000004 0.52191137680048449 0.061962423845865595 1.5650000000000002 0.0025098293689828381 0.0034575995593759718 3.7950000000000004 0.042850719822559863 0.016879977541141917 0.13019236800005721 0.072303267295470472 0.00072669821538307044
decision_type=2 10 2 10 8 2 10 10 2 10 10 10 10 10
left_child=3 -2 11 4 5 -1 -7 8 -8 -10 -9 -3 13 -4
right_child=1 2 12 -5 -6 6 7 10 9 -11 -12 -13 -14 -15
leaf_value=-0.019225916021421607 -0.015805387354522155 0.019574322421838909 -0.0094050363373711036 0.025393650039114382 -0.027961849818780686 -0.024871333619055271 0.05650944196787186 0.01266885972222033 -0.02802944717199967 0.043283264298865767 -0.02084666043878463 -0.0026722823338968271 -0.018496186512029746 0.024352802436959423
leaf_weight=83.6556306630373 29.959088534116745 140.20372830331326 28.211272798478603 9.9869268462061864 34.349975131452084 20.650675661861897 13.751561798155306 24.135631293058395 11.207306377589704 11.657907545566557 31.040599726140499 21.633693158626556 20.844921141862869 23.221216589212418
leaf_count=996 227 696 197 64 437 246 70 157 135 84 281 111 131 150
internal_value=-0.000119611 0.00801753 0.0111203 -0.00905291 -0.010649 -0.00748987 0.00133399 0.0074339 0.027629 0.00861972 -0.00622149 0.0166023 -0.00121356 0.00601004
internal_weight=504.51 264.074 234.115 240.436 230.449 196.099 112.444 91.793 36.6168 22.8652 55.1762 161.837 72.2774 51.4325
internal_count=3982 1512 1285 2470 2406 1969 973 727 289 219 438 807 478 347
is_linear=0
shrinkage=0.03


Tree=39
num_leaves=15
num_cat=0
split_feature=22 9 22 12 8 21 17 18 4 4 24 17 10 3
split_gain=38.6785 20.7103 16.5064 14.2295 14.0452 13.8101 13.504 21.7956 19.4915 26.8385 24.024 28.3439 15.7697 11.6176
threshold=1.4150000000000003 0.003173100719622163 2.3150000000000004 0.52191137680048449 -0.010173503420035866 0.016189665319509907 0.061962423845865595 1.5650000000000002 0.0025098293689828381 0.0034575995593759718 -0.40546510810816427 0.041961762042176394 15.225000000000003 0.0032850346723292193
decision_type=2 10 2 10 10 10 8 2 10 10 10 10 2 8
left_child=3 -2 4 6 5 -3 7 -1 -9 10 11 -10 -11 -6
right_child=1 2 -4 -5 13 -7 -8 8 9 12 -12 -13 -14 -15
leaf_value=-0.018946097751532463 -0.015504749327747326 0.01477341062605694 -0.001182691987758984 0.024416947241427824 0.0016137480964323919 -0.01804857743253676 -0.027763759819683754 -0.024631590499965533 -0.030340326617064008 0.0082909017339403684 0.050594954315486121 0.039605836424304132 -0.023511212245233334 0.026054513667135782
leaf_weight=82.378663785755634 29.647948086261749 28.637586936354637 72.188324190676212 10.112857237458227 21.597701735794544 17.901729360222816 33.576064802706242 20.242059007287025 10.101020514965059 30.380126155912876 17.915489360690117 8.8368961066007596 24.503005839884281 94.548274993896484
leaf_count=996 227 138 478 64 128 105 437 246 124 226 99 66 212 436
internal_value=-0.000119711 0.00776164 0.0107518 -0.00887345 0.0160224 0.00203408 -0.0104507 -0.00733295 0.00130251 0.00722888 0.0266771 0.00264771 -0.00607405 0.0215622
internal_weight=502.568 264.522 234.874 238.046 162.685 46.5393 227.933 194.357 111.979 91.7365 36.8534 18.9379 54.8831 116.146
internal_count=3982 1512 1285 2470 807 243 2406 1969 973 727 289 190 438 564
is_linear=0
shrinkage=0.03


Tree=40
num_leaves=15
num_cat=0
split_feature=22 4 4 20 4 24 4 8 17 22 13 26 25 24
split_gain=37.7582 22.2353 19.284 16.7008 15.3954 13.8812 18.4375 13.8257 13.68 15.3532 14.2095 13.6485 13.546 13.2042
threshold=1.3450000000000004 0.0065748581555160153 0.0075095202318650493 -0.09864549031683105 0.0023650802616427906 -0.065674330024296887 0.004291372658621141 -0.0058771677132543046 0.061962423845865595 0.47500000000000003 2.2133586641929139 0.026235350953290885 0.030331501776206093 -0.13923416168661448
decision_type=2 8 10 10 10 10 10 10 10 2 10 10 10 10
left_child=4 5 3 -3 -1 6 -2 -4 9 10 12 -7 -6 -11
right_child=1 2 7 -5 8 11 -8 -9 -10 13 -12 -13 -14 -15
leaf_value=-0.031378062348723146 0.030655905639162984 0.011618845022826712 -0.015596846794752622 0.051714496237816134 -0.0045799116841117151 0.0026378409267952003 -0.0088443715710320881 0.018302985845006295 -0.024896233422353597 0.013787799124347031 0.031707454974053688 -0.019116751000703789 0.027469899234678925 -0.020102544145924366
leaf_weight=22.960923366248608 28.329456008970737 16.532286025583744 15.292824655771254 22.935091838240623 82.100604109466076 107.08207433670759 16.107398763298988 31.672408998012543 28.244279004633427 11.952106997370718 13.685426101088522 33.182997651398182 12.846243813633917 54.827306099236012
leaf_count=319 140 77 83 107 698 736 94 137 357 133 77 227 100 707
internal_value=0.000414282 0.00795502 0.0204201 0.0356212 -0.0086031 0.00204334 0.0164584 0.00716948 -0.00589459 -0.00271122 0.00424509 -0.00260761 -2.48581e-06 -0.013923
internal_weight=497.751 271.135 86.4326 39.4674 226.617 184.702 44.4369 46.9652 203.656 175.412 108.632 140.265 94.9468 66.7794
internal_count=3992 1601 404 184 2391 1197 234 220 2072 1715 875 963 798 840
is_linear=0
shrinkage=0.03


Tree=41
num_leaves=15
num_cat=0
split_feature=4 4 6 4 3 24 6 6 12 28 21 21 3 3
split_gain=27.9856 18.7283 18.0302 16.7019 15.5357 13.9644 22.5666 15.5013 18.6874 12.7681 11.7731 17.2969 22.0862 14.7075
threshold=0.0066546033100132081 0.0075095202318650493 0.083194195335647661 0.0022826322988058214 0.010940687263678779 -0.055740132744502034 -2.2730382067487711 1.4544940871365457 0.059487671601603738 0.02348655208992317 0.010259783520844067 0.00670820393248795 0.0042364767870688201 0.0021183840486391861
decision_type=8 8 8 10 8 8 10 10 10 10 10 10 10 10
left_child=3 -2 -3 -1 -4 7 -7 9 -9 -5 11 -8 -13 -12
right_child=1 2 4 5 -6 6 10 8 -10 -11 13 12 -14 -15
leaf_value=-0.030936279650812516 0.034896316459003429 -0.014443669832724383 0.0040982350093540475 0.0042710436294262893 0.041373862391846587 0.029763651109262792 -0.010131687103697053 0.042683144064816873 0.0034994526900756894 -0.025424961007179409 0.022254917313814911 0.034833948165078864 -0.0062957540839047562 -0.017515166949390103
leaf_weight=17.488653283566236 28.395543850958347 23.942331217229366 28.465337030589581 68.971122868359089 14.783944487571715 14.167643517255781 75.682426933199167 18.46378630399704 25.506801024079323 15.015678793191908 8.1988205052912217 21.080463573336601 24.570118270814419 111.4201947748661
leaf_count=250 146 135 161 542 81 91 690 115 163 152 104 144 161 1057
internal_value=0.000404104 0.0149019 0.00606438 -0.00308401 0.0174873 -0.00173524 -0.00578499 0.00632136 0.0205364 -0.00127488 -0.00798958 -0.00137948 0.0130366 -0.0146274
internal_weight=496.153 95.5872 67.1916 400.566 43.2493 383.077 255.12 127.957 43.9706 83.9868 240.952 121.333 45.6506 119.619
internal_count=3992 523 377 3469 242 3219 2247 972 278 694 2156 995 305 1161
is_linear=0
shrinkage=0.03


Tree=42
num_leaves=15
num_cat=0
split_feature=22 22 17 18 18 3 28 9 9 27 22 13 9 11
split_gain=34.7496 16.8741 15.2824 15.8001 19.9429 30.4334 19.3775 17.2265 15.255 14.5412 13.589 17.8685 17.3812 12.6499
threshold=1.4150000000000003 2.5150000000000001 0.061962423845865595 1.5650000000000002 2.3400000000000003 0.0036885728694661156 0.01761830209540283 0.003156478852904977 0.003255756115721081 0.048356723768358652 0.95500000000000007 0.89264182479253273 0.0040667077226676082 0.13019236800005721
decision_type=2 2 8 2 2 10 10 10 10 10 2 10 8 10
left_child=2 8 3 10 5 -5 -7 9 -2 -6 -1 12 -12 -10
right_child=1 -3 -4 4 7 6 -8 -9 13 -11 11 -13 -14 -15
leaf_value=-0.02716627620690196 -0.0083529353750708239 -0.0090169582260243297 -0.026125937062888949 0.055089001156703191 -0.0082338368459188363 0.025837446196948471 -0.024240634877321119 -0.016588606171185457 0.0178427291358467 0.031980140714356106 0.053019454206316347 -0.015820184237746872 -0.012023765280545551 -0.0044298188272817625
leaf_weight=39.578424356877804 29.4872792288661 42.760975666344166 34.155531816184521 13.102543972432612 16.020713489502672 12.621793463826181 13.207374557852743 51.724869422614574 158.31883701682091 14.714554395526646 7.3315232023596737 29.540915615856647 6.0970518067479142 26.402364932000637
leaf_count=493 218 324 460 67 141 71 114 546 802 101 87 356 74 138
internal_value=0.000396469 0.00803214 -0.00784362 -0.00466918 0.00222423 0.0196448 0.000281655 -0.00613735 0.0114616 0.0114197 -0.0147117 -0.00288299 0.024701 0.0146526
internal_weight=495.065 256.969 238.095 203.94 121.392 38.9317 25.8292 82.4601 214.208 30.7353 82.5479 42.9695 13.4286 184.721
internal_count=3992 1482 2510 2050 1040 252 185 788 1158 242 1010 517 161 940
is_linear=0
shrinkage=0.03


Tree=43
num_leaves=15
num_cat=0
split_feature=22 22 17 18 13 21 5 9 22 13 9 2 5 22
split_gain=32.8019 15.8427 14.8509 15.0991 18.9328 15.3191 14.5632 14.2814 13.2873 16.8251 15.7536 11.9831 18.3773 18.6481
threshold=1.4150000000000003 2.5150000000000001 0.061962423845865595 1.5650000000000002 2.0201985300591363 0.025687867280452265 -0.0084770708430528616 0.003255756115721081 0.95500000000000007 0.89264182479253273 0.0040667077226676082 -0.021570174945742645 -0.001848723944536268 1.925
decision_type=2 2 8 2 10 10 10 10 2 10 8 8 10 2
left_child=2 7 3 8 5 -5 -7 -2 -1 10 -10 -9 13 -13
right_child=1 -3 -4 4 -6 6 -8 11 9 -11 -12 12 -14 -15
leaf_value=-0.026955114317477845 -0.0081527871173927499 -0.0088056918531308811 -0.025906650813642396 0.010024525628570939 0.028287034878964966 0.016788166937575684 -0.020572391354570761 -0.0073066013629920811 0.049749971627481897 -0.01555166903305341 -0.011811262288540339 0.01690058513687542 0.010741684273063698 0.057921477030254562
leaf_weight=38.71277753636241 29.331787556409836 42.501274436712265 33.430759776383638 44.054035753011703 19.752586796879768 10.909760460257528 46.306769527494907 20.302207201719284 7.6397531330585453 29.172338999807835 6.0394174307584771 26.410104565322399 122.51408180594444 16.359076306223869
leaf_count=493 218 324 460 330 111 80 519 114 87 356 74 138 611 77
internal_value=0.000384021 0.00777601 -0.00767701 -0.0045563 0.00217503 -0.00314484 -0.0132827 0.0110807 -0.0144495 -0.00279459 0.0236173 0.014148 0.0168114 0.0335558
internal_weight=493.437 257.419 236.018 202.587 121.023 101.271 57.2165 214.917 81.5643 42.8515 13.6792 185.585 165.283 42.7692
internal_count=3992 1482 2510 2050 1040 929 599 1158 1010 517 161 940 826 215
is_linear=0
shrinkage=0.03


Tree=44
num_leaves=15
num_cat=0
split_feature=22 22 17 18 18 3 9 25 28 17 24 11 23 9
split_gain=31.0413 14.0333 12.566 17.3029 17.5172 23.2343 16.0944 20.3401 15.9656 12.7644 17.9593 11.8982 15.0003 12.2876
threshold=1.3450000000000004 2.5150000000000001 0.061962423845865595 1.5650000000000002 2.3400000000000003 0.0037206865453894059 0.003156478852904977 0.01905324916823295 0.01761830209540283 0.0454277908000029 -0.062880864535116418 0.16375593729880758 0.080042707673536453 0.003255756115721081
decision_type=2 2 8 2 2 10 10 10 10 10 8 10 10 10
left_child=2 11 3 9 5 -5 7 -6 -7 -1 -11 12 13 -2
right_child=1 -3 -4 4 6 8 -8 -9 -10 10 -12 -13 -14 -15
leaf_value=-0.024886922831339819 -0.0028003543854073073 -0.008598364214477466 -0.02528950619705438 0.0483479147006287 -0.013546956724239121 0.023332683313935034 -0.01621847764306068 0.033801821470713429 -0.02308549060675439 0.028490028727648983 -0.026583325156030093 -0.010770024457870328 -0.013161990759777307 0.018049397882231744
leaf_weight=49.210670091211796 29.923259846866131 42.248302191495895 31.313407797366381 13.617210872471331 15.129343792796137 12.603360787034037 50.80868224054575 15.749808903783558 12.08287227898836 10.69781122356653 8.8013975545763987 21.575890675187111 18.268633544445038 159.90268507599831
leaf_count=670 226 324 447 69 135 70 546 107 107 125 115 120 94 837
internal_value=0.000374128 0.00714124 -0.00798391 -0.00499401 0.00189685 0.0183722 -0.00595719 0.0109059 0.000598701 -0.0168824 0.00354732 0.0100613 0.0122623 0.0147653
internal_weight=491.933 271.919 220.015 188.701 119.991 38.3034 81.6878 30.8792 24.6862 68.7099 19.4992 229.67 208.095 189.826
internal_count=3992 1601 2391 1944 1034 246 788 242 177 910 240 1277 1157 1063
is_linear=0
shrinkage=0.03


Tree=45
num_leaves=15
num_cat=0
split_feature=22 22 13 4 23 4 21 13 28 21 2 24 6 5
split_gain=21.3722 15.9841 18.7855 28.573 23.8904 14.7897 13.5846 14.9734 12.8162 11.6399 15.5701 11.565 16.9783 13.0735
threshold=1.3450000000000004 0.50500000000000012 1.3893090857067787 0.0037701841221535505 0.70764094899657148 0.005911697174929534 0.044031903618941576 0.84934330689320536 0.011288300980875956 0.013168942730205265 0.0018042734954528685 -0.071676718618482224 -0.40241162945900077 0.011368814548620956
decision_type=2 2 10 10 8 8 10 10 10 10 10 10 10 10
left_child=1 2 4 -4 6 11 7 -1 -7 -10 -11 -2 -13 -14
right_child=5 -3 3 -5 -6 8 -8 -9 9 10 -12 12 13 -15
leaf_value=0.02691584999361861 0.014310626208710472 -0.019145306440106737 0.034670479721849265 -0.008574570592843193 -0.029304735836856933 0.03332157627539542 -0.020309343998473808 -0.0088151618520596782 -0.0034073715980464836 0.039358372479398489 0.0028110498195224364 0.0093045254495222243 -0.019633673932460422 0.008064919795783063
leaf_weight=22.660710588097572 35.290576294064522 71.905991345643997 25.227741874754429 28.246354594826698 34.855632677674294 22.414188072085381 16.596087709069252 18.365806251764297 40.697071149945259 17.829612754285336 24.069040447473526 47.618322856724262 62.691285215318203 19.580983705818653
leaf_count=144 177 996 157 245 523 104 174 145 197 86 109 339 465 109
internal_value=-0.000699988 -0.00767265 -0.00192863 0.0120893 -0.0100769 0.00492972 0.00185543 0.0110915 0.0136751 0.00800873 0.0189184 -0.000678769 -0.00482953 -0.0130237
internal_weight=488.049 217.858 145.952 53.4741 92.4782 270.191 57.6226 41.0265 105.01 82.5957 41.8987 165.181 129.891 82.2723
internal_count=3970 2384 1388 402 986 1586 463 289 496 392 195 1090 913 574
is_linear=0
shrinkage=0.03


Tree=46
num_leaves=15
num_cat=0
split_feature=22 22 13 22 18 28 25 3 3 20 3 6 21 25
split_gain=20.2771 15.3809 17.7902 22.3534 20.9144 13.4387 16.9826 12.856 13.6543 13.3931 21.0192 18.2429 19.0403 21.6651
threshold=1.3450000000000004 0.50500000000000012 1.3893090857067787 -0.014999999999999998 1.0650000000000002 0.014884321471990718 0.025848750351551632 0.0068978889352999664 0.0074832109500482594 0.038524873433476221 0.0035488330541889337 1.6339071235368523 0.0091766293548141212 0.039468505581484632
decision_type=2 2 10 2 2 10 10 8 10 10 10 10 10 10
left_child=1 2 3 -1 -4 -5 -7 9 -9 11 -11 12 13 -2
right_child=7 -3 4 5 -6 6 -8 8 -10 10 -12 -13 -14 -15
leaf_value=-0.031237968992944384 -0.01354207746522103 -0.018878942488560795 -0.020617768117227462 0.019821492442908258 0.022106543371540631 -0.022201761472481443 0.017276641315312698 0.036342967200418991 0.006727476351814682 0.037064342501773519 0.001354162590045032 0.0195393039188928 -0.022956909651273172 0.021989225483155645
leaf_weight=28.883645605295897 34.826002411544323 70.764412902295589 12.81786824017763 20.266632944345474 40.810593619942665 28.659459657967091 13.772221229970453 20.040858529508114 43.780529156327248 19.679382458329201 52.772098183631897 22.586946271359921 50.369437403976917 26.156513035297394
leaf_count=467 281 996 133 150 269 260 109 86 207 104 298 118 353 139
internal_value=-0.000681209 -0.00751556 -0.00188668 -0.00988579 0.0117044 0.000286641 -0.00928534 0.00478892 0.0164444 0.00112283 0.0114264 -0.00449403 -0.00949954 0.00180684
internal_weight=486.187 215.975 145.21 91.582 53.6285 62.6983 42.4317 270.212 63.8214 206.39 72.4515 133.939 111.352 60.9825
internal_count=3970 2384 1388 986 402 519 369 1586 293 1293 402 891 773 420
is_linear=0
shrinkage=0.03


Tree=47
num_leaves=15
num_cat=0
split_feature=27 18 6 13 17 18 15 1 19 13 13 27 14 7
split_gain=17.3266 18.1949 21.9596 14.8629 13.4951 22.6055 13.5627 11.8353 10.7765 9.90769 11.1949 12.2053 16.5696 13.8868
threshold=0.14704398743666583 2.4150000000000005 -2.2063908700152655 1.8430334479492625 0.042485291572496413 1.5650000000000002 0.061015201644605534 -0.0030525852001930249 0.014218328849578856 3.3379139286885664 0.89952260612103696 -0.029717472103449879 3.2550000000000003 -0.0092313418061973334
decision_type=8 2 8 10 10 2 10 10 10 10 10 10 2 10
left_child=1 4 -3 8 5 -1 9 -7 -4 10 -6 12 -12 -13
right_child=-2 2 3 -5 6 7 -8 -9 -10 -11 11 13 -14 -15
leaf_value=-0.011982135197650616 -0.025852184867959375 0.034477794930675008 -0.028234149841361428 0.014086849590562606 0.020747583371379868 -0.0086312658460034782 -0.011094465149030527 0.025377167071320667 0.0034876684263435639 0.026433650351251323 0.0052077314359873896 0.018041435219115842 0.043989503940212261 -0.010107486942091347
leaf_weight=96.504143305122852 22.393887884914875 7.3251809626817703 52.403610710054636 11.06787560880184 43.58779501542449 13.018925987184046 29.696719847619534 27.409149095416069 11.510955888777969 28.632405355572701 42.429458227008581 19.605130784213543 12.078130654990671 66.553966216742992
leaf_count=955 237 46 697 76 282 88 203 162 132 158 293 122 71 448
internal_value=-0.000663733 0.000610877 -0.0120894 -0.0170325 0.00338979 -0.00412061 0.00762873 0.0144815 -0.0225554 0.0102802 0.00764086 0.00346175 0.0144389 -0.00356882
internal_weight=484.217 461.823 82.3076 74.9824 379.516 136.932 242.584 40.4281 63.9146 212.887 184.254 140.667 54.5076 86.1591
internal_count=3970 3733 951 905 2782 1205 1577 250 829 1374 1216 934 364 570
is_linear=0
shrinkage=0.03


Tree=48
num_leaves=15
num_cat=0
split_feature=22 22 17 25 4 4 14 2 17 4 28 21 21 2
split_gain=18.7189 14.6759 18.4509 13.9273 17.2663 23.5303 24.0862 17.2119 13.8195 13.1665 11.6322 11.1648 10.688 14.3565
threshold=1.3450000000000004 0.51500000000000012 0.057408966840418268 0.015807160562749889 0.0026669833433616359 0.0033091928707675027 2.8450000000000002 -0.0038468127379669421 0.041534703278565017 0.005911697174929534 0.011288300980875956 0.027212570217595239 0.013168942730205265 0.0018042734954528685
decision_type=2 2 10 10 10 10 2 8 10 8 10 10 10 10
left_child=1 2 3 -1 -5 8 -7 -8 -6 -2 -11 -9 -12 -14
right_child=9 -3 -4 4 5 6 7 11 -10 10 12 -13 13 -15
leaf_value=-0.021599723736050108 -0.00071574168148078737 -0.01878902520918288 -0.023411864705665409 -0.019595770148711736 0.012145624519123909 -0.020530164413320194 0.045838781962820499 0.022675196653196922 0.055559409396789952 0.031468232844772022 -0.0035178719667470389 -0.017904670941155571 0.037341159582089577 0.0023577366822602366
leaf_weight=16.32030526548624 164.51108877360821 66.977917052805424 27.858111556619406 16.722146395593882 13.172920584678652 23.942330777645111 11.756202563643454 10.98507469892502 13.830842778086661 22.569334976375103 40.701353222131729 11.441636193543671 18.009350016713142 24.072941184043884
leaf_count=154 1090 975 415 203 104 224 69 71 73 104 197 96 86 109
internal_value=-0.000642721 -0.00727294 -0.0018991 0.00332628 0.00749152 0.0129781 0.00205765 0.0180124 0.0355714 0.00459813 0.0128246 0.00209165 0.00742683 0.0178483
internal_weight=482.872 213.007 146.03 118.171 101.851 85.129 58.1252 34.1829 27.0038 269.864 105.353 22.4267 82.7836 42.0823
internal_count=3970 2384 1409 994 840 637 460 236 177 1586 496 167 392 195
is_linear=0
shrinkage=0.03


Tree=49
num_leaves=15
num_cat=0
split_feature=22 4 18 6 28 6 4 14 12 27 4 28 3 6
split_gain=17.7481 14.1806 18.3348 19.1396 17.4574 23.8628 17.2522 21.5918 15.0007 13.2017 12.382 10.8796 10.5631 12.254
threshold=1.3450000000000004 0.0023650802616427906 1.5650000000000002 1.716127454333505 0.016879977541141917 0.098103119590720919 0.0034575995593759718 2.6650000000000005 0.083147682028005279 0.061296973208800239 0.005911697174929534 0.011288300980875956 0.0049000769822855582 -0.46306922534906514
decision_type=2 10 2 10 10 10 10 2 10 10 8 10 10 10
left_child=1 -1 3 -3 5 9 7 -6 -9 -4 12 -12 13 -2
right_child=10 2 4 -5 6 -7 -8 8 -10 -11 11 -13 -14 -15
leaf_value=-0.030775053935045538 0.017125072364528569 -0.021714239013696238 -0.02440789844546155 0.026351434506133618 0.047822656498944342 0.041055791734341679 -0.021566942604473699 -0.017471984339855827 0.021829798448261627 0.020864260293308623 0.030404803949119371 0.0072042403609168769 -0.014681050182116113 -0.0028133894760070228
leaf_weight=19.628434851765633 39.243139825761318 64.547256536781788 11.692853733897211 7.5591993518173686 8.1317023523151857 19.868914946913719 33.620537042617798 23.793636858463287 12.519736886024473 9.6943051107227785 22.691017754375935 82.918944783508778 36.599888145923615 88.604474991559982
leaf_count=319 266 891 102 91 35 120 359 291 107 69 104 392 244 580
internal_value=-0.000623393 -0.00712314 -0.00455062 -0.0163838 0.00267695 0.0182249 -0.0056664 0.00657148 -0.00370004 -0.00387173 0.00446386 0.0124275 -0.00069467 0.00339218
internal_weight=481.114 211.057 191.428 72.1065 119.322 41.2561 78.0656 44.4451 36.3134 21.3872 270.057 105.61 164.448 127.848
internal_count=3970 2384 2065 982 1083 291 792 433 398 171 1586 496 1090 846
is_linear=0
shrinkage=0.03


Tree=50
num_leaves=15
num_cat=0
split_feature=5 14 13 4 17 24 3 17 12 25 4 8 17 5
split_gain=20.8809 12.3985 17.0772 12.2074 12.2356 12.0223 9.33192 15.0339 13.0058 12.5942 9.2872 8.64398 8.64312 8.2918
threshold=0.012185027689813348 1.5550000000000004 2.2133586641929139 0.0022826322988058214 0.082042190024144049 0.17687800430183701 0.002416552046705081 0.039274672880242063 -0.1078459480103615 0.044659530720894521 0.0066546033100132081 -0.0032857326862800735 0.056516182949423149 0.014669676676762434
decision_type=8 2 10 10 10 8 10 10 10 10 10 10 10 10
left_child=1 -1 3 -3 6 13 7 -5 9 -8 -10 -4 -9 -2
right_child=5 2 11 4 -6 -7 8 12 10 -11 -12 -13 -14 -15
leaf_value=-0.022783805404192153 0.031427929119952687 -0.030164070807841285 1.0131149033768687e-05 -0.010301497081194972 -0.024294895559563781 -0.012521064230243776 0.00036095626594044892 0.047537273733543876 -0.011061729266156787 0.02840024804407227 0.010801557786582228 0.02657007977494729 0.006810622862340748 0.010343938793524451
leaf_weight=26.087262857705355 23.762155640870333 14.506388321518896 18.922431480139494 13.269266087561844 21.173840578645468 14.09782427549362 72.48382131755352 10.360258229076864 137.46910013630986 17.0050218552351 19.202808313071728 25.436692420393229 8.6447627656161767 57.692449793219566
leaf_count=345 133 245 127 171 184 102 574 98 1264 100 95 146 81 299
internal_value=-8.63913e-05 -0.00321053 -0.00172671 -0.00419952 -0.00284622 0.0123901 -0.00113403 0.0137863 -0.0031381 0.00594406 -0.0083305 0.0154903 0.0302785 0.0168012
internal_weight=480.114 384.562 358.474 314.115 299.609 95.5524 278.435 32.2743 246.161 89.4888 156.672 44.3591 19.005 81.4546
internal_count=3964 3430 3085 2812 2567 534 2383 350 2033 674 1359 273 179 432
is_linear=0
shrinkage=0.03


Tree=51
num_leaves=15
num_cat=0
split_feature=5 27 13 22 12 21 4 18 25 20 2 24 4 22
split_gain=19.6381 13.0266 13.7385 19.3297 14.6693 12.3762 17.7659 13.5667 16.5469 11.5407 17.0647 14.5289 13.2399 11.7009
threshold=0.012185027689813348 0.14704398743666583 1.3893090857067787 -1.0000000180025095e-35 -0.19544816454700251 0.062495252117179892 0.0025513429480947662 1.905 0.018945906376340301 0.0019083992633504023 0.010497403695028497 -0.12022435616655268 0.0035284096156437683 1.4550000000000003
decision_type=8 8 10 2 10 10 8 2 10 10 10 10 10 2
left_child=1 2 3 -1 -5 6 -6 -8 -9 11 -11 12 -4 -13
right_child=-2 -3 9 4 5 -7 7 8 -10 10 -12 13 -14 -15
leaf_value=-0.030892789604529101 0.011989266277396337 -0.026106138713160306 0.040198964837188898 0.0152261430387281 0.031266639669678013 -0.031652996144596372 -0.011576717146630748 -0.012423508482516278 0.036045202948212333 0.02542958625596899 -0.015476806526555618 -0.024070269327130269 -0.0051366054795741294 0.0011235653164058683
leaf_weight=24.935990106314421 95.848572786897421 19.995661314576864 11.805341493338348 31.245473694056273 10.776615761220453 15.41651391237974 110.62496081739664 11.437440462410452 12.222722705453632 40.579825576394796 11.043953537940977 24.129780359566212 10.223995059728621 48.583338275551796
leaf_count=436 534 222 97 225 120 192 915 85 88 280 96 295 72 307
internal_value=-8.31637e-05 -0.00312756 -0.00179365 -0.00657829 -0.00327201 -0.00694563 -0.00412111 -0.00717116 0.0130615 0.00528543 0.0165506 -0.000961561 0.019849 -0.0074501
internal_weight=478.87 383.022 363.026 216.66 191.724 160.478 145.062 134.285 23.6602 146.366 51.6238 94.7425 22.0293 72.7131
internal_count=3964 3430 3208 2061 1625 1400 1208 1088 173 1147 376 771 169 602
is_linear=0
shrinkage=0.03


Tree=52
num_leaves=15
num_cat=0
split_feature=18 27 5 17 18 18 28 18 6 19 1 2 27 13
split_gain=18.5604 18.5634 15.8653 15.8322 22.2296 20.3392 14.934 13.9288 15.7804 12.732 11.9452 11.5628 11.5343 11.3107
threshold=2.4150000000000005 0.14704398743666583 -0.013705491581748414 0.048828378288816997 1.5650000000000002 0.095000000000000015 0.019053209129391274 0.19500000000000003 0.73410067671172252 -0.13353139262452238 -0.0030525852001930249 0.0092070792426308685 -0.029037601287834388 1.3124856741347337
decision_type=2 8 10 10 2 2 10 2 8 10 10 10 10 10
left_child=1 3 -2 4 9 6 -5 12 -9 -1 -6 -12 -7 -11
right_child=2 -3 -4 5 10 7 -8 8 -10 13 11 -13 -14 -15
leaf_value=0.024487086642665631 0.0260396233703847 -0.024934274555556669 -0.018114271422233343 0.034501930359531897 -0.0087478012379041559 0.010178215304093617 -0.00056156691641415029 0.034809346864139959 0.0029980846876955262 -0.0045798520717390571 0.038323394082586844 0.0034450029424066362 -0.013505148908695846 -0.023472141389458398
leaf_weight=9.0868157446384412 7.3018072769045821 20.064815495163202 68.636801481246948 40.36347509175539 13.041217483580111 28.723500326275826 14.816478572785853 21.004521816968918 39.338385447859764 91.107109293341637 20.331613272428513 14.639714352786539 48.315001685172319 40.969108954071999
leaf_count=66 46 216 882 185 92 179 106 147 278 836 112 93 304 422
internal_value=-8.39947e-05 0.0024951 -0.0135854 0.00399822 -0.00216324 0.0100313 0.0252446 0.00378249 0.0144581 -0.00815926 0.0152726 0.0242243 -0.00465763 -0.0105725
internal_weight=477.74 401.802 75.9386 381.737 189.176 192.561 55.18 137.381 60.3429 141.163 48.0125 34.9713 77.0385 132.076
internal_count=3964 3036 928 2820 1621 1199 291 908 425 1324 297 205 483 1258
is_linear=0
shrinkage=0.03


Tree=53
num_leaves=15
num_cat=0
split_feature=22 22 25 12 4 18 21 25 28 13 2 12 4 14
split_gain=18.3703 12.7522 12.7872 12.7693 11.8804 13.4565 18.3705 17.2939 24.8591 19.5194 15.248 11.1708 11.1306 11.2204
threshold=1.3450000000000004 2.3950000000000005 0.026950246556825399 0.16421622448706977 0.0023650802616427906 1.5650000000000002 0.054453007165022792 0.016375527311718572 0.016879977541141917 1.3893090857067787 0.022501854953979054 -0.20491100065968701 0.0058243540830616057 2.2950000000000004
decision_type=2 2 10 10 10 2 10 10 10 10 10 10 8 2
left_child=4 2 -2 -3 -1 10 7 -7 -9 -10 -6 -4 13 -13
right_child=1 3 11 -5 5 6 -8 8 9 -11 -12 12 -14 -15
leaf_value=-0.030309196127023087 -0.014334787189706965 -0.01305204466348844 0.027367063234759518 0.020600292808113593 -0.019234458341535338 -0.01612274005450216 -0.017382350585312026 0.042950547957814167 -0.013046010279443842 0.026016152226324328 0.028210147912164928 0.011201380205633231 0.016545089970575202 -0.0096683228547623599
leaf_weight=16.852351229637861 19.105444230139256 52.111871257424355 30.198097787797451 11.604628473520277 64.079421292990446 18.328236065804958 31.91465500369668 20.273555461317301 26.264052473008633 18.952872514724731 5.8456621021032324 44.951568961143494 69.979497201740742 45.802632614970207
leaf_count=298 143 376 157 76 917 164 363 128 287 123 67 252 314 299
internal_value=-7.91268e-05 0.00498124 0.0085396 -0.00669937 -0.00691058 -0.00463567 0.00165645 0.00902509 0.0161996 0.00353571 -0.0149263 0.0108913 0.00764578 0.000678095
internal_weight=476.265 273.754 210.037 63.7165 202.511 185.658 115.733 83.8187 65.4905 45.2169 69.9251 190.932 160.734 90.7542
internal_count=3964 1617 1165 452 2347 2049 1065 702 538 410 984 1022 865 551
is_linear=0
shrinkage=0.03


Tree=54
num_leaves=15
num_cat=0
split_feature=22 22 25 12 23 4 13 4 13 20 17 14 14 4
split_gain=17.3911 11.9985 12.0681 12.0598 11.7531 11.6151 10.4446 14.694 12.1649 12.4103 9.37906 19.9046 19.5886 13.8065
threshold=1.3450000000000004 2.3950000000000005 0.026950246556825399 0.16421622448706977 0.077240656496388213 0.0023650802616427906 0.89952260612103696 0.0050241202299884579 1.0695818155590027 0.0048405128387631899 0.061962423845865595 2.5750000000000006 4.6850000000000014 0.0035932741591334547
decision_type=2 2 10 10 10 10 10 10 10 10 10 2 2 10
left_child=5 2 -2 -3 6 -1 7 -4 -8 -10 11 13 -13 -7
right_child=1 3 4 -5 -6 10 8 -9 9 -11 -12 12 -14 -15
leaf_value=-0.030205317820499487 -0.014049124898108235 -0.012770815597107408 0.0081604150583616253 0.019823117758562183 -0.010451873224710364 -0.004013304082693128 -0.0079139945973036238 0.0467914362790691 0.0065884649753000131 0.028396568652146778 -0.022331317367569457 0.015312763624318717 -0.019770577379562327 -0.03093431624054949
leaf_weight=16.413074031472206 18.932087533175945 51.690144471824169 18.472068190574646 11.734979391098021 20.630561269819736 52.832369912415743 28.716107711195946 16.997777804732323 71.95597006380558 34.510448850691319 22.288354840129614 67.558391142636538 17.189356099814177 24.645966421812773
leaf_count=298 143 376 116 76 106 696 164 82 396 158 336 529 193 295
internal_value=-7.74959e-05 0.00483671 0.00827973 -0.00652617 0.0105513 -0.00676089 0.0131365 0.0274485 0.00920727 0.0138559 -0.00452386 -0.00195546 0.00804924 -0.012862
internal_weight=474.568 273.64 210.215 63.4251 191.283 200.928 170.652 35.4698 135.183 106.466 184.514 162.226 84.7477 77.4783
internal_count=3964 1617 1165 452 1022 2347 916 198 718 554 2049 1713 722 991
is_linear=0
shrinkage=0.03


Tree=55
num_leaves=15
num_cat=0
split_feature=22 4 18 19 21 18 22 4 10 6 13 18 25 14
split_gain=21.7523 11.3185 10.8569 14.7703 13.6309 13.2962 10.4534 15.8484 10.8524 10.0696 14.7078 13.1494 10.4564 10.2747
threshold=1.3450000000000004 0.0023650802616427906 1.5650000000000002 -0.027213823288016966 0.054453007165022792 2.3400000000000003 -0.074999999999999997 0.0034575995593759718 15.225000000000003 -0.93191811508055433 1.0695818155590027 0.12500000000000003 0.026950246556825399 3.2050000000000005
decision_type=2 10 2 10 10 2 2 10 2 10 10 2 10 2
left_child=1 -1 3 -3 5 -4 -7 -8 -9 10 11 -2 -11 -12
right_child=9 2 4 -5 -6 6 7 8 -10 12 13 -13 -14 -15
leaf_value=-0.030281065069377448 -0.021196932786508565 0.020431014984803479 0.021865092733072845 -0.020083811898114565 -0.01594154614994478 -0.02901537041313294 0.029746656074238841 0.0076726039820077287 -0.02820547537323877 -0.019662977794406851 0.047852122863345906 0.019543401008891112 0.0043695020735057318 0.013601099404479289
leaf_weight=17.011040858924389 12.996356427669527 8.5344821289181692 31.250431593507528 59.10545140504837 32.324814580380917 9.7677879706025106 13.450602401047943 16.220255319029096 12.740294840186833 16.815699703991413 14.207764804363249 13.535019628703592 191.073182053864 18.76643855124712
leaf_count=311 94 111 192 859 366 178 103 116 113 128 74 81 1104 107
internal_value=-0.000104363 -0.00755608 -0.00529539 -0.0147487 0.000307552 0.00671753 -0.00259504 0.00401809 -0.00852546 0.00548785 0.0162622 -0.000458245 0.00234074 0.0293331
internal_weight=467.8 200.405 183.394 67.6399 115.754 83.4294 52.1789 42.4112 28.9606 267.394 59.5056 26.5314 207.889 32.9742
internal_count=3937 2349 2038 970 1068 702 510 332 229 1588 356 175 1232 181
is_linear=0
shrinkage=0.03


Tree=56
num_leaves=15
num_cat=0
split_feature=22 4 18 17 13 4 4 3 8 21 28 4 5 18
split_gain=20.6029 11.0733 10.3943 13.7912 12.2836 29.2879 11.6271 15.7928 24.1976 10.7073 9.56383 9.51605 14.8133 12.5512
threshold=1.3450000000000004 0.0023650802616427906 0.19500000000000003 0.061134020009508801 1.3893090857067787 0.003418219261001124 0.004263724427356552 0.0027155356663769834 0.00087440230861934875 0.026157418189028486 0.020906346237280084 0.0030546455624857085 0.0042653419564450427 0.19500000000000003
decision_type=2 10 2 10 10 10 10 10 10 10 10 10 10 2
left_child=1 -1 -3 4 6 10 7 8 -4 -8 -6 12 -2 -13
right_child=11 2 3 -5 5 -7 9 -9 -10 -11 -12 13 -14 -15
leaf_value=-0.030178940523899921 0.037841600399147392 -0.021015233824710999 -0.024750042060274466 -0.025043978585314874 0.016643069264295547 -0.011887441107527416 0.024270633030821238 -0.027102709004684034 0.031578583350322063 -0.011514184258641508 0.054478451693812636 0.00022865385690128582 -0.0016134449231889351 0.019629145648311256
leaf_weight=16.566645115613937 17.950622737407684 29.994295068085194 12.352833312004806 19.189878422766924 14.29790258407593 21.458629190921783 17.514841072261337 31.027992784976959 13.148294877260922 11.890047326683996 11.331229534000157 200.02242384850979 15.482497647404669 34.31597489118576
leaf_count=311 97 428 175 309 95 180 106 389 158 104 94 1240 74 177
internal_value=-0.000104369 -0.00740098 -0.00517652 -0.00193861 0.0015566 0.0137127 -0.00518551 -0.0130672 0.00438849 0.00989803 0.0347886 0.00531944 0.0200542 0.00314095
internal_weight=466.544 198.773 182.206 152.212 133.022 47.0878 85.934 56.5291 25.5011 29.4049 25.6291 267.772 33.4331 234.338
internal_count=3937 2349 2038 1610 1301 369 932 722 333 210 189 1588 171 1417
is_linear=0
shrinkage=0.03


Tree=57
num_leaves=15
num_cat=0
split_feature=22 4 18 17 14 9 3 28 4 13 11 4 5 18
split_gain=19.5218 10.8298 10.0238 15.7583 15.0068 14.2352 12.0608 17.0608 10.9984 10.9961 10.6523 8.9042 13.7604 11.7471
threshold=1.3450000000000004 0.0023650802616427906 1.5650000000000002 0.061134020009508801 4.7650000000000006 0.0058136296784421782 0.0027155356663769834 0.016879977541141917 0.0024763675719620634 2.0949387582021619 1.0000000180025095e-35 0.0030546455624857085 0.0036656428864009702 0.19500000000000003
decision_type=2 10 2 10 2 10 10 10 10 10 8 10 10 2
left_child=1 -1 5 4 6 8 -4 10 -3 -9 -8 12 -2 -13
right_child=11 2 3 -5 -6 -7 7 9 -10 -11 -12 13 -14 -15
leaf_value=-0.030077732819369336 0.037871192855981173 0.018789368831785468 0.030009768757882645 -0.028210958528057713 -0.024688316354123739 0.024108289940450188 0.03570098746782896 -0.018524970109457525 -0.023222099227446304 0.015864922913382526 -0.00036834965836815087 0.00022180553667959545 4.5639539526909871e-05 0.018943638986146847
leaf_weight=16.133624818176031 16.690397538244724 5.5017756894230834 18.331292279064655 14.165870588272808 12.728919964283703 6.894652545452117 16.275309588760138 29.896600034087896 53.699441496282816 10.612285770475863 12.815404143184425 200.04273149371147 16.95315009355545 34.523967996239662
leaf_count=311 89 85 142 251 153 83 93 285 802 65 79 1240 82 177
internal_value=-0.000102727 -0.00725161 -0.00506196 0.000318289 0.00457122 -0.0142743 0.00903683 0.00316611 -0.0190706 -0.00935054 0.0203271 0.00515702 0.0193622 0.00304604
internal_weight=465.265 197.055 180.922 114.826 100.66 66.0959 87.9309 69.5996 59.2012 40.5089 29.0907 268.21 33.6435 234.567
internal_count=3937 2349 2038 1068 817 970 664 522 887 350 172 1588 171 1417
is_linear=0
shrinkage=0.03


Tree=58
num_leaves=15
num_cat=0
split_feature=18 3 17 4 13 20 3 6 3 4 6 25 9 28
split_gain=18.1434 18.7261 11.5289 12.902 9.01492 8.86222 22.8122 19.4537 16.8347 13.2878 13.2221 10.829 14.9559 11.3494
threshold=2.4150000000000005 0.0046470365938198494 0.033552785460673591 0.0045149905618456403 0.54407886478782441 0.004566241781636283 0.0033981694032059156 1.6128207187459491 0.0048734275122960047 0.0040986205952189235 0.64638971865785211 0.039247861936623059 0.0057719662776103417 0.021250330993789718
decision_type=2 8 10 10 10 10 10 8 10 10 10 10 10 10
left_child=2 -2 3 -1 -4 7 10 11 -9 -8 -7 -6 13 -13
right_child=1 -3 4 -5 5 6 9 8 -10 -11 -12 12 -14 -15
leaf_value=-0.021970335450994163 -0.020534440843202387 0.018724791070810803 0.029311220397319541 0.0062977233209259211 -0.012886655032249577 0.045961784225986707 -0.02242324915336236 0.036515869108900562 0.0004745047274924911 0.0073780247225705576 0.0082805616006884249 0.00069266919130396782 -0.013092595902060179 0.030334255829314268
leaf_weight=32.595170367509127 60.803433671593666 12.462783873081205 11.823700729757546 24.977780230343342 79.855930749326944 19.520849034190178 15.77675638347864 20.279569823294878 25.871525727212429 67.293553985655308 15.055211771279572 27.155665297061205 31.094034302979708 19.391358751803637
leaf_count=411 852 91 81 172 795 118 123 141 132 404 118 172 187 140
internal_value=-9.9215e-05 -0.0136941 0.00247869 -0.00980822 0.00462524 0.00362866 0.0101461 -0.000167628 0.0167503 0.00151875 0.0302485 -0.00519945 0.00277037 0.0134195
internal_weight=463.957 73.2662 390.691 57.573 333.118 321.294 117.646 203.648 46.1511 83.0703 34.5761 157.497 77.6411 46.547
internal_count=3937 943 2994 583 2411 2330 763 1567 273 527 236 1294 499 312
is_linear=0
shrinkage=0.03


Tree=59
num_leaves=15
num_cat=0
split_feature=22 4 18 15 1 3 8 3 4 9 25 21 4 8
split_gain=17.833 10.4539 9.86883 10.9166 11.4165 10.6815 12.1225 15.4176 8.87084 16.3156 17.4886 29.292 10.9849 8.87422
threshold=1.3450000000000004 0.0023650802616427906 0.19500000000000003 0.0033119966687605866 0.0031507524198266528 0.0047729964946132721 0.00237103944675976 0.0027481607152895315 0.0058743903243480911 0.005639050917871819 0.040114966363139208 0.010195458225155907 0.0075095202318650493 -0.012118747518601756
decision_type=2 10 2 10 10 10 10 10 8 10 10 10 10 10
left_child=1 -1 -3 -4 5 6 -5 -8 9 10 13 -12 -10 -2
right_child=8 2 3 4 -6 -7 7 -9 12 -11 11 -13 -14 -15
leaf_value=-0.029913167465313365 -0.021781106812812444 -0.020558297508031793 -0.009262471468527992 -0.010244819837802899 -0.0099569710555279176 0.03973489131855349 0.050393105628465794 -0.0036765684144837345 0.020333492736862128 -0.016897777911381345 0.046119292296509351 -0.003114283524191035 0.0003996869386061783 0.0024604409215893716
leaf_weight=15.44737973064184 15.63903810828924 29.036814849823713 79.509309448301792 18.01410274580121 23.432682439684868 11.09569653123617 8.5991459637880343 9.1380968764424306 57.737724706530571 36.202338315546513 20.466236159205437 21.805664092302322 43.234680198132992 73.392672292888165
leaf_count=311 121 428 853 242 243 76 94 102 278 221 99 130 201 538
internal_value=-9.31846e-05 -0.00699639 -0.00486145 -0.00170243 0.00686039 0.0153047 0.00684768 0.0238273 0.00490946 0.00065855 0.00559022 0.0212374 0.0118858 -0.00199239
internal_weight=462.752 194.273 178.826 149.789 70.2797 46.847 35.7513 17.7372 268.478 167.506 131.304 42.2719 100.972 89.0317
internal_count=3937 2349 2038 1610 757 514 438 196 1588 1109 888 229 479 659
is_linear=0
shrinkage=0.03


Tree=60
num_leaves=15
num_cat=0
split_feature=27 14 10 6 16 4 20 20 13 14 23 12 28 26
split_gain=17.1434 13.2156 12.9221 9.86452 16.1513 18.809 17.1988 15.529 14.1365 15.5224 14.4321 12.385 9.29114 12.4589
threshold=0.14704398743666583 4.7650000000000006 10.905000000000003 1.1039692872775388 0.017438682242722051 0.0035522551440831216 -0.087534116190406172 -0.0064103442145307101 1.3893090857067787 2.5550000000000002 0.076262992050128195 -0.20060639918481701 0.009743241813273712 0.0075162549782890062
decision_type=8 2 2 8 10 10 10 10 10 2 8 10 10 10
left_child=1 2 -1 7 -5 -6 -7 -4 10 -10 11 -9 -13 -14
right_child=-2 -3 3 4 5 6 -8 8 9 -11 -12 12 13 -15
leaf_value=-0.029476335609489212 -0.025491989461722216 -0.026724062649938176 -0.011250737185586737 0.017175620487113064 -0.024487726168857533 0.033991044660232651 -0.0082850969905623757 0.028449773413009218 -0.0024889086966854239 0.02595103282939434 -0.020570944130690112 -0.022690434776900296 0.014256066109424162 -0.011356483113584261
leaf_weight=10.051011890172957 21.02044265717268 13.331021230667828 77.693400736898184 92.842386826872826 21.560675099492073 14.68540298566222 18.656143303960562 14.477242134511469 27.830505665391684 43.83708892390132 27.095624927431345 13.440013688057659 40.521533336490393 28.114118222147226
leaf_count=162 244 182 641 606 224 66 116 93 267 279 393 111 322 240
internal_value=0.000347638 0.00162512 0.00256223 0.00339564 0.00961145 -0.00325836 0.0107832 9.02722e-06 0.00452246 0.0150247 -0.00163644 0.00383355 -0.000798675 0.00375238
internal_weight=465.157 444.136 430.805 420.754 147.745 54.9022 33.3415 273.01 195.316 71.6676 123.649 96.5529 82.0757 68.6357
internal_count=3946 3702 3520 3358 1012 406 182 2346 1705 546 1159 766 673 562
is_linear=0
shrinkage=0.03


Tree=61
num_leaves=15
num_cat=0
split_feature=27 14 10 22 22 17 8 8 14 4 3 22 8 17
split_gain=16.4436 12.7083 12.46 10.1488 15.3066 12.2482 10.6685 10.9937 10.3525 15.6031 10.1205 15.9602 15.6916 14.6507
threshold=0.14704398743666583 4.7650000000000006 10.905000000000003 2.2950000000000004 1.4750000000000003 0.067829117883463338 -0.016420495869386095 0.027353350784323108 2.5750000000000006 0.0026669833433616359 0.0029104070355491451 0.43500000000000005 -0.014646916920074913 0.045789850678559132
decision_type=8 2 2 2 2 10 10 10 2 8 8 2 10 8
left_child=1 2 -1 4 5 8 -6 -8 10 -10 11 -4 -12 -13
right_child=-2 -3 3 -5 6 -7 7 -9 9 -11 12 13 -14 -15
leaf_value=-0.029346476649439363 -0.02520893321101244 -0.026516064887009187 0.0424235635182637 -0.0065930846062262115 -0.0046101377570041688 -0.022181111294877126 0.020162965059873663 -0.0046709939491169283 -0.018269534279723051 0.015547514736953956 0.019302318439228444 -0.017221228016938279 -0.019048146446829457 0.034469269508261312
leaf_weight=9.8008306100964528 20.635848369449377 13.044709298759697 8.2309405431151408 75.681587189435959 25.958833396434784 19.175292454659939 103.90523122996092 18.54520096629858 13.89366168156266 71.814342278987169 11.049844842404125 18.008530162274841 48.593313317745924 5.6755038052797309
leaf_count=162 244 182 38 510 137 322 539 93 227 522 104 278 518 70
internal_value=0.000331214 0.00157397 0.00248496 0.00329468 0.00547745 -2.65419e-05 0.0127142 0.0163945 0.00248095 0.00991814 -0.00451297 0.00894301 -0.011742 -0.00393981
internal_weight=464.014 443.378 430.333 420.532 344.851 196.441 148.409 122.45 177.266 85.708 91.5581 31.915 59.6432 23.684
internal_count=3946 3702 3520 3358 2848 2079 769 632 1757 749 1008 386 622 348
is_linear=0
shrinkage=0.03


Tree=62
num_leaves=15
num_cat=0
split_feature=27 18 3 19 17 4 4 20 3 4 6 24 10 11
split_gain=15.7745 14.6243 16.4565 9.72226 8.5568 22.2633 17.8181 16.3906 17.9012 14.1407 14.0065 11.8308 11.7513 10.3856
threshold=0.14704398743666583 2.4150000000000005 0.0047929215082610074 0.026750821192612965 0.042953463189829399 0.0046701045855336359 0.003786713149784821 0.0077354732597330065 0.002887077619947723 0.0065748581555160153 -0.029216443170300518 -0.038043478706792193 19.215000000000003 -0.032192341063284717
decision_type=8 2 8 10 10 8 10 10 8 10 10 10 2 10
left_child=1 4 3 -3 5 7 11 -1 -9 -8 -11 -6 -13 -7
right_child=-2 2 -4 -5 6 13 9 8 -10 10 -12 12 -14 -15
leaf_value=-0.020274268180560766 -0.024927248785788808 -0.022818839648866038 0.019844873657552095 0.0102930040086962 0.02980668024083041 0.030808587979475326 -0.0063963266274722234 0.023931954449673401 -0.023269343836896487 -0.0060395304837970506 0.021909206669993894 -0.01135999186383951 0.021204726484006422 0.0027574364049629653
leaf_weight=57.920162741094828 20.259980849921703 48.809937700629234 11.987265173345802 8.901019159704445 41.122257318347692 18.805854942649603 89.087487820535898 18.932237185537819 10.40067011490464 24.986903164535761 42.797573063522577 17.359714593738317 21.024006217718124 30.232700128108263
leaf_count=675 244 726 86 104 312 127 641 149 104 119 206 145 109 199
internal_value=0.000316911 0.00152668 -0.0109899 -0.0176235 0.00389072 -0.00208694 0.00733162 -0.0111365 0.00698025 0.00143403 0.0116686 0.0188057 0.00656228 0.0139155
internal_weight=462.628 442.368 69.6982 57.711 372.67 136.292 236.378 87.2531 29.3329 156.872 67.7845 79.506 38.3837 49.0386
internal_count=3946 3702 916 830 2786 1254 1532 928 253 966 325 566 254 326
is_linear=0
shrinkage=0.03


Tree=63
num_leaves=15
num_cat=0
split_feature=27 18 3 22 22 18 3 21 16 22 6 12 2 2
split_gain=15.1389 13.8612 15.6671 11.1002 13.8547 13.457 31.2926 20.5416 12.0671 15.7174 13.8316 12.7499 18.5029 10.286
threshold=0.14704398743666583 2.4150000000000005 0.0047929215082610074 2.2950000000000004 1.4750000000000003 1.5850000000000002 0.0029422894147352547 0.003244428422592201 -0.077395631221087155 0.96500000000000008 1.5177259917790551 -0.012887124952257521 0.001957536329217691 -0.0098034675608267268
decision_type=8 2 8 2 2 2 10 10 10 2 10 10 8 8
left_child=1 3 -3 4 5 8 -7 -8 10 -10 -1 -11 -13 -6
right_child=-2 2 -4 -5 13 6 7 -9 9 11 -12 12 -14 -15
leaf_value=-0.0087788793338221226 -0.024646860905995653 -0.017342906548737529 0.019157326723746558 -0.0064467644328762954 -0.0023469330448071726 0.046240366170431653 0.023771067690814555 -0.017249403440936742 -0.030401698381622648 -0.015866869150890774 0.03452530185915146 0.049961749859108187 -0.011660196307456202 0.017071072610673706
leaf_weight=14.680636473000051 19.892707921564579 56.910237949341536 12.079414296895264 75.308225706219673 30.884822346270084 15.493266344070433 16.507308021187782 28.517034891992807 28.339994072914124 21.364843361079693 10.669010091572998 7.5157377980649454 8.4168949387967569 114.65477927774191
leaf_count=171 244 830 86 510 170 72 93 246 447 233 89 94 81 580
internal_value=0.000308446 0.00148644 -0.0107697 0.00378002 0.0063857 2.4269e-05 0.0108858 -0.00202032 -0.00723981 -0.0139739 0.0100653 -0.00102361 0.018642 0.0129625
internal_weight=461.235 441.342 68.9897 372.353 297.044 151.505 60.5176 45.0243 90.9871 65.6375 25.3496 37.2975 15.9326 145.54
internal_count=3946 3702 916 2786 2276 1526 411 339 1115 855 260 408 175 750
is_linear=0
shrinkage=0.03


Tree=64
num_leaves=15
num_cat=0
split_feature=27 18 6 13 22 22 18 4 14 15 22 13 1 19
split_gain=14.5295 13.1386 13.7996 12.0559 10.4739 12.9381 12.7451 19.2473 16.821 11.8707 10.13 11.2774 14.7319 8.93737
threshold=0.14704398743666583 2.4150000000000005 -2.2063908700152655 1.8430334479492625 2.2950000000000004 1.4750000000000003 1.5850000000000002 0.0035041489353159062 2.6350000000000002 -0.090799897832772522 0.95500000000000007 0.9726281978176412 -0.002009400690399676 0.026750821192612965
decision_type=8 2 8 10 2 2 2 10 2 10 2 10 8 10
left_child=1 4 -3 13 5 6 9 -8 -9 -1 -11 12 -12 -4
right_child=-2 2 3 -5 -6 -7 7 8 -10 10 11 -13 -14 -15
leaf_value=0.029321602618201808 -0.024367701084099715 0.027012384448762663 -0.026212774293703348 0.011450013222798355 -0.0062785601040150144 0.012540408722273862 0.035590673798978706 -0.031401746568210515 0.010458591622690911 -0.022717054817194986 -0.015952451696091299 -0.013180033043320447 0.034130029448856784 0.011225541749554882
leaf_weight=6.4790277592837802 19.533894512802362 6.941937267780304 43.648957906290889 11.730372887104748 75.036949776113033 145.95387195050716 18.108166959136724 10.763077359646557 31.538921635597944 33.51295306161046 7.8527738004922867 29.862831711769104 12.669718723744156 6.0164289623498908
leaf_count=60 244 43 709 82 510 750 102 110 199 508 88 338 121 82
internal_value=0.000300874 0.00144851 -0.0105472 -0.0151588 0.00367585 0.00620565 3.17444e-05 0.0106009 -0.000671329 -0.00707161 -0.0101943 -0.00158506 0.0151156 -0.0215455
internal_weight=459.65 440.116 68.3377 61.3958 371.778 296.741 150.787 60.4102 42.302 90.3773 83.8983 50.3853 20.5225 49.6654
internal_count=3946 3702 916 873 2786 2276 1526 411 309 1115 1055 547 209 791
is_linear=0
shrinkage=0.03


Tree=65
num_leaves=15
num_cat=0
split_feature=27 22 13 13 28 18 18 17 21 6 25 18 18 22
split_gain=10.1375 8.56931 14.7469 7.93613 18.8365 13.3907 14.0254 12.5134 13.2733 12.7889 17.1406 12.2607 11.6341 11.459
threshold=0.14335464519352351 -0.074999999999999997 1.3821257361359394 0.89264182479253273 0.02248136678623951 5.0650000000000004 2.3750000000000004 0.042485291572496413 0.011115232458273614 0.54844762364649913 0.040114966363139208 1.905 0.19500000000000003 1.4450000000000001
decision_type=8 2 8 10 10 2 2 10 10 10 10 2 2 2
left_child=1 2 -1 4 7 6 12 8 11 10 -9 -3 13 -5
right_child=-2 3 -4 5 -6 -7 -8 9 -10 -11 -12 -13 -14 -15
leaf_value=-0.029868367735160325 -0.021406365478144226 -0.0020109236250222596 0.027269709161203189 -0.020158356175397678 -0.028623637260590178 0.027221419039116394 -0.024659182900432751 0.026790613938472603 -0.012758085690369481 0.03797774320758545 -0.0193698901132335 0.033428494779549532 0.0085336540429193346 -0.0012585751620618503
leaf_weight=17.325896540656689 19.234911996871233 18.59851311519742 4.3761398904025546 35.089470349252224 10.799323391169308 13.038241237401961 23.168176505714655 16.503700952976946 28.397554762661457 23.409827381372452 11.428879968822001 15.473637625575064 81.993232779204845 145.14125616848469
leaf_count=399 251 162 37 440 139 94 240 147 352 143 63 82 647 834
internal_value=-0.000639253 0.000304921 -0.017653 0.00126562 0.00759247 -0.00139273 -0.00279046 0.0112483 0.00214624 0.0220704 0.00788692 0.0145779 -0.000771961 -0.00502914
internal_weight=463.979 444.744 21.702 423.042 124.611 298.43 285.392 113.812 62.4697 51.3424 27.9326 34.0722 262.224 180.231
internal_count=4030 3779 436 3343 1088 2255 2161 949 596 353 210 244 1921 1274
is_linear=0
shrinkage=0.03


Tree=66
num_leaves=15
num_cat=0
split_feature=4 27 4 13 9 16 25 21 19 27 23 3 20 13
split_gain=10.4878 9.92441 10.1016 12.4252 15.5937 11.4679 9.12947 8.63061 10.5295 9.82837 8.23958 7.54447 7.92937 8.13811
threshold=0.0022826322988058214 0.14704398743666583 0.0023872406841326833 2.9132251206226099 0.0072735959759450174 -0.046520015634892865 0.065429729183296773 0.0030779350562313164 0.037783461676853876 -0.00089836485985639303 0.17828034760957295 0.0070191696700686373 0.15415067982725841 0.50751572777703935
decision_type=8 8 10 10 10 8 10 10 10 8 10 10 10 10
left_child=-1 2 -2 4 5 -4 -5 9 10 -7 11 12 13 -9
right_child=1 -3 3 6 -6 7 -8 8 -10 -11 -12 -13 -14 -15
leaf_value=-0.028868557369964461 0.023535131799418789 -0.021470101908571758 -0.0089653788711914362 0.0015560302276029093 -0.030520982532219298 0.035233761949188383 0.0327058226396666 0.014828537496624626 0.012593603110407985 0.0012948608060528652 0.022799079828496008 0.015936682205972701 0.013968796378139548 -0.010009299334982426
leaf_weight=10.537839556112884 16.207516390830278 17.425487019121647 97.730916120111942 16.757062889635563 14.922515027225016 14.073631696403025 16.338092405349016 12.119618970900772 54.135887213051319 15.816867753863336 10.104102335870264 14.901740185916422 15.68243510648608 135.94831169396639
leaf_count=249 128 228 842 130 114 94 79 133 351 170 94 71 133 1214
internal_value=-0.000624321 9.61726e-05 0.0010079 8.15146e-05 -0.00145041 -0.000200581 0.017442 0.0029609 0.00105688 0.0178979 -0.00230082 -0.00383941 -0.00572489 -0.00789044
internal_weight=462.702 452.164 434.739 418.531 385.436 370.514 33.0952 272.783 242.892 29.8905 188.756 178.652 163.75 148.068
internal_count=4030 3781 3553 3425 3216 3102 209 2260 1996 264 1645 1551 1480 1347
is_linear=0
shrinkage=0.03


Tree=67
num_leaves=15
num_cat=0
split_feature=4 27 4 13 17 14 8 16 14 21 17 13 26 27
split_gain=10.174 9.515 9.47486 11.7104 19.203 12.9455 15.0931 11.6093 13.6322 11.8699 12.5877 12.4465 11.8337 10.5744
threshold=0.0022826322988058214 0.14704398743666583 0.0023872406841326833 2.9132251206226099 0.082042190024144049 1.5550000000000004 0.023841849939441499 -0.046520015634892865 2.0150000000000001 0.0030779350562313164 0.033289005613518198 0.53475074592406802 -0.0025217954094278734 0.05805898751187822
decision_type=8 8 10 10 10 2 10 10 2 10 10 10 10 10
left_child=-1 2 -2 4 5 -4 7 8 -7 12 13 -12 -9 -11
right_child=1 -3 3 -5 -6 6 -8 9 -10 10 11 -13 -14 -15
leaf_value=-0.028761809485373904 0.022738191738825034 -0.021184653751750243 -0.024636611245229569 0.016925252692494504 -0.026442936634794179 0.013780329266738544 -0.016322676978776353 0.048847100227898038 -0.013898395691092096 -0.023746545833264715 0.032531691378185894 0.0054959015814975611 0.0056058981202120944 0.010505505694081421
leaf_weight=10.267439864575861 16.305818717926741 17.148172434419394 16.704140573740005 33.141722247004509 24.730888295918703 21.390182215720415 36.445509780198336 10.714442975819113 55.848077788949013 21.690792188048363 16.075844690203667 157.62036596983671 11.659499961882828 11.900574341416357
leaf_count=249 128 228 255 209 208 167 284 64 470 254 133 1184 96 101
internal_value=-0.000603828 9.88445e-05 0.000986099 8.51582e-05 -0.00140542 0.000382822 0.00166806 0.0038506 -0.00615496 0.0072277 0.00491612 0.00817 0.0275172 -0.011659
internal_weight=461.643 451.376 434.228 417.922 384.78 360.049 343.345 306.9 77.2383 229.662 207.288 173.696 22.3739 33.5914
internal_count=4030 3781 3553 3425 3216 3008 2753 2469 637 1832 1672 1317 160 355
is_linear=0
shrinkage=0.03


Tree=68
num_leaves=15
num_cat=0
split_feature=4 27 3 27 8 2 17 16 4 17 25 28 17 9
split_gain=9.86609 9.11691 9.58973 20.0028 9.0376 14.0351 11.2473 10.4363 9.31135 16.855 12.9343 9.95812 9.14464 9.06058
threshold=0.0022826322988058214 0.14704398743666583 0.0019919466685733409 -0.049596469317354501 0.019368367497956566 0.031256789428461003 0.048828378288816997 -0.019091127689051187 0.0033585567879425003 0.041534703278565017 0.032505056301960419 0.019265328623981042 0.03605186322654199 0.0055438553730860476
decision_type=8 8 10 10 10 10 10 10 8 10 10 10 10 10
left_child=-1 2 3 -2 5 7 -6 8 9 -4 -11 -12 -10 -8
right_child=1 -3 4 -5 6 -7 13 -9 12 10 11 -13 -14 -15
leaf_value=-0.028655158707072529 0.050382956040274519 -0.020900578176710653 -0.019574356556711053 -0.015881849733436839 -0.026895811826589493 0.020677504870436184 0.013445356354986811 0.0050492843863740103 0.0054035116327439923 0.04096817241131686 0.020671709041488198 -0.018883986417980985 -0.016883168519924992 -0.011656304904716318
leaf_weight=10.004184914752839 8.9189133681356889 16.877522949129343 16.36838161200285 6.3417277298867694 21.890165321528912 32.180311597883701 20.618377555161715 173.50867864117026 21.194967616349459 11.544742450118063 11.310338325798513 9.7243919484317285 68.78498325869441 31.270604200661182
leaf_count=249 73 228 198 108 211 161 157 1458 172 88 72 103 560 192
internal_value=-0.00058952 9.57635e-05 0.000959127 0.0235627 8.04659e-05 0.0021263 -0.00937613 0.000155693 -0.00594838 0.00452305 0.0168523 0.00235793 -0.0116318 -0.00161639
internal_weight=460.538 450.534 433.657 15.2606 418.396 344.617 73.7791 312.436 138.928 48.9479 32.5795 21.0347 89.98 51.889
internal_count=4030 3781 3553 181 3372 2812 560 2651 1193 461 263 175 732 349
is_linear=0
shrinkage=0.03


Tree=69
num_leaves=15
num_cat=0
split_feature=4 27 3 27 8 2 17 16 4 17 25 28 17 20
split_gain=9.56802 8.7348 9.04582 18.6661 8.56198 13.1584 10.8759 9.8352 8.83809 15.9762 12.0203 9.43056 8.72855 11.1215
threshold=0.0022826322988058214 0.14704398743666583 0.0019919466685733409 -0.049596469317354501 0.019368367497956566 0.031256789428461003 0.048828378288816997 -0.019091127689051187 0.0033585567879425003 0.041534703278565017 0.032505056301960419 0.019265328623981042 0.03605186322654199 0.063943766944354899
decision_type=8 8 10 10 10 10 10 10 8 10 10 10 10 10
left_child=-1 2 3 -2 5 7 -6 8 9 -4 -11 -12 -10 -14
right_child=1 -3 4 -5 6 -7 -8 -9 12 10 11 -13 13 -15
leaf_value=-0.028548547514598805 0.048414655603356747 -0.020617870312565859 -0.019254362956630647 -0.015653604080059152 -0.026570916079351151 0.019980960483534916 -0.0015679011176769982 0.0048864041366060975 0.0052320975096996972 0.039400992340488689 0.019985032046093608 -0.018564087461022526 -0.023159471819780626 0.005076361625934854
leaf_weight=9.7479058764874917 9.0418046787381154 16.613410759717226 16.160987168550491 6.2570429705083361 21.511084653437138 32.335507228970528 51.883416913449764 173.94018434360623 21.264363724738359 11.681457951664923 11.381245017051699 9.6141215935349447 52.107842545956373 16.026433877646923
leaf_count=249 73 228 198 108 211 161 349 1458 172 88 72 103 445 115
internal_value=-0.000575292 9.28904e-05 0.000932802 0.0228588 7.74781e-05 0.00206509 -0.00915466 0.00015147 -0.00579871 0.00440702 0.0163335 0.00229131 -0.0113611 -0.0165405
internal_weight=459.567 449.819 433.205 15.2988 417.907 344.512 73.3945 312.177 138.236 48.8378 32.6768 20.9954 89.3986 68.1343
internal_count=4030 3781 3553 181 3372 2812 560 2651 1193 461 263 175 732 560
is_linear=0
shrinkage=0.03


Tree=70
num_leaves=15
num_cat=0
split_feature=27 18 13 5 6 13 20 2 13 17 4 27 25 13
split_gain=14.5342 13.1218 17.7764 10.4033 8.78418 9.46282 10.0943 11.9718 18.2083 10.8284 12.5859 11.0333 11.8915 8.63195
threshold=0.12422082870158425 2.4150000000000005 1.9907871132950954 -0.0084770708430528616 2.2995183850695629 0.89952260612103696 0.0041666907795721584 0.0098547700322571003 1.2164715986230439 0.048486297101391233 0.003786713149784821 -0.016960408131717394 0.049656713754715844 0.62410301899957721
decision_type=8 2 10 10 8 10 10 10 10 10 8 8 10 10
left_child=1 4 3 -3 5 13 9 8 -8 -7 -11 12 -12 -1
right_child=-2 2 -4 -5 -6 6 7 -9 -10 10 11 -13 -14 -15
leaf_value=-0.0025345910979716287 -0.018176332871048147 0.012625118548298076 0.027269459918349604 -0.022507981636522886 0.017524090646857275 -0.01456311196916745 -0.011216047962082077 -0.0068777397135881772 0.026492238365486975 0.018509156257135461 0.028013925135900397 -0.018132813246614397 -0.011154780491600715 0.017668899080840107
leaf_weight=27.497937209904194 32.258289411664009 8.4190902374684793 8.783552583307026 44.726587424054742 41.019422169774771 61.37584687769413 15.357124723494051 31.48746420070529 40.12779139727354 26.776746943593025 12.57555463165045 30.335130576044321 13.523119501769541 59.204210497438908
leaf_count=274 382 75 52 752 214 615 113 213 268 187 90 212 84 437
internal_value=0.000920542 0.00242266 -0.0102258 -0.016812 0.00462522 0.00291305 -0.000264404 0.00775999 0.0160415 -0.00511143 0.00195026 -0.00609209 0.00805583 0.0113054
internal_weight=453.468 421.21 61.9292 53.1457 359.28 318.261 231.559 86.9724 55.4849 144.586 83.2106 56.4338 26.0987 86.7021
internal_count=3968 3586 879 827 2707 2493 1782 594 381 1188 573 386 174 711
is_linear=0
shrinkage=0.03


Tree=71
num_leaves=15
num_cat=0
split_feature=18 3 26 19 3 4 13 13 4 11 19 18 1 26
split_gain=10.7952 16.8608 9.66522 13.8137 11.6644 10.5429 9.28218 11.0418 11.7008 9.08315 8.66041 8.6572 8.23475 7.9748
threshold=2.4150000000000005 0.0046470365938198494 0.023347433837357382 -0.0040870399017769446 0.002416552046705081 0.002561178713853625 3.3379139286885664 0.89952260612103696 0.003638981141439184 -0.18712553852891298 0.0092611119565557693 1.5650000000000002 -0.0015152652999363967 0.016113021161178857
decision_type=2 8 8 8 10 10 10 10 10 10 10 2 8 8
left_child=2 10 4 12 5 -1 7 8 -6 -9 -2 -5 -4 -12
right_child=1 -3 3 11 6 -7 -8 9 -10 -11 13 -13 -14 -15
leaf_value=0.049269604882872194 -0.025492887508756151 0.021219624939757209 -0.0041834023411312623 -0.01717758564755693 -0.0099787071206779536 0.0087398988064481924 0.020529602804646208 0.021588888497812063 0.018673029098684981 -0.004463466931047242 -0.02049566343820753 0.0059771343191831645 0.027154916387028757 0.017507719641683447
leaf_weight=8.9938694834709185 36.332966085523367 11.688381198793648 13.813381586223839 57.956660829484463 16.181236654520035 14.996235612779854 25.761213604360819 12.09363830834627 52.367225900292397 150.63617397099733 8.2756673563271743 18.719396136701107 15.038016259670259 9.7048344258219021
leaf_count=90 635 84 110 574 180 141 145 91 323 1132 121 132 100 110
internal_value=0.000895206 -0.0102262 0.0028156 -0.00489383 0.0057176 0.025298 0.00379916 0.00185525 0.0118634 -0.00240729 -0.0172547 -0.0115205 0.0125133 -0.00014192
internal_weight=452.559 66.0018 386.557 105.527 281.03 23.9901 257.039 231.278 68.5485 162.73 54.3135 76.6761 28.8514 17.9805
internal_count=3968 950 3018 916 2102 231 1871 1726 503 1223 866 706 210 231
is_linear=0
shrinkage=0.03


Tree=72
num_leaves=15
num_cat=0
split_feature=27 18 13 5 3 13 8 14 22 18 21 13 10 10
split_gain=13.6648 11.8106 16.7238 9.84778 8.1988 8.29411 10.921 8.08332 8.94455 9.67314 9.47022 11.6287 11.5907 12.3299
threshold=0.12422082870158425 2.4150000000000005 1.9907871132950954 -0.0084770708430528616 0.0019919466685733409 3.3379139286885664 0.020676789569812119 1.5650000000000002 2.4850000000000008 0.13500000000000004 0.022275169023627358 0.89952260612103696 17.815000000000001 22.135000000000002
decision_type=8 2 10 10 10 10 10 2 2 2 10 10 2 2
left_child=1 4 3 -3 -1 6 7 -6 10 -10 11 -9 -12 -14
right_child=-2 2 -4 -5 5 -7 -8 8 9 -11 12 -13 13 -15
leaf_value=0.029179771787270985 -0.017797028411490987 0.012150581932528272 0.026426349509245557 -0.022086852123887665 -0.016719611360554259 0.017762638169888913 -0.011048498903355526 0.02157619864171759 -0.024677565047317405 0.0077345046915515414 -0.018973960835406582 0.0053117186595506051 0.029261999750268733 -0.011282727324483315
leaf_weight=10.642104197293518 31.73998493514955 8.4446117356419546 8.8029373660683614 43.320893414318562 14.445883084088562 32.464739087969065 47.632528237998486 60.227839916944504 16.110528722405437 15.360546462237833 22.925067685544491 114.52994824945927 13.004115182906391 12.249099295586346
leaf_count=110 382 75 52 752 218 188 374 350 136 111 325 697 102 96
internal_value=0.00087474 0.00232416 -0.00982802 -0.0163772 0.00439261 0.00355544 0.00204672 0.00439914 0.00565908 -0.00910673 0.00777488 0.0110079 -0.00393773 0.00991507
internal_weight=451.901 420.161 60.5684 51.7655 359.592 348.95 316.486 268.853 254.407 31.4711 222.936 174.758 48.1783 25.2532
internal_count=3968 3586 879 827 2707 2597 2409 2035 1817 247 1570 1047 523 198
is_linear=0
shrinkage=0.03


Tree=73
num_leaves=15
num_cat=0
split_feature=27 24 13 16 13 21 20 2 6 25 13 12 25 21
split_gain=13.0136 9.62113 12.3528 8.31683 10.2988 13.353 11.9344 18.2645 12.4497 12.9776 10.1988 9.33396 12.0461 8.88256
threshold=0.12422082870158425 -0.62638148424768392 1.3893090857067787 -0.25283534112161271 0.89264182479253273 0.045420433063265951 0.004566241781636283 0.016534826762642844 1.6128207187459491 0.03021631582740536 1.2164715986230439 0.061825126832760986 0.021734038305216807 0.0091766293548141212
decision_type=8 10 10 10 10 10 10 10 8 10 10 10 10 10
left_child=1 2 -1 -3 5 11 8 10 9 -6 -8 12 -5 -11
right_child=-2 3 -4 4 6 -7 7 -9 -10 13 -12 -13 -14 -15
leaf_value=-0.022894454917852667 -0.017483702391454338 0.02910149613888207 0.009178393229696595 0.031978567055916507 -0.024030638306049956 -0.015574543647215205 -0.0018440267548717809 -0.011023488300342634 0.010525214707917762 0.0056569102590334286 0.024209597031009843 0.032660669153861982 0.003039395998447215 -0.013037949406168871
leaf_weight=27.47537437453866 31.363215347751975 10.375246193259953 16.71064855530858 15.863055028021334 37.691659670323133 14.117309045046566 18.627092666924 29.982680507004261 34.819858558475971 47.500727895647287 47.076731890439987 20.023551873862743 56.836328741163015 42.394198674708605
leaf_count=535 382 62 137 126 449 193 129 188 199 340 324 150 425 329
internal_value=0.000850012 0.00225904 -0.0108302 0.00382475 0.00302856 0.0108145 -0.000223829 0.00813131 -0.00516614 -0.00949704 0.0169065 0.0149556 0.00970217 -0.00320598
internal_weight=450.858 419.494 44.186 375.308 364.933 106.84 258.093 95.6865 162.406 127.587 65.7038 92.7229 72.6994 89.8949
internal_count=3968 3586 672 2914 2852 894 1958 641 1317 1118 453 701 551 669
is_linear=0
shrinkage=0.03


Tree=74
num_leaves=15
num_cat=0
split_feature=18 1 13 13 8 28 7 10 20 18 2 16 3 4
split_gain=9.20792 16.0291 7.41707 6.99012 11.2604 12.4753 10.5199 10.7652 11.224 10.283 16.1544 13.9177 9.99148 12.4613
threshold=2.4150000000000005 -0.0077005070410138812 2.0949387582021619 0.89264182479253273 -0.00066679423516990955 0.010940189542239331 -0.01234058263676596 17.995000000000001 0.004566241781636283 0.19500000000000003 0.0016602097391180683 -0.055374437236476594 0.0025946576239512325 0.0045371500298590746
decision_type=2 10 10 8 10 10 8 2 10 2 10 10 10 10
left_child=3 -2 -3 4 5 -1 -5 8 -8 -9 -11 -12 -6 -14
right_child=1 2 -4 6 12 -7 7 9 -10 10 11 -13 13 -15
leaf_value=0.020994934728928043 0.024368812012166174 -0.020185158738529257 0.01167001841800726 0.016134140873884352 0.042651010998404501 -0.012408491697270634 -0.017705658069635175 -0.0033609017205662593 0.0033727262083047709 0.031480785733983066 0.024689868252977004 -0.011715620992729355 -0.0049770371104625819 0.026185843557097303
leaf_weight=13.713081765919922 9.6305849701166135 47.416520418599248 6.9455507881939402 31.922171115875244 11.034337345510719 30.868061881512403 59.37492086365819 94.598755050450563 36.022877056151628 23.269811429083347 13.218364324420689 27.188358243554831 21.58640680834651 23.184649951756001
leaf_count=100 76 828 46 218 99 286 569 739 244 156 97 190 193 127
internal_value=0.000826455 -0.00962441 -0.0159779 0.00257952 0.00934665 -0.00189847 0.000176561 -0.00188701 -0.00979389 0.00291031 0.0121348 0.000502465 0.0182053 0.0113802
internal_weight=449.974 63.9927 54.3621 385.982 100.387 44.5811 285.595 253.673 95.3978 158.275 63.6765 40.4067 55.8054 44.7711
internal_count=3968 950 874 3018 805 386 2213 1995 813 1182 443 287 419 320
is_linear=0
shrinkage=0.03


Tree=75
num_leaves=15
num_cat=0
split_feature=17 4 28 3 15 4 22 9 18 17 22 18 5 6
split_gain=10.3164 14.6354 10.8262 10.5363 10.1723 10.136 20.2895 12.6027 11.3012 25.3997 11.6505 19.5135 10.8336 9.78269
threshold=0.042485291572496413 0.0046701045855336359 0.012580264398241902 0.0059053560076423994 0.032280903503271292 0.003786713149784821 1.655 0.0056641670300494199 2.3850000000000002 0.049792992093466458 1.4750000000000003 0.59500000000000008 -0.013705491581748414 -0.077000602961603729
decision_type=10 8 10 10 10 10 2 10 2 10 2 2 10 10
left_child=1 2 -1 13 -4 7 -7 8 10 -10 11 -2 -8 -3
right_child=5 3 4 -5 -6 6 12 -9 9 -11 -12 -13 -14 -15
leaf_value=-0.032070080026911155 -0.011689522376412294 -0.0012093271831460149 -0.012377493601375649 -0.012959630550742795 0.016223160076071906 -0.016774562154170326 -0.017799502405919678 -0.006150553719912479 0.026384811381514085 -0.023281256474287561 0.037352845851126144 0.034902064296394135 0.0089486681417175126 0.028372831226978572
leaf_weight=20.251518789678812 16.585750158876184 18.840130303055048 68.537961676716805 17.406490974128246 12.444460632279513 52.613972935825586 14.74415050446987 32.693809945136309 17.678477112203836 17.397757695987821 27.182382196187973 14.142735626548527 102.72236367315054 20.399571556597948
leaf_count=229 209 149 840 128 150 510 88 265 171 323 129 113 570 121
internal_value=4.38473e-06 -0.00616503 -0.012952 0.0059784 -0.00783819 0.00330735 -0.00146955 0.00973237 0.0153228 0.00178802 0.0233511 0.0101784 0.00546938 0.0144925
internal_weight=453.642 157.88 101.234 56.6462 80.9824 295.761 170.08 125.681 92.9871 35.0762 57.9109 30.7285 117.467 39.2397
internal_count=3995 1617 1219 398 990 2378 1168 1210 945 494 451 322 658 270
is_linear=0
shrinkage=0.03


Tree=76
num_leaves=15
num_cat=0
split_feature=24 6 12 27 3 27 22 4 3 14 14 22 20 3
split_gain=8.09612 10.0137 7.92284 7.89678 7.02357 18.6601 7.09922 6.86877 6.49521 5.92533 15.2315 14.9747 12.5285 11.609
threshold=-0.42203515794816843 -2.1007673428511406 0.07572746549521582 0.1325558822259594 0.0019919466685733409 -0.062578450410151185 0.16500000000000004 0.0033891783128570511 0.0022857483478521449 2.2950000000000004 2.4650000000000003 1.635 0.15415067982725841 0.0047929215082610074
decision_type=10 8 10 10 10 10 2 10 10 2 2 2 10 10
left_child=1 -1 -3 4 5 -2 -6 -4 -8 11 -11 -10 -12 -13
right_child=3 2 7 -5 6 -7 8 -9 9 10 12 13 -14 -15
leaf_value=0.025129026357882757 0.052187766005586354 -0.024913480314793377 0.012931593131361111 -0.015882837512738723 0.023745526602976914 -0.013009446171770822 -0.019289892495060811 -0.022157565771567026 -0.00051313892961278302 -0.02785726982389829 -0.0019205035936637515 0.037473011820089913 0.021951708311209843 0.0068380379714834683
leaf_weight=5.3241219557821751 7.5055843181908131 28.894584620371461 12.349202228710057 21.273796815425158 11.643488917499779 6.7751615960150939 12.837490785866974 7.0478399991989127 92.501148287206888 17.108268178999424 162.44554124772549 19.23119992762804 21.513222984969616 26.005950719118118
leaf_count=37 51 532 140 267 92 120 154 87 860 182 1134 95 128 116
internal_value=3.05841e-06 -0.0108312 -0.0152251 0.00148294 0.00250078 0.0224293 0.00165797 -0.000279163 0.000861347 0.00167941 -0.00160413 0.00644964 0.000974844 0.0203904
internal_weight=452.457 53.6157 48.2916 398.841 377.567 14.2807 363.286 19.397 351.643 338.805 201.067 137.738 183.959 45.2372
internal_count=3995 796 759 3199 2932 171 2761 227 2669 2515 1444 1071 1262 211
is_linear=0
shrinkage=0.03


Tree=77
num_leaves=15
num_cat=0
split_feature=17 4 23 11 25 23 12 23 28 27 3 14 28 6
split_gain=9.75596 13.759 11.947 10.3387 10.0113 11.8898 10.6293 9.35895 8.68946 16.2168 11.7587 14.3543 8.42978 8.25836
threshold=0.042485291572496413 0.0046701045855336359 0.049538499201370996 -0.032192341063284717 0.021299864096428318 0.059111201487261851 0.067417599264754116 -0.12737591629497735 0.018388409706064746 -0.030643654242770154 0.0055885714550963595 2.2250000000000005 0.016036896975262314 -1.6068813613128528
decision_type=10 8 10 8 10 8 10 8 10 10 10 2 10 10
left_child=1 2 7 -3 -2 8 -7 -1 13 10 11 -10 -4 -6
right_child=4 3 12 -5 5 6 -8 -9 9 -11 -12 -13 -14 -15
leaf_value=0.0077589927574232111 0.024865889520970318 0.021372071570165452 -0.015234459545220205 -0.00447042533046572 -0.00889453886746433 -0.019339825215207877 0.0052956473935959272 -0.021677778406144068 -0.0055476011059807573 -0.011485854415088653 -0.0077378049483551948 0.03419546118095676 0.023388021751001374 0.015024012594327358
leaf_weight=10.74783571064472 17.060884524136782 21.931394334882498 7.5967076346278217 34.819402396678925 14.569497019052504 38.0780925527215 25.82890004478395 69.902652906253934 11.881165087223051 58.033608293160796 18.898043487221003 23.591468010097742 11.714612457901238 86.684430900961161
leaf_count=85 148 155 105 243 107 484 245 907 107 506 109 158 122 514
internal_value=4.96538e-06 -0.0060204 -0.0126727 0.00571357 0.0032194 0.00180439 -0.00945487 -0.0177079 0.00520049 -0.000551669 0.0111158 0.0210968 0.00819265 0.011529
internal_weight=451.339 156.713 99.9618 56.7508 294.626 277.565 63.907 80.6505 213.658 112.404 54.3707 35.4726 19.3113 101.254
internal_count=3995 1617 1219 398 2378 2230 729 992 1501 880 374 265 227 621
is_linear=0
shrinkage=0.03


Tree=78
num_leaves=15
num_cat=0
split_feature=17 13 4 23 23 13 23 11 23 28 13 4 4 5
split_gain=9.21582 18.5212 13.0957 11.4329 10.0663 15.5501 15.5698 9.64863 9.01621 7.92172 6.03459 5.89167 14.9027 10.0586
threshold=0.042485291572496413 0.51120587196994027 0.0046701045855336359 0.049538499201370996 0.059111201487261851 1.3893090857067787 0.51845935983138502 -0.032192341063284717 -0.12737591629497735 0.016036896975262314 0.91686211585728561 0.003786713149784821 0.0067580260969682098 -0.0080623652932136254
decision_type=10 10 8 10 8 10 8 8 8 10 8 10 10 10
left_child=2 -2 3 8 11 -6 -7 -4 -1 -5 -9 -3 -13 -14
right_child=1 4 7 9 5 6 -8 10 -10 -11 -12 12 13 -15
leaf_value=0.007524078626102354 0.036713886655705345 0.010966551906249013 0.02055134232871313 -0.014978524360895876 -0.026882276852619767 -0.009580857008067838 0.029756830692106676 0.0071258659676648141 -0.021366420270672173 0.022488667047183261 -0.017291130353811756 -0.0075972594648055719 -0.0091202974879142067 0.019494335445335128
leaf_weight=10.781598392874001 13.072414780035613 79.911077190190554 22.159397233277559 7.5130801424384144 25.021454656496644 27.848803613334894 12.209100760519503 18.651528239250183 68.8246661555022 11.855401515960692 16.089550636708736 79.647197473794222 14.124300286173819 42.755705758929253
leaf_count=85 139 638 155 105 413 210 93 128 907 122 115 595 77 213
internal_value=5.07929e-06 0.00312416 -0.00587204 -0.0124198 0.00143997 -0.00882047 0.00284147 0.00553524 -0.0174088 0.00793321 -0.00434971 0.00455149 0.000744235 0.012354
internal_weight=450.465 294.59 155.875 98.9747 281.518 65.0794 40.0579 56.9005 79.6063 19.3685 34.7411 216.438 136.527 56.88
internal_count=3995 2378 1617 1219 2239 716 303 398 992 227 243 1523 885 290
is_linear=0
shrinkage=0.03


Tree=79
num_leaves=15
num_cat=0
split_feature=17 13 4 20 12 9 13 12 14 17 13 6 5 28
split_gain=8.7132 17.2173 12.5468 12.2455 11.3247 9.46785 8.33316 9.40385 10.8718 7.86945 11.143 9.1395 17.4595 11.4368
threshold=0.042485291572496413 0.51120587196994027 0.0040102416005633789 0.0077354732597330065 0.14721838342583429 0.0044327604231332229 0.68752138182115752 -0.03004810435247118 2.6350000000000002 0.1185319442360858 3.1746868128456129 -0.93191811508055433 -0.010900437442989306 0.010940189542239331
decision_type=10 10 8 10 8 10 10 8 2 10 10 10 8 10
left_child=2 -2 3 -1 6 -5 -4 8 -8 10 11 12 -3 -13
right_child=1 9 4 5 -6 -7 7 -9 -10 -11 -12 13 -14 -15
leaf_value=-0.024575531997240718 0.035180015373289915 -0.011538309528177731 -0.010685924867429029 0.010179109246165691 -0.020119193630829479 -0.026877900577967288 -0.015245975748582994 0.028328159978200707 0.020200284499717031 -0.023059665199218444 0.01904412847862938 0.019213558798986737 0.024308938660982871 -0.0052920782080702628
leaf_weight=43.658061930909753 13.273563591763375 18.498624248430133 15.9351350069046 22.204582238569859 15.297419182956217 7.4702851846814147 14.747902307659389 21.32482298836112 14.423099525272844 10.372155129909514 31.001624472439289 18.057951752096415 32.510227791965008 170.68099855072796
leaf_count=682 139 128 131 230 121 96 124 145 88 57 168 105 250 1531
internal_value=5.88787e-06 0.00303522 -0.00572811 -0.0146497 0.00235737 0.000278355 0.00775478 0.0136687 0.00236846 0.00139813 0.0024165 0.000196217 0.0113369 -0.00285855
internal_weight=449.456 294.395 155.061 73.3329 81.7284 29.6749 66.431 50.4958 29.171 281.122 270.749 239.748 51.0089 188.739
internal_count=3995 2378 1617 1008 609 326 488 357 212 2239 2182 2014 378 1636
is_linear=0
shrinkage=0.03


Tree=80
num_leaves=15
num_cat=0
split_feature=9 18 14 8 14 6 26 19 18 13 7 8 28 9
split_gain=8.44327 8.85899 14.5961 11.4876 9.45932 12.3402 6.90933 11.6515 8.86918 8.69842 12.9751 10.1708 10.0305 9.87999
threshold=0.0019836756516554859 2.4150000000000005 4.1850000000000014 0.0075327308038390947 4.6950000000000012 -0.94862256981288895 0.020515321346588514 -0.015852407186485392 2.1950000000000007 0.89952260612103696 -0.013662046034632612 1.0000000180025095e-35 0.010940189542239331 0.003210291238046959
decision_type=10 2 2 10 2 10 10 10 2 10 10 10 10 10
left_child=-1 6 -3 4 5 -4 9 -8 -9 11 -11 12 -2 -13
right_child=1 2 3 -5 -6 -7 7 8 -10 10 -12 13 -14 -15
leaf_value=-0.028196409481976263 0.021656897427302247 -0.031356307538738463 -0.0036326808477094635 -0.025952620991171089 -0.013368044822704187 0.039119848462722484 0.011291080595830861 -0.013573015831332871 0.016783980397069045 0.029992440656776555 -0.00072645619336657026 0.0028812084962903804 -0.012537858136297451 0.034862488825708172
leaf_weight=8.5978949517011625 11.639255687594416 18.908605901524425 11.324880285188554 10.987687565386294 11.589833922684191 11.733113666996362 30.920367639511824 72.521180879324675 8.958559472113846 12.296110078692434 178.05321878381073 13.443450242280958 18.842095255851746 24.648073896765709
leaf_count=97 75 374 135 189 164 105 217 689 62 76 1312 112 175 178
internal_value=-0.000363375 0.000248944 -0.009922 -0.000558979 0.0079961 0.0188438 0.00203878 -0.00414765 -0.0100723 0.00472999 0.00140428 0.0138088 0.000792523 0.0239379
internal_weight=444.464 435.866 64.5441 45.6355 34.6478 23.058 371.322 112.4 81.4797 258.922 190.349 68.5729 30.4814 38.0915
internal_count=3960 3863 967 593 404 240 2896 968 751 1928 1388 540 250 290
is_linear=0
shrinkage=0.03


Tree=81
num_leaves=15
num_cat=0
split_feature=4 4 2 8 21 27 22 13 3 9 13 6 14 0
split_gain=8.15333 12.5071 11.6248 10.987 8.87029 8.18404 6.89304 8.04065 5.84518 5.73585 5.94093 6.01934 11.543 6.16446
threshold=0.0066546033100132081 0.0072537980729449362 0.059571789504752511 -0.010173503420035866 0.20428662279716781 0.14335464519352351 -0.074999999999999997 1.3893090857067787 0.0068978889352999664 0.0020378382302079644 0.5021697563408769 -2.0538917254404372 4.5950000000000006 -0.00096690882169392356
decision_type=10 10 10 10 10 8 2 10 10 10 10 10 2 10
left_child=2 -2 4 -3 5 6 7 -1 -5 -8 -11 13 -13 -12
right_child=1 3 -4 8 -6 -7 9 -9 -10 10 11 12 -14 -15
leaf_value=-0.02927737602211827 0.028017078259252461 -0.019179957915912028 -0.033527300271031971 -0.0019372654935906049 0.025965023938841342 -0.027218691196411814 -0.02185677541489869 0.016648863231865291 0.02009217710250626 0.017174113449731045 -0.0011792539219389318 -0.00043435042671668181 -0.029058123445933413 0.028332207984806745
leaf_weight=13.774774080142381 20.313635427504778 16.163735490292311 9.3889224454760534 21.177774593234062 9.4114275090396387 10.332356868311761 9.6932463161647302 3.7504971511661997 20.867926832288504 17.090111877769232 12.741979718208315 254.98118188604712 12.345114398747681 11.587697420269249
leaf_count=388 107 105 45 102 59 187 97 37 110 197 103 2189 156 78
internal_value=-0.000353397 0.00835426 -0.00224389 0.00113513 -0.00132649 -0.00214083 -0.00129109 -0.0190808 0.00920905 -0.000255372 0.00049119 -0.00054172 -0.00185956 0.01344
internal_weight=443.62 78.5231 365.097 58.2094 355.708 346.297 335.965 17.5253 42.0457 318.439 308.746 291.656 267.326 24.3297
internal_count=3960 424 3536 317 3491 3432 3245 425 212 2820 2723 2526 2345 181
is_linear=0
shrinkage=0.03


Tree=82
num_leaves=15
num_cat=0
split_feature=22 20 2 3 28 22 24 28 6 1 24 1 25 21
split_gain=7.3366 7.33655 13.8837 11.8977 9.22437 8.05869 12.9175 10.3808 8.50161 8.48962 8.14404 8.12557 8.0434 7.31355
threshold=-0.074999999999999997 1.0000000180025095e-35 0.012704576914672085 0.0032511866649910679 0.0099833521025542819 2.5550000000000002 -0.0074628251083378441 0.010812037197618968 1.4867793782039527 -0.00091446180281073975 0.15256555399144328 0.0060745125896952698 0.018317377426626126 0.022275169023627358
decision_type=2 10 10 8 10 2 8 8 8 10 8 10 10 10
left_child=-1 3 4 -2 -3 6 8 -8 -5 -9 11 -11 -6 -4
right_child=1 2 13 5 12 -7 7 9 -10 10 -12 -13 -14 -15
leaf_value=-0.018946934732216009 -0.014226189121893926 -0.014577141752149253 -0.00056392598724093869 -0.012049605596857964 -0.0096903359290685057 -0.019654750538179718 0.0332850070281707 0.016873331418470746 0.0084630397537301637 -0.0097849929370548115 -0.018018543723104238 0.022379778293034138 0.016098462939126767 -0.02518934600016955
leaf_weight=17.299133762717247 61.025456175208092 10.960586924105881 37.532599728554487 58.287606842815876 11.55172749981284 14.787872657179831 14.003242261707781 34.470927242189646 25.394092660397291 12.351324107497936 17.676799606531855 14.269733171910046 98.830708038061857 14.297881007194517
leaf_count=429 797 78 215 466 117 129 83 245 153 92 154 75 790 137
internal_value=-0.000346823 0.000452146 0.00519061 -0.00280831 0.0107169 0.000890197 0.00271304 0.0103704 -0.0057984 0.00593057 -0.00276918 0.00764238 0.0133368 -0.00770527
internal_weight=442.74 425.441 173.174 252.267 121.343 191.242 176.454 92.772 83.6817 78.7688 44.2979 26.6211 110.382 51.8305
internal_count=3960 3531 1337 2194 985 1397 1268 649 619 566 321 167 907 352
is_linear=0
shrinkage=0.03


Tree=83
num_leaves=15
num_cat=0
split_feature=4 4 5 21 14 6 9 4 24 6 21 4 6 14
split_gain=7.43173 11.6345 10.4068 8.92494 7.69053 7.63038 6.94789 7.77572 8.24398 11.5214 11.3864 10.1047 9.7178 8.91001
threshold=0.0066546033100132081 0.0072537980729449362 0.028802755725373084 0.20428662279716781 2.7150000000000003 0.57757016892063218 0.0019836756516554859 0.0022826322988058214 -0.035215343128289535 -2.0538917254404372 0.010259783520844067 0.0025319515628365505 1.4544940871365457 1.9850000000000001
decision_type=10 10 10 10 2 8 10 8 8 10 10 8 10 2
left_child=2 -2 3 6 5 -3 -1 -8 12 -10 -11 -12 -9 -14
right_child=1 4 -4 -5 -6 -7 7 8 9 10 11 -13 13 -15
leaf_value=-0.027766082434334354 0.026890973504483443 -0.01782659696367369 -0.030664976138026549 0.025707629851577804 0.014865331210161491 0.009640375925956542 -0.028069735227846965 -0.00059325161609182864 0.017407678903347309 0.00058320325522044419 0.017105411332631732 -0.017701047969205217 0.037125880876491338 0.0075222679592131169
leaf_weight=8.2294130697846395 20.384771548211575 22.570673674345016 10.170545645058153 9.7254952713847143 21.44762346893549 14.014527197927235 8.5408441331237537 86.538535643368959 18.631346166133881 91.381309589371085 7.490731466561555 79.335973585024476 12.450443137437103 30.890739511698484
leaf_count=97 107 136 50 60 106 75 248 814 131 817 123 903 91 202
internal_value=-0.000342012 0.00797442 -0.00215364 -0.00124842 0.000986775 -0.0073284 -0.00208406 -0.00137296 -0.00059155 -0.00445402 -0.006824 -0.0145376 0.00525152 0.0166719
internal_weight=441.803 78.4176 363.385 353.215 58.0328 36.5852 343.489 335.26 326.719 196.839 178.208 86.8267 129.88 43.3412
internal_count=3960 424 3536 3486 317 211 3426 3329 3081 1974 1843 1026 1107 293
is_linear=0
shrinkage=0.03


Tree=84
num_leaves=15
num_cat=0
split_feature=18 14 27 3 9 18 3 22 5 20 22 9 6 21
split_gain=6.89409 14.1851 11.3703 10.2925 8.63733 8.51614 17.3033 15.7464 9.90934 7.78096 9.12576 10.0052 16.1391 13.6904
threshold=2.4150000000000005 4.1850000000000014 0.045924839037464478 0.0046470365938198494 0.003173100719622163 1.5850000000000002 0.003825672174874025 0.95500000000000007 0.010120758336020327 0.024299066721962918 2.5550000000000002 0.0065931836842963382 1.6128207187459491 0.0091766293548141212
decision_type=2 2 10 8 10 2 10 2 8 10 2 10 10 10
left_child=4 -2 -3 -4 -1 7 -7 8 -6 10 11 12 13 -9
right_child=1 2 3 -5 5 6 -8 9 -10 -11 -12 -13 -14 -15
leaf_value=-0.0085196569266005901 -0.031154852075480292 -0.013865914894852952 8.3422925249905991e-05 0.043229112498450732 -0.027425700907912909 0.035982522593743328 -0.00067374302517286616 0.012577921485132697 0.014102261546978294 0.010881983736823883 -0.018884056664024176 -0.010967511983336894 0.032341917179635818 -0.012761283210064327
leaf_weight=66.642972027882934 18.026855617761612 24.25960118509829 13.647060113027694 6.8353079333901396 23.795253293588758 19.273029197007418 26.974871553480625 42.602876260876656 5.8620452918112305 87.229238238185644 19.655865967273712 34.743848763406277 18.060753799974918 33.284442733973265
leaf_count=646 375 358 201 34 421 108 185 265 65 532 176 179 96 319
internal_value=-0.000331783 -0.00945746 -0.000225442 0.0158239 0.00120403 0.00330506 0.0150404 0.00121001 -0.0190251 0.0038271 -0.000366301 0.00258582 0.00766083 0.00144263
internal_weight=440.894 62.7688 44.742 20.4824 378.125 311.482 46.2479 265.234 29.6573 235.577 148.348 128.692 93.9481 75.8873
internal_count=3960 968 593 235 2992 2346 293 2053 486 1567 1035 859 680 584
is_linear=0
shrinkage=0.03


Tree=85
num_leaves=15
num_cat=0
split_feature=27 18 14 27 14 24 4 4 28 28 28 15 18 7
split_gain=9.39313 7.82915 12.3327 11.238 11.5479 6.63248 19.4074 10.1516 19.2398 11.1332 15.6137 15.9423 11.4743 10.3285
threshold=0.14704398743666583 2.4150000000000005 4.2350000000000012 0.070313869839318213 4.6250000000000009 -0.12022435616655268 0.0038513151271846579 0.004933317860591536 0.011704770761662809 0.02248136678623951 0.01582438337287104 -0.017467730055429894 0.17500000000000002 0.0032843747696738039
decision_type=8 2 2 10 2 10 8 8 10 10 10 10 2 10
left_child=1 5 -3 4 -4 6 -1 8 -7 10 13 -12 -13 -10
right_child=-2 2 3 -5 -6 7 -8 -9 9 -11 11 12 -14 -15
leaf_value=0.022157686670511694 -0.022558816646659645 -0.028201071821063118 0.0084975219882811297 0.023390664650221257 -0.028290697763366061 -0.031573119133318464 -0.0078852599708641672 0.0059517424187501364 0.0012773764674975081 -0.014346447062508948 -0.010609233241197733 0.0077989396172023799 0.038986357489149012 -0.031688556782335786
leaf_weight=46.718751734122634 15.178705839440225 19.507374301552773 14.793756559491159 12.148244488984345 14.21336420252919 20.281473802402616 31.86673004925251 144.84211350232363 23.145552115514874 38.008277591317892 16.448558144271374 21.908721122890711 20.814102996140718 12.499694589525459
leaf_count=364 239 401 181 124 217 209 222 811 218 410 164 167 173 126
internal_value=-0.000110838 0.000718219 -0.00919474 0.000269415 -0.00987062 0.0023354 0.0100291 0.000279377 -0.00509061 -0.000841194 0.00466576 0.0140266 0.0235373 -0.010832
internal_weight=452.375 437.197 60.6627 41.1554 29.0071 376.534 78.5855 297.948 153.106 132.825 94.8166 59.1714 42.7228 35.6452
internal_count=4026 3787 923 522 398 2864 586 2278 1467 1258 848 504 340 344
is_linear=0
shrinkage=0.03


Tree=86
num_leaves=15
num_cat=0
split_feature=27 13 14 17 15 28 4 9 10 28 11 23 25 21
split_gain=9.01593 7.72016 12.0845 7.6714 8.16739 12.4548 10.6523 12.1851 7.92233 13.4376 10.4138 8.78876 13.4512 8.16826
threshold=0.14704398743666583 3.1746868128456129 2.1650000000000005 0.082042190024144049 -0.017467730055429894 0.015270879125379539 0.004933317860591536 0.0040520716213794314 19.675000000000004 0.02248136678623951 0.084749817003982222 -0.027537312579160308 0.040247588975995181 0.054453007165022792
decision_type=8 10 2 10 10 10 10 10 2 10 10 10 10 10
left_child=1 3 -3 4 5 6 7 -1 9 13 11 -10 -13 -6
right_child=-2 2 -4 -5 8 -7 -8 -9 10 -11 -12 12 -14 -15
leaf_value=-0.027333184440565376 -0.022296796841404641 0.037421747607848617 0.0017297506043491028 -0.015551436913714327 0.0055578281132842838 -0.013845126119551918 0.017313465682288025 0.015352789624619854 0.040697618419443048 -0.022440467072028323 -0.0099434929114160936 -0.0078331201462675994 0.026828264424521985 -0.016480762424385953
leaf_weight=13.325433561578395 14.912170760333536 11.73240580037236 26.229574758559465 27.50247560814023 148.86060732789338 70.499305220320821 28.733517616987228 9.5259511433541757 11.72588583640754 19.425672980025411 13.760089335963128 17.56269957870245 21.558541599661112 15.864606538787482
leaf_count=153 239 84 135 236 1239 706 153 58 104 277 127 166 123 226
internal_value=-0.000115019 0.000692366 0.013438 -0.000552888 0.000598269 -0.00572847 0.00541664 -0.00964124 0.00371377 0.000521717 0.0126655 0.0188577 0.0114603 0.00334866
internal_weight=451.219 436.307 37.962 398.345 370.842 122.084 51.5849 22.8514 248.758 184.151 64.6072 50.8471 39.1212 164.725
internal_count=4026 3787 219 3568 3332 1070 364 211 2262 1742 520 393 289 1465
is_linear=0
shrinkage=0.03


Tree=87
num_leaves=15
num_cat=0
split_feature=18 14 8 24 18 3 22 2 13 28 8 18 14 28
split_gain=7.01057 11.6367 8.35205 8.05844 6.49145 21.491 12.6799 22.0358 10.332 9.80401 7.28354 8.87092 8.75027 14.0661
threshold=2.4150000000000005 4.1850000000000014 -0.0068977043611795344 0.14192542425291566 1.5550000000000004 0.002799035571871558 0.95500000000000007 0.019733758914552094 0.53475074592406802 0.017063278505843819 0.046757623966614766 0.19500000000000003 2.2950000000000004 0.021598582019752559
decision_type=2 2 10 10 2 10 2 10 10 10 10 2 2 10
left_child=4 -2 -3 -4 6 -6 7 -1 -8 -7 11 12 13 -10
right_child=1 2 3 -5 5 9 8 -9 10 -11 -12 -13 -14 -15
leaf_value=-0.0272132796622289 -0.029299439820361293 0.011363562582876491 -0.024388307693734054 0.016908262125338417 0.034781560544009792 0.014454792000880163 0.026207053952218787 0.03700508567673072 0.0097576613371791864 -0.01079904450167609 -0.022128444873952612 0.015380942262238998 -0.0069561988717082345 -0.01807718492094321
leaf_weight=29.599514720961452 17.644806671887636 22.775023449212313 15.907161904498937 4.8898244313895693 20.337364137172699 22.176369916647673 13.564855046570299 4.8070243522524825 93.246209254488349 33.331502832472324 11.475158996880053 33.983735121786594 107.66520188003778 18.812522552907467
leaf_count=548 371 247 306 34 115 117 97 46 577 284 62 302 741 179
internal_value=-0.00011298 -0.0094647 -0.00095534 -0.0143483 0.0013792 0.00919262 -0.000536436 -0.0174494 0.00160609 -0.00063244 0.000253954 0.00134921 -0.000880869 0.00496616
internal_weight=450.216 61.2168 43.572 20.797 388.999 75.8452 313.154 34.4065 278.748 55.5079 265.183 253.708 219.724 112.059
internal_count=4026 958 587 340 3068 516 2552 594 1958 401 1861 1799 1497 756
is_linear=0
shrinkage=0.03


Tree=88
num_leaves=15
num_cat=0
split_feature=27 16 4 6 10 21 24 4 17 23 3 21 3 3
split_gain=8.55822 7.51197 5.98757 13.6101 7.51883 7.35418 7.34157 12.6193 15.4414 12.5155 10.2639 9.97262 11.6789 12.6143
threshold=0.14704398743666583 -0.29417621789000564 0.0064369983923016922 0.053574951140230746 39.505000000000003 0.0086674452759630208 -0.062880864535116418 0.003737690388650983 0.04900993364527869 -0.16109925720437959 0.002799035571871558 0.011964860832315922 0.0043566424121697601 0.0020950917172426931
decision_type=8 10 8 8 2 10 8 10 10 8 10 10 10 10
left_child=1 -1 6 5 -5 -4 7 8 10 -8 -3 -11 13 -13
right_child=-2 2 3 4 -6 -7 9 -9 -10 11 -12 12 -14 -15
leaf_value=0.027540199520569148 -0.021958616694351722 0.012752371576579909 -0.019842473652623441 0.023127110928420649 -0.0015712488164881392 0.0065300135018403959 0.030306717409489026 -0.0081523869708350905 0.029197379175845098 -0.00058299514371461182 -0.017811900665778469 0.017781970057119033 0.0041082136204245471 -0.023760992029416301
leaf_weight=8.1679711528122407 14.577845407649873 23.211958637461066 18.68565658479929 39.010424103587866 15.180558346211908 17.694782771170139 7.8012901917099953 42.026629835367203 28.012425925582647 123.77667650021613 15.715252310037611 6.5995182860642663 24.78733217716217 63.551385652273893
leaf_count=48 239 244 89 216 68 90 60 299 201 1128 190 132 167 855
internal_value=-0.000110279 0.00067199 9.36106e-05 0.0068948 0.0163052 -0.00718384 -0.00175757 0.00461366 0.0126306 -0.00482927 0.00027624 -0.00621476 -0.0134746 -0.0196578
internal_weight=448.8 434.222 426.054 90.5714 54.191 36.3804 335.482 108.966 66.9396 226.516 38.9272 218.715 94.9382 70.1509
internal_count=4026 3787 3739 463 284 179 3276 934 635 2342 434 2282 1154 987
is_linear=0
shrinkage=0.03


Tree=89
num_leaves=15
num_cat=0
split_feature=27 16 18 14 27 14 18 3 22 18 1 22 27 18
split_gain=8.22021 7.06773 6.00158 11.6487 9.31182 9.76763 6.34309 21.0663 17.3691 9.7126 20.3092 10.2081 7.41483 17.4722
threshold=0.14704398743666583 -0.29417621789000564 2.4150000000000005 4.1850000000000014 0.061296973208800239 4.6250000000000009 1.5550000000000004 0.0027155356663769834 0.95500000000000007 0.19500000000000003 0.0064046674365310094 2.4950000000000006 -0.011761003048674111 0.13500000000000004
decision_type=8 10 2 2 10 2 2 10 2 2 10 2 10 2
left_child=1 -1 6 -4 5 -5 8 -8 -3 11 -11 12 13 -10
right_child=-2 2 3 4 -6 -7 7 -9 9 10 -12 -13 -14 -15
leaf_value=0.026635602354905079 -0.021698052776359278 -0.022746422204164337 -0.029063541991630977 0.0067208931418025379 0.018642790359210879 -0.027899688843461921 0.037496234504549454 0.00027136281122022731 -0.014954355865111997 0.030307933005922227 -0.014683759388219265 -0.015753546639777072 0.0073809544387857069 0.012435580904051231
leaf_weight=8.2250840440392476 14.326155921444295 27.415865313261747 16.791540134698153 14.472276190295817 14.47766795568168 13.252321179956196 17.111566133797169 56.01081170886755 53.02483494207263 26.201674293726683 12.779595628380774 32.574437215924263 107.60405066609383 33.315760258585215
leaf_count=48 239 491 362 193 158 210 87 401 378 235 80 274 684 186
internal_value=-0.000105189 0.000657125 9.30586e-05 -0.008704 -0.00011807 -0.0102229 0.00153072 0.0093708 -0.000451673 0.00192722 0.0155595 -0.000476818 0.00215667 -0.00436418
internal_weight=447.584 433.257 425.032 58.9938 42.2023 27.7246 366.039 73.1224 292.916 265.5 38.9813 226.519 193.945 86.3406
internal_count=4026 3787 3739 923 561 403 2816 488 2328 1837 315 1522 1248 564
is_linear=0
shrinkage=0.03


Tree=90
num_leaves=15
num_cat=0
split_feature=5 22 13 1 27 9 13 20 6 6 22 23 8 22
split_gain=8.73579 7.52722 12.2339 6.28159 5.96143 5.45013 5.87183 5.52575 9.50902 8.48616 7.40603 6.9402 7.2269 9.49889
threshold=0.033993350565023894 1.0000000180025095e-35 1.3893090857067787 0.01970105324989491 0.1325558822259594 0.00210518804202235 0.5021697563408769 0.13287651368349082 -1.2315298502401422 -2.2730382067487711 2.4850000000000008 -0.021368431986318877 -0.0034399253699022299 1.8650000000000004
decision_type=10 2 10 8 8 10 10 10 10 10 2 8 10 2
left_child=1 2 -1 4 5 -3 -7 9 -9 -8 11 -11 13 -13
right_child=-2 3 -4 -5 -6 6 7 8 -10 10 -12 12 -14 -15
leaf_value=-0.028358887063079121 -0.027098293051731798 -0.01747810436067954 0.014505245384537719 0.01976869436081229 -0.013710696644639928 0.020404396835241617 0.019120306630326565 -0.011777669067163713 0.016485123185804938 0.0070285819467041499 -0.015155610266009312 -0.01978918949117793 0.0018518589514299867 0.0076106513609303737
leaf_weight=16.978238260373477 9.0089934170246107 11.097936186939476 8.2336919456720334 16.621948700398207 21.050186835229397 15.662895752117036 19.234708581119776 12.976078338921068 47.410035379230976 93.912040624767542 28.692911699414253 38.54055954888463 88.605551676824689 15.366101592779158
leaf_count=469 41 116 77 87 288 165 115 94 304 795 244 415 717 91
internal_value=0.000614072 0.00124974 -0.014341 0.00224302 0.00145257 0.00234627 0.0030034 0.00215607 0.0103189 0.000392479 -0.001033 0.000737561 -0.00342815 -0.0119825
internal_weight=443.392 434.383 25.2119 409.171 392.549 371.499 360.401 344.738 60.3861 284.352 265.117 236.424 142.512 53.9067
internal_count=4018 3977 546 3431 3344 3056 2940 2775 398 2377 2262 2018 1223 506
is_linear=0
shrinkage=0.03


Tree=91
num_leaves=15
num_cat=0
split_feature=5 17 4 4 17 1 10 11 4 20 3 10 9 28
split_gain=8.30472 7.8046 16.0867 13.6276 14.2691 13.6534 13.214 9.70294 8.82191 7.00703 7.70837 8.14436 6.86325 10.0337
threshold=0.033993350565023894 0.042485291572496413 0.0040102416005633789 0.0033585567879425003 0.062302317667944855 0.018770010911646876 31.025000000000002 0.0044604787087791928 0.0024648417403308706 0.0059172288235014312 0.0029756213698516848 12.575000000000001 0.0034075605792186791 0.010940189542239331
decision_type=10 10 10 10 10 10 2 10 10 10 10 2 10 10
left_child=1 2 9 4 8 12 -6 -4 -3 -1 11 -11 -5 -14
right_child=-2 3 7 5 6 -7 -8 -9 -10 10 -12 -13 13 -15
leaf_value=-0.021868931337279761 -0.026489608238399742 -0.0028704239930598288 0.014558732176687293 -0.017123396606432039 -0.021245388582992897 0.031031092296827441 0.018239088272293411 -0.0063002869600672249 0.028996822074048426 -0.018419578160026543 -0.027979736143241958 0.016858356276331799 0.022535890463994863 -0.0022980592986020652
leaf_weight=42.89429640956223 8.9631991386413556 9.2637697756290418 43.54742930829525 22.76032542064786 15.110265521332623 10.939410811290143 13.504075922071932 35.731314143165946 43.830659938976169 7.9365820977836909 7.4647584296762934 16.449011359363794 15.225672543048857 149.05238925479352
leaf_count=718 41 168 311 214 264 56 61 268 380 126 96 138 77 1100
internal_value=0.000593296 0.00121265 -0.00419339 0.00419409 0.0144212 -7.80681e-05 -0.00262467 0.0051961 0.0234864 -0.0140896 -0.00326597 0.00510343 -0.00205291 0.000126034
internal_weight=442.673 433.71 154.023 279.687 81.7088 197.978 28.6143 79.2787 53.0944 74.7446 31.8504 24.3856 187.038 164.278
internal_count=4018 3977 1657 2320 873 1447 325 579 548 1078 360 264 1391 1177
is_linear=0
shrinkage=0.03


Tree=92
num_leaves=15
num_cat=0
split_feature=5 22 13 19 18 27 19 25 9 4 21 22 6 13
split_gain=7.89663 7.11125 11.7542 5.9114 13.562 7.45293 5.84629 6.20783 9.65591 10.447 9.52271 11.1901 9.36311 11.4612
threshold=0.033993350565023894 1.0000000180025095e-35 1.3893090857067787 -0.14310084364067319 0.115 0.1325558822259594 -0.068823638112514671 0.038598812785168475 0.005639050917871819 0.0058243540830616057 0.055220844751367744 0.15500000000000003 1.5370815827281752 0.91686211585728561
decision_type=10 2 10 8 2 8 10 10 10 8 10 2 10 10
left_child=1 2 -1 4 -3 6 -5 10 -9 -10 11 -8 13 -13
right_child=-2 3 -4 5 -6 -7 7 8 9 -11 -12 12 -14 -15
leaf_value=-0.028223660148627726 -0.02589864713316049 -0.0087576029175146126 0.014009000728655813 -0.0090800911392254907 0.029469590490283144 -0.016513550602072786 0.024630410886767026 0.01530718297944339 -0.018705098954072418 0.010000837871980268 -0.018627387377613165 0.0072347711545472189 0.014489744660960133 -0.01079311265359879
leaf_weight=16.45131031237543 8.9162251204252225 13.437327969819306 8.2347453497350198 36.983067113906145 19.580143917351961 19.574502302333713 17.297672882676125 74.474997408688068 18.844591725617647 25.878563784062862 20.736054822802544 51.764683110639453 30.79093037173152 78.902723511680961
leaf_count=469 41 93 77 274 121 278 124 486 130 121 285 491 208 820
internal_value=0.000573799 0.0011774 -0.0141388 0.00213579 0.0141119 0.00104732 0.00205737 0.0033742 0.00875989 -0.00223928 0.000128569 0.00239582 -0.000123208 -0.00365055
internal_weight=441.868 432.951 24.6861 408.265 33.0175 375.248 355.673 318.69 119.198 44.7232 199.492 178.756 161.458 130.667
internal_count=4018 3977 546 3431 214 3217 2939 2665 737 251 1928 1643 1519 1311
is_linear=0
shrinkage=0.03


Tree=93
num_leaves=15
num_cat=0
split_feature=2 13 17 4 4 24 2 24 25 23 21 11 6 20
split_gain=7.6493 8.22976 5.95746 15.0273 13.7046 13.618 11.6849 10.5359 12.0981 9.82479 9.79317 9.32091 8.62576 10.2063
threshold=0.059571789504752511 5.7180478970175566 0.042485291572496413 0.0040102416005633789 0.003786713149784821 -0.13353139262452265 0.025287974002763173 -0.052407230444929169 0.024684855643896209 -0.079843385366730857 0.0045883146773946443 0.0044604787087791928 -1.6068813613128528 0.1177830356563835
decision_type=10 10 10 10 10 10 8 8 10 10 10 10 10 10
left_child=1 2 3 -1 6 -6 7 9 -9 -4 -10 -5 -7 -14
right_child=-2 -3 4 11 5 12 -8 8 10 -11 -12 -13 13 -15
leaf_value=-0.013819281620026946 -0.022236041108874567 0.026761279132192395 -0.00091441570213160158 0.01401589921479619 -0.030042594689270327 -0.021058941033676365 0.04145123169178587 0.033503523723574624 0.016001773800111304 0.02948366450908892 -0.013432970740083199 -0.0063873130302536619 -0.0018149331807317821 0.017828952564855699
leaf_weight=73.607222352176905 11.871565096080301 10.074852578341959 14.27856803871691 43.812962956726551 13.566507333889602 14.113302029669283 9.5853520147502405 7.2207085136324158 12.917070850729941 27.655249772593379 37.326148673892021 35.803870959207416 99.085089229047298 30.2694330252707
leaf_count=1078 56 50 126 311 186 95 58 61 177 239 471 269 669 172
internal_value=0.000554252 0.00123466 0.000559009 -0.00413685 0.00326915 -0.00240475 0.0113922 0.00810952 -0.000285877 0.0193528 -0.00570097 0.00487511 0.000398589 0.00288332
internal_weight=441.188 429.316 419.241 153.224 266.017 157.034 108.983 99.3977 57.4639 41.9338 50.2432 79.6168 143.468 129.355
internal_count=4018 3962 3912 1658 2254 1122 1132 1074 709 365 648 580 936 841
is_linear=0
shrinkage=0.03


Tree=94
num_leaves=15
num_cat=0
split_feature=5 17 6 14 13 23 12 0 22 13 10 28 17 28
split_gain=7.2664 6.85364 12.4008 9.73609 8.24887 7.82682 9.55989 8.31275 6.95064 8.48399 6.58616 9.48635 8.77363 9.65723
threshold=0.033993350565023894 0.042485291572496413 -2.2730382067487711 3.2250000000000005 0.5021697563408769 0.028987536873252232 0.20248217479792577 -0.0019545488285652719 0.41500000000000004 0.91686211585728561 12.435 0.021194721016062745 0.033552785460673591 0.013178953429057295
decision_type=10 10 8 2 10 8 10 10 2 10 2 10 10 10
left_child=1 2 -1 8 -3 7 -7 -6 9 -4 -10 12 13 -12
right_child=-2 4 3 -5 5 6 -8 -9 10 -11 11 -13 -14 -15
leaf_value=0.030422727700034857 -0.024957005240466051 0.028148802356597977 0.022697074374732555 -0.026046955124012658 -0.0042707816148236802 -0.0093741750412076833 0.014447114004330956 0.010297474999480605 -0.02426455777467244 -0.0060069241182308768 -0.032840898662409579 -0.028264726480077627 0.0094909515668261703 0.004197087586176017
leaf_weight=7.9132188819348812 8.8360456898808462 11.103671099990605 17.117644291371107 18.073302190750837 47.448514599353075 71.17203885409981 18.249141160398722 131.05171861685812 15.999985285103319 18.299976591020823 10.761232586577536 10.783672982826827 40.25753266364336 13.305038403719662
leaf_count=53 41 119 99 321 341 786 134 940 267 140 108 188 341 140
internal_value=0.000541728 0.00112033 -0.00397722 -0.00605579 0.00391083 0.00280538 -0.0044067 0.00642276 -0.00301832 0.00810827 -0.00738481 -0.00351738 0.0010006 -0.0130139
internal_weight=440.373 431.537 152.512 144.598 279.025 267.921 89.4212 178.5 126.525 35.4176 91.1075 75.1075 64.3238 24.0663
internal_count=4018 3977 1657 1604 2320 2201 920 1281 1283 239 1044 777 589 248
is_linear=0
shrinkage=0.03


Tree=95
num_leaves=15
num_cat=0
split_feature=27 23 13 13 21 25 18 26 21 8 25 0 26 20
split_gain=8.65484 9.14725 8.72801 6.52654 9.76662 9.62164 8.80581 8.27699 7.66289 13.5917 5.56037 5.35306 6.94569 8.25607
threshold=0.14704398743666583 -0.63003113548848966 1.2676180358943134 0.89952260612103696 0.050406243310323673 0.031439164311914694 1.905 0.022648454389317511 0.0072547625010895714 -0.0070819921668752164 0.031701734968294669 1.0000000180025095e-35 -0.012115903511500601 0.011232930911298513
decision_type=8 10 10 10 10 10 2 10 10 10 10 10 10 10
left_child=1 2 -1 4 6 -6 7 8 10 -10 -3 12 -5 -14
right_child=-2 3 -4 11 5 -7 -8 -9 9 -11 -12 -13 13 -15
leaf_value=-0.026678170523047603 -0.021749179555045729 -0.016247135773527328 0.0044602578201062689 -0.012072413215415677 -0.029536414947649425 0.017248426381883113 0.029553267087719291 -0.011298195648650073 -0.0087277263440592827 0.031251330604452017 0.012294254514492699 0.0045505671673403145 -0.0056332602676799765 0.012722738563036887
leaf_weight=18.689708977006376 14.350921683013437 10.744808174669744 13.338808538392184 56.155129740014672 9.9360683560371381 5.3805713187903157 19.694226454943419 16.092791287228465 9.9839452449232322 27.288800556212664 11.89013611897826 124.52931329235435 58.165672859176993 34.16741530969739
leaf_count=487 244 106 143 448 169 51 121 150 94 203 79 952 518 222
internal_value=0.000374398 0.00118782 -0.0139676 0.0024848 0.0085827 -0.0130515 0.0121446 0.0073082 0.0124098 0.0205942 -0.00136852 -1.69353e-05 -0.00385228 0.00122283
internal_weight=430.408 416.057 32.0285 384.029 111.011 15.3166 95.6947 76.0005 59.9077 37.2727 22.6349 273.018 148.488 92.3331
internal_count=3987 3743 630 3113 973 220 753 632 482 297 185 2140 1188 740
is_linear=0
shrinkage=0.03


Tree=96
num_leaves=15
num_cat=0
split_feature=27 23 13 13 28 21 28 6 4 2 25 0 28 4
split_gain=8.30207 8.71536 8.48227 6.14054 9.52844 9.23951 7.60204 19.7413 8.87896 6.90219 6.43997 5.04113 5.50963 15.001
threshold=0.14704398743666583 -0.63003113548848966 1.2676180358943134 0.89952260612103696 0.022198879960932467 0.050406243310323673 0.016152694977049183 0.9043038788922203 0.004933317860591536 -0.0041481041972872825 0.028149039433924394 1.0000000180025095e-35 0.014583797557322533 0.0047203110355917184
decision_type=8 10 10 10 10 10 10 10 10 10 8 10 10 10
left_child=1 2 -1 4 5 6 7 8 -3 -8 -7 -5 13 -13
right_child=-2 3 -4 11 -6 10 9 -9 -10 -11 -12 12 -14 -15
leaf_value=-0.026490658877170024 -0.021488887070535513 -0.017328764765656868 0.0043269574028592262 -0.0037477767796063274 -0.01904531318881731 -0.028710869821646928 0.042644155290634124 0.032738728947413816 0.0091944835415395457 0.010029155513056538 0.0114733790922311 -0.024764177703739974 0.0085185505212649806 0.012293958132936366
leaf_weight=18.270770123228434 14.104866992682217 19.269370513036847 13.367605563253163 148.11129589006305 9.5226842965930683 7.4042451679706547 13.059394001960756 20.064067207276821 24.886328458786011 11.344384115189312 5.5210345983505258 17.44163834489882 87.161970295011997 20.14001002907753
leaf_count=487 244 221 143 1188 136 124 78 117 143 99 55 159 685 108
internal_value=0.000360638 0.00115205 -0.0137362 0.00241145 0.00832371 0.0110509 0.0145021 0.00883749 -0.00250758 0.0284743 -0.0119549 -1.68749e-05 0.0044075 -0.00510081
internal_weight=429.67 415.565 31.6384 383.926 111.072 101.549 88.6235 64.2198 44.1557 24.4038 12.9253 272.855 124.744 37.5816
internal_count=3987 3743 630 3113 973 837 658 481 364 177 179 2140 952 267
is_linear=0
shrinkage=0.03


Tree=97
num_leaves=15
num_cat=0
split_feature=23 13 17 6 13 22 15 24 8 20 8 8 5 3
split_gain=7.61447 8.30913 6.71554 6.15311 6.47768 8.31427 11.4611 8.85966 8.33203 6.94499 5.74835 8.90874 10.2706 9.05236
threshold=-0.63003113548848966 1.2676180358943134 0.1185319442360858 -2.7321369980633894 0.89952260612103696 1.4550000000000003 -0.087257137623724765 -0.14943851126164176 0.0070757817357458572 0.060209814114357448 0.020676789569812119 1.0000000180025095e-35 -0.002288959198950862 0.0025852084181840827
decision_type=10 10 8 10 10 2 8 10 10 10 10 10 10 10
left_child=1 -1 3 -2 10 6 -6 8 -8 -7 11 12 -5 -13
right_child=2 -3 -4 4 5 9 7 -9 -10 -11 -12 13 -14 -15
leaf_value=-0.02635385572114797 0.020834813547195779 0.0041978867305449792 -0.020886185220677946 -0.013417314477659193 0.027554703068446443 -0.0013603444115175465 0.015683552181934613 -0.016854802764208785 -0.015145652217246508 0.011820596636801231 -0.012777307472622063 0.042025819060614908 0.012896429110424042 0.01128077022008157
leaf_weight=18.077634416520599 14.258274860680102 13.395570101216434 10.728812374174593 23.492335375398397 6.6860744748264551 106.78628734499216 17.610001955181364 64.374779613688588 12.718807246536015 53.122263669967651 10.571268448606132 10.679832875728605 28.350187618285418 37.913770658895373
leaf_count=495 99 143 70 222 61 690 154 893 124 268 121 102 265 280
internal_value=0.000348093 -0.0136216 0.00148619 0.0021594 0.00139029 -0.0011928 -0.0078719 -0.0106348 0.00268413 0.00306467 0.00742695 0.00965852 0.00094415 0.018749
internal_weight=428.766 31.4732 397.293 386.564 372.306 261.298 101.39 94.7036 30.3288 159.909 111.007 100.436 51.8425 48.5936
internal_count=3987 638 3349 3279 3180 2190 1232 1171 278 958 990 869 487 382
is_linear=0
shrinkage=0.03


Tree=98
num_leaves=15
num_cat=0
split_feature=27 23 13 13 28 26 17 6 16 4 7 24 24 4
split_gain=7.9363 7.93876 8.00822 5.43325 8.99433 10.2433 10.6411 10.2008 8.47709 13.0095 6.86451 11.8386 8.89928 15.6624
threshold=0.14704398743666583 -0.63003113548848966 1.2676180358943134 0.89952260612103696 0.022198879960932467 -0.014183278434188649 0.042351909172153576 0.41557883317444194 0.045415489553304163 0.0046701045855336359 -0.011270405468513543 0.063379250576644522 -0.049679225349218085 0.0045499909299016213
decision_type=8 10 10 10 10 10 10 10 10 10 10 10 10 10
left_child=1 2 -1 4 5 -3 8 -8 9 -7 11 -5 13 -12
right_child=-2 3 -4 10 -6 6 7 -9 -10 -11 12 -13 -14 -15
leaf_value=-0.02611255212087649 -0.021222538362781269 0.026747189933069081 0.0040728960720797574 -0.0019045377860304657 -0.0188596335225172 -0.012736085427487286 -0.000450554705304581 0.029200147181986883 -0.028009154267585573 0.030742260998772832 0.015086785793771958 0.033609498568561567 -0.0066700063666028393 -0.0088686955970068287
leaf_weight=17.465176457539204 13.834701232612131 25.094639610499144 13.422726975753902 20.729498973116279 9.4284929316490871 16.469108274206523 19.748116176575422 21.090121477842331 10.73138816282153 8.6057786494493467 57.424469336867332 13.143343098461626 139.28911793977022 41.513671841472387
leaf_count=487 244 196 143 147 136 192 147 135 112 55 457 80 1166 290
internal_value=0.00033933 0.00110898 -0.0132787 0.00230004 0.00785607 0.0104914 0.00489301 0.0151939 -0.00694911 0.00279255 9.64243e-06 0.0124442 -0.00180302 0.00504709
internal_weight=427.99 414.156 30.8879 383.268 111.168 101.739 76.6445 40.8382 35.8063 25.0749 272.1 33.8728 238.227 98.9381
internal_count=3987 3743 630 3113 973 837 641 282 359 247 2140 227 1913 747
is_linear=0
shrinkage=0.03


Tree=99
num_leaves=15
num_cat=0
split_feature=27 23 13 3 27 8 2 16 17 14 14 28 2 3
split_gain=7.61379 7.5661 7.77996 5.4263 22.7008 6.07937 10.2255 8.21627 11.413 13.0739 10.4043 7.20582 8.07075 8.03566
threshold=0.14704398743666583 -0.63003113548848966 1.2676180358943134 0.0019919466685733409 -0.015714393651358179 0.018877612541164272 0.029277749856193806 -0.046520015634892865 0.033289005613518198 2.6850000000000005 2.0550000000000002 0.014339281487087312 0.029277749856193806 0.004105859144638185
decision_type=8 10 10 10 10 10 10 10 10 2 2 10 10 10
left_child=1 2 -1 4 -3 6 7 10 9 -9 -5 -7 13 -13
right_child=-2 3 -4 5 -6 11 -8 8 -10 -11 -12 12 -14 -15
leaf_value=-0.025922280548076965 -0.020963245787659561 0.047950461867251125 0.0039518432176501297 0.0087394656790831578 -0.023208492569747028 -0.02457168423390731 0.01846293423356794 -0.028894184997604554 0.0077313590718709893 0.014256043805893792 -0.014222237838587273 -0.0071268169094246842 -0.016748349237306809 0.02063654931013301
leaf_weight=17.078769004903737 13.601563759148119 8.8377779815345985 13.449100321158765 25.596878349781036 6.0438914205878964 14.439565554261206 34.50635739043355 16.433761166408662 160.17360575124621 9.147084712982176 53.235681662335992 17.797606311738491 18.806553304195404 17.981482367962599
leaf_count=487 244 71 143 238 123 108 170 238 1274 59 427 204 97 104
internal_value=0.000329121 0.00107834 -0.0130533 0.00223579 0.019409 0.00149084 0.00334448 0.0013107 0.00474963 -0.0135089 -0.00675051 -0.00647421 -0.00133095 0.00700793
internal_weight=427.13 413.528 30.5279 383 14.8817 368.119 299.093 264.587 185.754 25.5808 78.8326 69.0252 54.5856 35.7791
internal_count=3987 3743 630 3113 194 2919 2406 2236 1571 297 665 513 405 308
is_linear=0
shrinkage=0.03


Tree=100
num_leaves=15
num_cat=0
split_feature=17 2 6 27 4 14 13 17 2 14 6 18 21 28
split_gain=5.78699 10.7354 8.68765 8.53955 5.79953 5.50043 5.45416 13.8917 10.3309 9.58251 8.27958 9.94553 13.7282 14.9206
threshold=0.033552785460673591 -0.029565791945855843 1.1915633014078562 0.12422082870158425 0.0071863052264146679 4.6550000000000011 1.6400682527444892 0.068478771194730045 0.0016602097391180683 2.7750000000000004 1.1211542803509011 0.13500000000000004 0.029370589007835585 0.01681272002588741
decision_type=10 8 10 10 10 2 10 10 10 2 8 2 10 10
left_child=1 -1 -3 5 -5 6 7 10 -8 -9 11 -2 13 -13
right_child=3 2 -4 4 -6 -7 8 9 -10 -11 -12 12 -14 -15
leaf_value=0.024715799121035165 -0.0094985119068403678 -0.020942280366345378 0.0053711968511226558 -0.023536123581013348 0.0079495594625795633 -0.018426044158848146 0.020957879006745558 0.01197297974348626 0.0024344114049930643 -0.029068364430817218 0.013926350383939134 -0.0026691184220615414 -0.017130238754533945 0.02795997982911087
leaf_weight=6.8314889371395111 57.760093089193106 36.298012034967542 15.69700540974736 17.883777087554339 6.725053956732153 9.4611748857423645 40.168649980798364 6.1540554016828564 80.202508660033345 19.960756786167622 50.225707469508052 26.145395390689373 15.545246459543703 30.209097131155431
leaf_count=44 450 554 110 271 68 163 287 40 529 319 358 200 273 253
internal_value=0.000321629 -0.00832175 -0.0130469 0.00175141 -0.0149573 0.00301655 0.00369253 0.000716625 0.00873756 -0.0193119 0.00371495 -0.000316899 0.00708819 0.013951
internal_weight=419.268 58.8265 51.995 360.442 24.6088 335.833 326.372 206 120.371 26.1148 179.886 129.66 71.8997 56.3545
internal_count=3919 708 664 3211 339 2872 2709 1893 816 359 1534 1176 726 453
is_linear=0
shrinkage=0.03


Tree=101
num_leaves=15
num_cat=0
split_feature=22 14 19 14 9 20 6 3 9 9 4 4 14 6
split_gain=5.85198 9.32572 8.22463 7.17879 7.03501 6.85045 11.3166 10.7812 6.75645 6.47675 10.8023 8.54943 7.71647 7.23571
threshold=1.4950000000000003 2.2950000000000004 -0.18232155679395462 2.5350000000000006 0.0053234525025419232 -1.0000000180025095e-35 -0.76936573553288778 0.007169815035879463 0.0038969947052575949 0.0037475875972921239 0.0063757229204524273 0.0032976556342783282 2.4450000000000007 1.7326045272623254
decision_type=2 2 8 2 10 10 8 10 10 8 10 10 2 10
left_child=2 4 -1 -3 8 7 -7 -5 -2 10 12 13 -4 -11
right_child=1 3 9 5 -6 6 -8 -9 -10 11 -12 -13 -14 -15
leaf_value=0.028551129861791494 0.0039828127304063262 -0.01717269666095747 -0.011025549380856989 -0.014782855331312222 -0.0018536735338723403 0.025138532641558547 -0.00021864249142053692 0.013610270475571682 0.027249923216935645 0.0035767827290811992 0.032832421648117865 -0.019112320959276938 0.0059332731747946399 -0.026715075815002164
leaf_weight=6.0684905648231506 18.039091967046261 19.231084253638983 44.584358816966414 37.174757804721594 20.735736332833767 22.707042083144188 47.682771779596806 16.668938994407654 30.574723482131958 43.078598492778838 7.7118544038385144 46.185987863689661 50.413715441711247 7.4615672174841157
leaf_count=58 107 135 625 283 100 140 300 79 134 678 53 599 532 96
internal_value=0.000310184 0.00378828 -0.00329253 -0.000595018 0.0127356 0.00208781 0.00819887 -0.00590502 0.0188705 -0.00439908 0.000853248 -0.009928 -0.00205776 -0.00132696
internal_weight=418.319 212.814 205.505 143.465 69.3496 124.234 70.3898 53.8437 48.6138 199.436 102.71 96.7262 94.9981 50.5402
internal_count=3919 1278 2641 937 341 802 440 362 241 2583 1210 1373 1157 774
is_linear=0
shrinkage=0.03


Tree=102
num_leaves=15
num_cat=0
split_feature=22 14 17 27 6 16 17 14 10 25 15 13 3 27
split_gain=5.52238 8.78617 9.77405 9.94901 8.13227 8.03472 10.3826 7.22528 9.51919 11.9528 9.28834 9.72968 8.85748 10.235
threshold=1.4950000000000003 2.2950000000000004 0.049574505332351956 0.0029958165546717379 -0.5253679280943776 -0.25283534112161271 0.062302317667944855 2.5750000000000006 22.135000000000002 0.028421163057434702 0.0036036543004587256 1.2676180358943134 0.0025478579204208673 0.014419868145720384
decision_type=2 2 10 10 8 10 10 2 2 10 10 10 10 10
left_child=5 -2 3 -3 -4 -1 7 8 9 12 -9 -12 13 -7
right_child=1 2 4 -5 -6 6 -8 10 -10 -11 11 -13 -14 -15
leaf_value=0.02825657248139794 0.012363640019885262 -0.027844026057010876 0.018894712197185089 0.0025822578042702543 -0.00052823369920875851 0.029156210544155667 -0.025233188218546521 -0.0052606012903001721 -0.028281395279699355 0.006867743657961607 0.0012222136533647757 0.029787428503544683 -0.027369263731863408 -0.02575316327848318
leaf_weight=6.0735797714442006 69.363698020577431 19.47897232323885 24.464224342256784 18.033555667847395 81.264530349522829 5.9867481607943756 18.277164621278644 46.08959112688899 15.9089438021183 43.622086174786091 24.184276947751641 18.42226692661643 21.868674552068114 4.4587583057582378
leaf_count=60 341 177 160 139 461 73 432 497 237 436 315 123 360 108
internal_value=0.000303687 0.00368235 -0.000578081 -0.0135298 0.0041009 -0.00320302 -0.00430066 -0.00205423 -0.00791131 -0.00333157 0.00403139 0.0139731 -0.0168929 0.00551542
internal_weight=417.497 212.605 143.241 37.5125 105.729 204.892 198.819 180.541 91.8452 75.9363 88.6961 42.6065 32.3142 10.4455
internal_count=3919 1278 937 316 621 2641 2581 2149 1214 977 935 438 541 181
is_linear=0
shrinkage=0.03


Tree=103
num_leaves=15
num_cat=0
split_feature=22 14 19 14 9 28 20 5 13 3 15 21 15 6
split_gain=5.21542 8.25999 7.53356 6.70832 6.63103 9.46247 6.45022 11.1782 14.3905 10.2563 6.26148 6.52231 7.80474 11.7414
threshold=1.4950000000000003 2.2950000000000004 -0.18232155679395462 2.5350000000000006 0.005297527195776257 0.012580264398241902 -1.0000000180025095e-35 0.0024626891896162213 1.0771535256680294 0.007169815035879463 0.05963031419631943 0.055220844751367744 0.0033119966687605866 -1.3961875053362047
decision_type=2 2 8 2 10 10 10 10 10 10 8 8 10 8
left_child=2 4 -1 -3 5 -2 9 8 -8 -5 11 12 -4 -14
right_child=1 3 10 6 -6 -7 7 -9 -10 -11 -12 -13 13 -15
leaf_value=0.027070046697524903 0.0029786954315018811 -0.016706004807382518 -0.0058887942566271407 -0.014488665534522403 -0.0019717892800874002 0.029624328053351964 -0.0010112698475511013 -0.006468075100898041 0.033705334430396007 0.013229840449751711 -0.023850253418376346 -0.013579792622307688 0.035921676000827317 0.0021068639444911507
leaf_weight=6.1932822335511446 21.5892578586936 18.973023530095816 82.749313480220735 36.881179478019476 21.176715523004532 26.701749168336391 19.978654824197292 28.454568348824978 22.111191093921661 16.685689054429531 12.618617121130226 38.410883530974388 10.196963536553083 53.764507758431137
leaf_count=58 120 135 1053 283 102 119 129 181 130 79 220 580 101 629
internal_value=0.000292329 0.00357246 -0.00312718 -0.000564235 0.01198 0.0180141 0.00201718 0.00792852 0.0175855 -0.00577033 -0.00420441 -0.00274433 0.000165273 0.00796772
internal_weight=416.486 212.552 203.934 143.084 69.4677 48.291 124.111 70.5444 42.0898 53.5669 197.74 185.122 146.711 63.9615
internal_count=3919 1278 2641 937 341 239 802 440 259 362 2583 2363 1783 730
is_linear=0
shrinkage=0.03


Tree=104
num_leaves=15
num_cat=0
split_feature=22 19 14 28 9 16 15 6 25 4 14 4 7 20
split_gain=4.9481 9.65402 9.63144 7.65733 8.43876 9.6561 8.32599 9.11111 7.78566 7.10051 6.36222 6.23029 7.16116 6.01986
threshold=1.5350000000000004 -0.22314355131421001 2.2950000000000004 0.023235208596203632 0.0045460138080715001 0.051557809664850081 0.0041973195294587881 -0.24177539938649117 0.029199855803537234 0.004291372658621141 2.5350000000000006 0.0033478934413536149 0.0062723493942637995 -1.0000000180025095e-35
decision_type=2 10 2 8 10 10 10 10 10 10 2 10 10 10
left_child=1 -1 9 4 5 6 7 8 -3 -2 -4 12 -5 -12
right_child=2 3 10 11 -6 -7 -8 -9 -10 -11 13 -13 -14 -15
leaf_value=0.031162253629640146 0.028082442135291697 -0.025661311416214479 -0.016357629147749429 -0.01351687721231053 -0.014608484727892893 -0.014001145273173544 0.017023108067901738 0.0089500633366381786 0.0088243702846842725 0.0060858618109705196 -0.0056654866076335068 -0.023024253484582549 0.021108788879621414 0.0076330607736133389
leaf_weight=6.2640749756246796 19.593827903270721 16.310033317655328 18.819437738507986 14.887060655280949 30.690763710066676 24.22657319996506 40.945271253585815 37.550942401401699 8.3091436261311156 38.99482899159193 52.667654521763325 28.692053254693747 7.131178291514515 70.498181320726871
leaf_count=56 94 251 135 265 461 361 369 334 93 191 358 405 107 439
internal_value=0.000287376 -0.00286801 0.00366727 -0.00403291 -0.000749113 0.00267894 0.0066947 -0.000269391 -0.014132 0.01379 -0.000576999 -0.0140541 -0.00187261 0.00194656
internal_weight=415.581 215.007 200.574 208.743 158.033 127.342 103.115 62.1701 24.6192 58.5887 141.985 50.7103 22.0182 123.166
internal_count=3919 2702 1217 2646 1869 1408 1047 678 344 285 932 777 372 797
is_linear=0
shrinkage=0.03


Tree=105
num_leaves=15
num_cat=0
split_feature=15 8 22 17 3 18 6 27 26 22 4 18 22 13
split_gain=7.2554 6.17937 7.06135 10.6122 8.95871 8.69173 16.6536 9.5589 16.703 9.46997 12.7896 7.93873 10.735 9.8975
threshold=-0.11303713153114521 -0.036183284934757413 1.405 0.061667614976113123 0.0071116289569726028 0.13500000000000004 -0.5253679280943776 0.0051259201232527482 0.014559729605562845 2.0550000000000002 0.0050599290440149873 1.5650000000000002 0.95500000000000007 0.89264182479253273
decision_type=8 10 2 10 10 2 8 10 10 2 8 2 2 10
left_child=-1 -2 3 4 11 7 -7 -4 -9 10 -8 12 -3 -14
right_child=1 2 5 -5 -6 6 9 8 -10 -11 -12 -13 13 -15
leaf_value=0.024335751092931256 -0.017751564349416386 -0.024035542319018582 -0.008886222106029882 -0.026582356569996232 -0.031107218387196638 0.030364534309084163 -0.0062547459919871373 0.020913286032264698 -0.010985496314509067 -0.010069272795684033 0.023408472074019662 0.006160464950112552 0.02510049496429153 -0.0098237544996831964
leaf_weight=10.789169972762464 15.109068203717468 21.739015780389309 63.791208501905203 15.248956878669558 7.4070390723645678 27.677749887108803 21.763803139328957 34.552403375506401 24.447479709982872 28.299070581793785 30.538493819534779 88.973870388232172 10.684433981776239 18.54076492600143
leaf_count=75 157 470 424 386 73 150 131 211 154 178 146 926 143 303
internal_value=0.00113279 0.000462473 0.00120475 -0.00357224 -0.00102775 0.00456701 0.0107216 -0.000903011 0.00773275 0.00368702 0.0111794 0.000773799 -0.00856788 0.00335222
internal_weight=419.563 408.773 393.664 162.594 147.345 231.07 108.279 122.791 58.9999 80.6014 52.3023 139.938 50.9642 29.2252
internal_count=3927 3852 3695 2301 1915 1394 605 789 365 455 277 1842 916 446
is_linear=0
shrinkage=0.03


Tree=106
num_leaves=15
num_cat=0
split_feature=15 14 24 23 24 5 15 13 22 17 4 22 22 28
split_gain=6.82413 8.89452 5.72321 6.20465 7.48014 9.33519 8.18006 6.22657 7.62011 5.98966 18.2431 14.0448 12.5403 12.5812
threshold=-0.11303713153114521 1.5650000000000002 -0.42203515794816843 -0.19352984028272449 0.21519043725012468 0.0014284955027085357 -1.0000000180025095e-35 1.3893090857067787 -1.0000000180025095e-35 0.048828378288816997 0.0037513301035773622 1.7250000000000003 1.7550000000000001 0.02248136678623951
decision_type=8 2 8 8 8 8 10 10 2 10 10 2 2 10
left_child=-1 -2 -3 -4 9 6 -6 8 -8 12 -11 -12 13 -5
right_child=1 2 3 4 5 -7 7 -9 -10 10 11 -13 -14 -15
leaf_value=0.023536855815641269 -0.019364011565006448 -0.017631237916880625 0.024298725259692108 0.00808569852398177 -0.016856518430706131 -0.023047253385888467 -0.026182644111968474 0.032248033270079385 0.023717842000162793 0.022419307692708765 -0.01778151702386396 0.0064776794114500321 -0.01495848237011173 -0.021245332317400369
leaf_weight=10.853658650070427 18.43654134683311 12.692572638392447 10.021744772791861 96.875984009355307 11.068416623398663 22.612746509723365 4.7490074066445249 8.2747996468096954 4.295393668115139 48.287828957661986 27.362849071621895 87.500111512839794 41.545280184596777 14.233340715989469
leaf_count=75 336 133 80 860 244 346 149 53 49 341 198 515 341 207
internal_value=0.00109772 0.000444639 0.00142939 0.00211637 0.0014459 -0.00910523 0.00240692 0.014966 -0.00248187 0.0031732 0.00715159 0.000595021 -0.00109762 0.00417234
internal_weight=418.81 407.957 389.52 376.828 366.806 51.0004 28.3876 17.3192 9.0444 315.805 163.151 114.863 152.655 111.109
internal_count=3927 3852 3516 3383 3303 841 495 251 198 2462 1054 713 1408 1067
is_linear=0
shrinkage=0.03


Tree=107
num_leaves=15
num_cat=0
split_feature=15 14 8 18 17 25 8 21 10 28 4 14 6 20
split_gain=6.42006 8.50888 6.2822 5.9797 8.55485 8.7164 11.3003 6.8309 5.53176 12.4346 10.3552 11.0689 11.0474 15.4285
threshold=-0.11303713153114521 1.5650000000000002 -0.036183284934757413 2.4050000000000007 0.054913808061265439 0.016697777515285502 0.010524145196340486 0.062495252117179892 18.865000000000006 0.02348655208992317 0.0037513301035773622 2.8250000000000006 0.70511167710427125 -0.068918626925229085
decision_type=8 2 10 2 10 10 10 10 2 10 8 2 10 10
left_child=-1 -2 -3 8 5 -5 7 -7 9 -4 -10 -12 13 -13
right_child=1 2 3 4 -6 6 -8 -9 10 -11 11 12 -14 -15
leaf_value=0.022769624060020571 -0.019096186791463163 -0.017237761861975388 0.0027023132291941992 -0.029249318943913173 -0.027981180066161342 0.026365440227738294 -0.025052172917249527 -0.0039984505385215474 0.021100185284385304 -0.024552911995921904 -0.0087178645616261836 -0.0043057777262318691 -0.0094286723157774727 0.032568534053261072
leaf_weight=10.915530690923331 18.152614563703537 14.660858153365551 166.19853208772838 6.6671339701861134 12.291398044675587 16.628379387781028 7.2390550728887311 10.347261505201457 38.960836151614785 15.557140395045279 41.594138108193874 15.761547565460203 16.136968195438385 26.938871972262859
leaf_count=75 336 151 1298 111 339 177 138 142 292 233 252 102 109 172
internal_value=0.00106377 0.000427458 0.0013852 0.00215858 -0.00707296 -0.00026876 0.00604868 0.0149919 0.00370428 0.000247854 0.00817729 0.00300545 0.0113003 0.0191704
internal_weight=418.05 407.135 388.982 374.321 53.1732 40.8818 34.2147 26.9756 321.148 181.756 139.392 100.432 58.8374 42.7004
internal_count=3927 3852 3516 3365 907 568 457 319 2458 1531 927 635 383 274
is_linear=0
shrinkage=0.03


Tree=108
num_leaves=15
num_cat=0
split_feature=15 9 25 15 17 17 4 4 22 18 6 21 18 21
split_gain=6.04991 7.41897 9.17665 7.28991 5.52687 5.68987 12.5298 10.0819 13.4641 11.1756 9.20463 11.1609 10.4706 8.96362
threshold=-0.1207208069015555 0.0089650965443498539 0.065429729183296773 0.091184514114014029 0.082042190024144049 0.042850719822559863 0.0046701045855336359 0.0033585567879425003 1.3450000000000004 0.19500000000000003 -0.029216443170300518 0.010606077507492073 0.13500000000000004 0.019584497185707202
decision_type=8 8 10 10 10 10 8 10 2 2 10 10 2 8
left_child=-1 2 3 4 5 6 -2 -7 -9 10 12 -12 -10 -8
right_child=1 -3 -4 -5 -6 7 13 8 9 -11 11 -13 -14 -15
leaf_value=0.0231070424185073 -0.010177035218430693 -0.019496690172017019 0.019287088486707096 -0.022433654796397407 -0.017098801474856398 0.015378320660486186 0.014411550725895589 -0.01960200540962672 -0.022359315166069666 0.02492708540514239 0.016900783997426803 -0.010580434818758321 0.0064844745629227202 -0.014108589823079443
leaf_weight=9.8783777393400651 85.015392972156405 15.144514934159814 22.85561484657228 11.498935757204888 13.775188181549309 57.302066631615162 42.986426344141364 23.704622361809015 24.4404624775052 19.435394138097763 41.029258430004127 18.649995345622301 19.772181957960129 11.9367509316653
leaf_count=63 1179 113 145 123 132 692 261 372 178 98 215 127 115 114
internal_value=0.00102693 0.000436492 0.0012534 8.90215e-05 0.000872818 0.00163935 -0.00300832 0.00482146 0.000631093 0.00464646 0.000651025 0.00827996 -0.00960206 0.00807167
internal_weight=417.425 407.547 392.402 369.547 358.048 344.273 139.939 204.334 147.032 123.327 103.892 59.6793 44.2126 54.9232
internal_count=3927 3864 3751 3606 3483 3351 1554 1797 1105 733 635 342 293 375
is_linear=0
shrinkage=0.03


Tree=109
num_leaves=15
num_cat=0
split_feature=15 9 4 4 21 28 10 3 22 27 28 6 18 24
split_gain=5.72062 6.61059 6.80858 17.787 12.2821 5.6273 8.44447 11.7256 12.7658 7.41744 10.0252 11.0858 11.7646 6.76138
threshold=-0.11303713153114521 0.0089650965443498539 0.0066546033100132081 0.0072537980729449362 0.0079471941423806241 0.023596294488499561 18.635000000000002 0.0041760636158758519 1.425 -0.05085882374531802 0.012894448039810573 1.8359812934390225 2.1950000000000007 -0.13923416168661448
decision_type=8 8 8 10 10 10 2 10 2 10 10 10 2 10
left_child=-1 2 5 -4 -5 9 -7 8 13 10 -2 12 -12 -8
right_child=1 -3 3 4 -6 6 7 -9 -10 -11 11 -13 -14 -15
leaf_value=0.021395307099341121 -0.015869708634767003 -0.018698100464298407 0.029996642230470806 -0.020767696858362529 0.010086815517387033 -0.024866300410189873 0.012363233766723726 -0.021317463723949846 0.044897400107225281 -0.0016448712336406995 0.032094514459782293 -0.011457985324284584 -0.0048677349696889605 -0.026932032260139457
leaf_weight=11.015900539234279 10.091424584388731 14.701989357359706 23.907926572486758 17.303118448704481 30.769664335995913 19.248810878023505 9.2859522989019734 13.662180278450249 6.569158397614955 205.02872134745121 29.587296118959785 10.062571175396441 10.058916242793201 5.4019615314900902
leaf_count=75 85 110 149 101 164 343 129 125 36 2076 223 66 133 112
internal_value=0.000995182 0.000389985 0.00115363 0.00942023 -0.00121572 -0.000735316 -0.00945272 -0.000500433 0.0132356 0.00107659 0.0102809 0.015798 0.0228275 -0.0028844
internal_weight=416.696 405.68 390.978 71.9807 48.0728 318.997 54.1681 34.9193 21.2571 264.829 59.8002 49.7088 39.6462 14.6879
internal_count=3927 3852 3742 414 265 3328 745 402 277 2583 507 422 356 241
is_linear=0
shrinkage=0.03


Tree=110
num_leaves=15
num_cat=0
split_feature=8 17 2 4 22 17 14 12 18 21 9 28 4 10
split_gain=7.47206 7.42055 14.723 10.9159 12.6897 11.8167 9.99216 9.2348 8.08725 12.0037 8.92339 8.81195 7.59773 12.5868
threshold=-0.043193277523808409 0.043496820658522388 -0.029565791945855843 0.0033585567879425003 1.675 0.062302317667944855 2.6650000000000005 -0.2090805372338522 0.095000000000000015 0.019584497185707202 0.0031969471461896978 0.017448231885903786 0.0045371500298590746 20.955000000000002
decision_type=10 10 10 8 2 10 2 10 2 10 10 10 8 2
left_child=-1 2 -2 5 -5 -3 -7 -6 -4 10 -10 -12 13 -9
right_child=1 3 8 4 7 6 -8 12 9 -11 11 -13 -14 -15
leaf_value=-0.025106712156841245 0.027390918456998866 0.022000744107978525 -0.02067317160610101 -0.010522385843833864 0.027817226240138177 0.020164645708744568 -0.023122969613816356 -0.002764558988520828 -0.0077547866127658837 -0.015399653632068123 0.025722946085080012 -0.0039686960768310527 -0.0021573391899534166 0.034266893542847919
leaf_weight=9.3425514344125968 10.977266980335115 47.462465738877654 30.532707031816244 65.02232701331377 13.96954672783613 7.025093991309407 11.058090564794837 17.090635303407911 28.103288013488054 43.33814296964556 22.414363412186503 14.222410116344689 81.73884591460228 14.743935968726872
leaf_count=102 72 475 403 707 73 39 235 119 225 747 132 109 444 79
internal_value=7.60981e-05 0.000713189 -0.00458483 0.0037895 0.000168864 0.0142641 -0.00613083 0.0056588 -0.0072952 -0.00336097 0.0048096 0.0143974 0.00271431 0.0149076
internal_weight=417.042 407.699 149.588 258.111 192.565 65.5457 18.0832 127.543 138.611 108.078 64.7401 36.6368 113.573 31.8346
internal_count=3961 3859 1688 2171 1422 749 274 715 1616 1213 466 241 642 198
is_linear=0
shrinkage=0.03


Tree=111
num_leaves=15
num_cat=0
split_feature=8 17 2 18 14 27 15 15 18 7 16 15 16 10
split_gain=7.17815 7.01207 13.8623 7.79406 9.32895 7.48176 6.86536 6.74039 6.85556 6.32309 9.60857 6.50721 6.50215 7.97919
threshold=-0.043193277523808409 0.043496820658522388 -0.029565791945855843 0.095000000000000015 3.2250000000000005 0.015022139547048232 0.061015201644605534 0.0033119966687605866 1.6850000000000003 -0.01234058263676596 0.007660606349106037 0.042782199286421026 0.014598799421152582 13.795000000000002
decision_type=10 10 10 2 2 10 10 10 2 10 10 10 10 2
left_child=-1 2 -2 -4 5 -5 9 -7 -9 10 -3 12 13 -11
right_child=1 6 3 4 -6 7 -8 8 -10 11 -12 -13 -14 -15
leaf_value=-0.024792667824429102 0.026400033525906481 0.0012265170407395182 -0.020375648509267319 0.007812151005902373 -0.025282519363163402 -0.022256055404527696 -0.010260230972942552 -0.013502664842048985 0.017459951951203943 0.026127429597890609 0.036577335771975875 0.02070345090238216 -0.0053697887285889491 0.0030699786675370488
leaf_weight=9.1920214509591442 11.083481589332221 14.021713822148742 30.070829436182976 51.673798752948642 13.9503838699311 18.238801617175341 27.432125340215862 12.281958384439351 11.495541479438542 14.625761193223296 12.80244959425181 17.106033702380955 69.524706471711397 102.6094686370343
leaf_count=102 72 117 403 439 308 234 245 165 67 151 90 147 628 793
internal_value=7.53911e-05 0.000696548 -0.00447226 -0.00712938 -0.00327537 0.000233874 0.00368187 -0.00905122 0.00156714 0.0053769 0.0188067 0.00352667 0.0018515 0.00614318
internal_weight=416.109 406.917 148.795 137.711 107.64 93.6901 258.122 42.0163 23.7775 230.69 26.8242 203.866 186.76 117.235
internal_count=3961 3859 1688 1616 1213 905 2171 466 232 1926 207 1719 1572 944
is_linear=0
shrinkage=0.03


Tree=112
num_leaves=15
num_cat=0
split_feature=8 17 4 4 22 17 14 12 20 9 4 4 10 25
split_gain=6.89477 6.63826 10.324 10.0323 11.9043 10.8446 9.54013 8.65638 7.19147 9.93098 6.44966 9.969 9.73147 6.38475
threshold=-0.043193277523808409 0.043496820658522388 0.0040102416005633789 0.0033585567879425003 1.675 0.062302317667944855 2.6650000000000005 -0.17643532299619322 0.0059172288235014312 0.0046487636344862962 0.0045371500298590746 0.0065748581555160153 20.955000000000002 0.015807160562749889
decision_type=10 10 8 8 2 10 2 10 10 10 8 10 2 10
left_child=-1 2 8 5 -5 -3 -7 -6 -2 -10 12 -12 -9 -4
right_child=1 3 13 4 7 6 -8 10 9 -11 11 -13 -14 -15
leaf_value=-0.024481442780645631 -0.022010516225351977 0.020882076334272925 -0.01640896137225524 -0.01029385659052048 0.022518479975475358 0.01952812335350932 -0.022915278483200529 -0.0022258077229483646 0.0076526012956287231 -0.030485064000643283 -0.014454594174860438 0.0070561264070392827 0.031110710401925042 0.0062946247260336043
leaf_weight=9.0445662932470423 35.813676008023322 48.070830569602549 12.255011189728974 64.716733779758215 21.041719242930412 7.0175364762544659 10.873963347636161 16.735287394374613 22.990325866267089 7.2669104430824509 34.831330440938473 41.340660013258457 13.69042396917939 69.706644045189023
leaf_count=102 697 475 98 707 109 39 235 116 258 108 219 197 74 527
internal_value=7.29518e-05 0.000678241 -0.00436915 0.00357641 9.44127e-05 0.0135774 -0.00611533 0.00540063 -0.0131013 -0.00218922 0.00184379 -0.00283997 0.013287 0.00274308
internal_weight=415.396 406.351 148.033 258.318 192.356 65.9623 17.8915 127.639 66.0709 30.2572 106.598 76.172 30.4257 81.9617
internal_count=3961 3859 1688 2171 1422 749 274 715 1063 366 606 416 190 625
is_linear=0
shrinkage=0.03


Tree=113
num_leaves=15
num_cat=0
split_feature=8 17 2 18 21 23 26 25 3 6 15 10 2 10
split_gain=6.10517 6.44718 11.7394 7.42142 10.974 7.43091 9.66698 6.77908 7.38029 7.21036 6.40322 5.29169 4.64916 12.1369
threshold=-0.043193277523808409 0.043496820658522388 -0.029565791945855843 0.095000000000000015 0.019584497185707202 0.016194951400831981 0.0056214892118799939 0.02577228213247304 0.003825672174874025 0.013634109470206194 0.061015201644605534 17.395000000000003 -0.0066355940023676832 21.355000000000004
decision_type=8 10 10 2 10 10 10 10 10 8 10 2 10 2
left_child=-1 2 -2 -4 7 11 -7 9 -9 -5 12 -6 13 -3
right_child=1 10 3 4 5 6 -8 8 -10 -11 -12 -13 -14 -15
leaf_value=-0.023826662345599291 0.023353404406761872 0.0013024815468537176 -0.019964853948121586 -0.023228304798629293 -0.029130578707209306 0.02945392740475725 -0.02176145264969357 0.031412024235591883 0.0012260003798032493 0.0049357472903198522 -0.010024709155788398 -0.00037587003087923904 0.002591301965538668 0.028992372712818525
leaf_weight=8.4071036335080844 11.646864201873539 35.934593916870654 29.410171506926417 10.925567772239445 23.259502894245092 6.0118354149162752 5.333882050588727 12.726289194077255 15.726174939423798 25.251954037696123 27.29244218301028 7.5879400987178078 172.18079342134297 22.713881662115455
leaf_count=82 92 315 403 116 502 80 91 88 104 158 245 74 1469 142
internal_value=6.70443e-05 0.000619139 -0.00435772 -0.00687971 -0.0031254 -0.0148456 0.005564 0.00463567 0.0153358 -0.00396578 0.00347624 -0.0222913 0.0051089 0.0123327
internal_weight=414.409 406.002 147.88 136.233 106.823 42.1932 11.3457 64.63 28.4525 36.1775 258.122 30.8474 230.829 58.6485
internal_count=3961 3879 1708 1616 1213 747 171 466 192 274 2171 576 1926 457
is_linear=0
shrinkage=0.03


Tree=114
num_leaves=15
num_cat=0
split_feature=9 1 24 14 4 17 17 14 4 26 5 13 4 24
split_gain=5.72452 6.40661 6.01128 5.56225 8.08862 17.3802 12.7768 9.38677 9.33791 7.45858 7.10639 6.4503 6.29103 5.892
threshold=0.0093380735469158899 0.022719633442364277 -0.42203515794816843 1.5650000000000002 0.0033585567879425003 0.04264294443256527 0.062302317667944855 2.6650000000000005 0.0025098293689828381 -0.066457948972482792 0.0088990144653091751 0.62994599145758146 0.0035284096156437683 -0.055740132744502034
decision_type=8 8 8 2 10 10 10 2 10 10 10 10 10 10
left_child=1 2 -1 10 5 9 8 -8 11 -5 -4 -7 -6 -10
right_child=-2 -3 3 4 12 6 7 -9 13 -11 -12 -13 -14 -15
leaf_value=-0.018215225638381724 -0.01768603578113763 0.018039006115617675 -0.024598329061047437 0.021206991653394756 -0.016723042054051986 -0.0254935613502059 0.024295230130951445 -0.018854491834666594 0.045090025247547363 -0.012593495237538327 0.016560546195814988 0.021679113190371434 0.00016148295066039964 0.018112536305851051
leaf_weight=14.761344026774166 14.735307025723158 17.425249252468348 14.343670930713417 6.185990357771515 20.745793859474361 3.951014328747986 6.2723360285162952 11.093033525161443 19.391868114471436 32.438464748673141 4.2281083706766358 4.5154375704005361 228.84819323197007 14.666646108031271
leaf_count=146 113 89 307 58 226 81 30 233 132 596 48 86 1693 123
internal_value=6.30446e-05 0.000761337 -7.30556e-05 0.000704843 0.00157546 0.00880818 0.0188085 -0.00279466 0.0274919 -0.00678152 -0.0148606 -0.000702395 -0.00130306 0.0343207
internal_weight=413.602 398.867 381.442 366.681 348.109 98.5148 59.8903 17.3654 42.525 38.6245 18.5718 8.46645 249.594 34.0585
internal_count=3961 3848 3759 3613 3258 1339 685 263 422 654 355 167 1919 255
is_linear=0
shrinkage=0.03


Tree=115
num_leaves=15
num_cat=0
split_feature=17 19 21 4 3 24 15 4 4 6 15 5 18 17
split_gain=6.3134 5.38093 9.82039 6.26517 7.5336 9.04806 4.65938 4.98131 10.1363 7.21653 6.48755 8.18879 9.41371 7.05833
threshold=0.1185319442360858 -0.14310084364067319 0.013586930374661575 0.0023650802616427906 0.0019919466685733409 -0.011583184260691935 0.091184514114014029 0.0066546033100132081 0.0072537980729449362 0.098103119590720919 -0.019619163716631301 0.00014343138580200939 0.13500000000000004 0.054375642753460303
decision_type=8 10 10 8 10 10 10 10 10 10 10 10 2 10
left_child=1 2 -1 -3 5 -5 7 10 -9 -10 -6 12 13 -12
right_child=-2 3 -4 4 6 -7 -8 8 9 -11 11 -13 -14 -15
leaf_value=-0.0054925850686642456 -0.022735085301927298 -0.025389404254001935 0.029311704256143593 -0.0026934543606239817 -0.0083544530635069197 0.046147321302420705 -0.017843153074553093 0.027593632688808364 -0.013486821866138815 0.01153933075294717 -0.019036131325812666 -0.0047137227617813993 0.01367627606168564 0.011915340666476277
leaf_weight=13.466800961643459 10.004536332562564 8.0042444653809053 14.263291550800203 6.5992920082062483 91.087224378250539 5.8487619105726463 13.025231709703801 15.654096515849231 18.660751439630985 20.945642964914441 16.281103292480115 97.049921995028853 66.107390405610204 9.902606222778557
leaf_count=89 71 278 97 122 886 70 133 85 105 117 196 967 647 71
internal_value=-0.000320449 0.000300273 0.0128065 -0.0006712 -5.47907e-05 0.0219797 -0.000901956 -0.000193569 0.00795628 -0.000293624 -0.00182212 0.0013478 0.00770408 -0.00732266
internal_weight=406.901 396.896 27.7301 369.166 361.162 12.4481 348.714 335.689 55.2605 39.6064 280.428 189.341 92.2911 26.1837
internal_count=3934 3863 186 3677 3399 192 3207 3074 307 222 2767 1881 914 267
is_linear=0
shrinkage=0.03


Tree=116
num_leaves=15
num_cat=0
split_feature=17 13 17 10 6 22 22 2 19 25 26 18 15 12
split_gain=6.03249 9.10229 7.37735 6.48066 8.91219 9.89869 6.33926 9.73619 7.70917 7.78814 6.42673 5.93996 5.34876 6.04322
threshold=0.1185319442360858 3.1746868128456129 0.085003869849235483 25.015000000000004 1.3734948623720966 1.6850000000000003 2.4850000000000008 -0.010809351671432486 0.032582806266779431 0.027999060134601819 -0.019315838166140239 0.13500000000000004 -1.0000000180025095e-35 0.059487671601603738
decision_type=8 10 10 2 10 2 2 10 10 10 10 2 10 10
left_child=1 3 -3 6 5 -5 8 -8 12 -10 -11 -12 -1 -14
right_child=-2 2 -4 4 -6 -7 7 -9 9 10 11 -13 13 -15
leaf_value=-0.005482979849867493 -0.022326697775606228 0.0016129934783846631 0.030296382068035695 -0.020729398107805649 -0.028358022572412333 0.0099661536493779162 0.0086277248453026194 -0.023925120090255766 -0.0095526915548262339 -0.0023603956135144137 0.0095977762708822616 0.034673356034357811 -0.000413723168013833 0.014607048026336618
leaf_weight=101.98859276995063 9.9017676785588247 16.853660251945261 14.697966393083332 14.692747388035057 16.341474486514926 22.821823485195637 12.754003368318079 20.523344662040472 11.740144304931162 11.404836051166056 16.967175733298063 18.447350418195128 84.372129358351231 32.719052736647427
leaf_count=1164 71 139 70 189 140 136 94 188 128 87 108 130 929 361
internal_value=-0.000311019 0.000293829 0.0154951 -0.0010598 -0.0105669 -0.00228197 0.000615597 -0.0115611 0.00211132 0.0116819 0.0170949 0.0232531 -0.000488318 0.00387171
internal_weight=406.226 396.324 31.5516 364.773 53.856 37.5146 310.917 33.2773 277.639 58.5595 46.8194 35.4145 219.08 117.091
internal_count=3934 3863 209 3654 465 325 3189 282 2907 453 325 238 2454 1290
is_linear=0
shrinkage=0.03


Tree=117
num_leaves=15
num_cat=0
split_feature=2 4 3 27 13 10 21 22 10 11 28 27 22 20
split_gain=5.52925 6.58513 7.15103 14.1989 6.10058 7.11066 7.97315 6.4147 6.50045 10.3826 7.8768 5.98837 13.5698 9.62558
threshold=0.056750989282542193 0.0023650802616427906 0.0019919466685733409 -0.033558056982041277 3.1746868128456129 24.345000000000002 0.016189665319509907 2.4850000000000008 19.115000000000006 0.068419944218814491 0.02248136678623951 -0.011761003048674111 1.7650000000000003 -0.063954067535080136
decision_type=10 8 10 8 10 2 10 2 2 10 10 10 2 10
left_child=1 -1 3 -3 5 7 -7 8 10 -10 11 12 -4 -13
right_child=-2 2 4 -5 -6 6 -8 -9 9 -11 -12 13 -14 -15
leaf_value=-0.025247354238910037 -0.018009061444323189 0.042862158400149515 0.0029033105550683534 -0.01666766888604258 0.012292585267294704 -0.0013778347659408482 -0.023849420969731337 -0.011850932181217893 0.019115582294964541 -0.0096161054970386167 -0.016938749329655105 0.024319522217755615 -0.029010763697930632 0.0019042387907661389
leaf_weight=7.817820217460393 14.278108172118662 8.739454720169304 45.471590830944479 5.038537196815013 32.871611209586263 35.201159470714629 22.981355054304004 30.360308412462473 41.007012852467597 14.789580986835061 21.117724986746907 20.37544783949852 15.212748426944016 90.23231468629092
leaf_count=278 70 76 400 138 204 312 215 263 378 153 318 144 132 853
internal_value=-0.000303599 0.00038686 0.000973883 0.0214377 0.00015529 -0.00106237 -0.0105068 0.000940759 0.0025467 0.0114647 -8.5314e-05 0.00207871 -0.00543773 0.00621434
internal_weight=405.495 391.217 383.399 13.778 369.621 336.749 58.1825 278.567 248.206 55.7966 192.41 171.292 60.6843 110.608
internal_count=3934 3864 3586 214 3372 3168 527 2641 2378 531 1847 1529 532 997
is_linear=0
shrinkage=0.03


Tree=118
num_leaves=15
num_cat=0
split_feature=17 13 17 14 5 10 15 28 27 24 6 14 1 1
split_gain=5.72097 8.25519 7.05949 6.29029 6.36747 13.9537 9.26487 12.4376 11.3408 9.446 9.2431 9.11098 11.5387 9.41881
threshold=0.1185319442360858 3.1746868128456129 0.085003869849235483 1.5350000000000004 0.0016155989943026857 22.925000000000004 -0.0097090429285507911 0.01582438337287104 -0.025324856144367521 -0.090971778205726703 0.53223193950611447 2.2950000000000004 0.0063199169546404041 0.012817346995449787
decision_type=8 10 10 2 10 2 10 10 10 10 10 2 10 10
left_child=1 3 -3 -1 6 11 -5 10 9 -9 -8 13 -13 -6
right_child=-2 2 -4 4 5 -7 7 8 -10 -11 -12 12 -14 -15
leaf_value=-0.020955259388074216 -0.021866011741594443 0.0012638734285687944 0.029299728386487041 -0.0049605466211622594 0.016452847441968784 -0.019542454793512375 -0.0086587412720469051 0.0070133003862527842 0.007810255827364743 0.047424711562466144 0.023324102078664741 -0.018624006382848869 0.0060403669044886915 -0.014958003328578334
leaf_weight=12.691667051985858 9.7769574820995313 16.936890365555886 14.630160506814716 72.881308706477284 40.735942935571074 40.854530220851302 42.019325653091073 8.4136948511004466 45.593915480189025 14.572976361960171 9.0386277595534903 33.962558777071536 32.631974181160331 9.9802353624254447
leaf_count=270 71 139 70 783 335 338 384 121 496 114 73 422 260 58
internal_value=-0.000300208 0.000287537 0.0147581 -0.0010066 -0.000227102 -0.00467125 0.00342927 0.00853893 0.0167931 0.0335422 -0.00265764 0.000629184 -0.00662766 0.0101019
internal_weight=404.721 394.944 31.5671 363.377 350.685 158.165 192.52 119.639 68.5806 22.9867 51.058 117.311 66.5945 50.7162
internal_count=3934 3863 209 3654 3384 1413 1971 1188 731 235 457 1075 682 393
is_linear=0
shrinkage=0.03


Tree=119
num_leaves=15
num_cat=0
split_feature=17 13 17 14 5 10 15 28 20 13 6 14 1 1
split_gain=5.46659 7.80729 6.70745 6.04721 6.027 13.2796 8.72285 11.6083 13.7949 10.9097 8.72219 8.57615 11.004 7.60223
threshold=0.1185319442360858 3.1746868128456129 0.085003869849235483 1.5350000000000004 0.0016155989943026857 22.925000000000004 -0.0097090429285507911 0.01582438337287104 -0.069063042001416428 0.61852264372888877 0.53223193950611447 2.2950000000000004 0.0063199169546404041 0.0099179945589111824
decision_type=8 10 10 2 10 2 10 10 10 10 10 2 10 10
left_child=1 3 -3 -1 6 11 -5 10 -9 -10 -8 13 -13 -6
right_child=-2 2 -4 4 5 -7 7 8 9 -11 -12 12 -14 -15
leaf_value=-0.02069409875977872 -0.021472219151661507 0.0012274315454262749 0.028575600674725532 -0.0048256516518644689 0.017178846535455913 -0.019137932060142322 -0.0084422283550851587 -0.011504278225113237 -0.0051668927086106937 0.028552837694772869 0.022572727985003097 -0.018287374935944005 0.005853020928932617 -0.007677298907451436
leaf_weight=12.482093211263416 9.6774344611912948 16.946089694276456 14.577020812779663 72.701777178794146 35.723776744678617 40.493211388587952 41.83258216176182 12.579358158633111 10.226898060180245 46.255844242870808 9.0917722592130286 33.574448751285672 32.697176674380898 15.167938001453875
leaf_count=270 71 139 70 783 296 338 384 111 193 427 73 422 260 97
internal_value=-0.000291128 0.000281658 0.0143636 -0.000977929 -0.00021858 -0.00455319 0.00333318 0.00827577 0.0162008 0.0224638 -0.0025769 0.000606791 -0.006467 0.00976545
internal_weight=404.027 394.35 31.5231 362.827 350.345 157.657 192.688 119.986 69.0621 56.4827 50.9244 117.163 66.2716 50.8917
internal_count=3934 3863 209 3654 3384 1413 1971 1188 731 620 457 1075 682 393
is_linear=0
shrinkage=0.03


Tree=120
num_leaves=15
num_cat=0
split_feature=14 8 4 4 15 28 28 15 8 24 28 27 14 8
split_gain=5.37639 4.39459 5.98801 7.27938 6.71903 6.41685 8.24747 11.6621 7.8089 6.95881 6.89971 9.0572 16.2181 6.63677
threshold=4.7650000000000006 0.048579730740192957 0.0066546033100132081 0.0073023459368579133 0.087587124261287272 0.02248136678623951 0.01582438337287104 0.044133269089180895 -0.023510033805278937 -0.33131581831699736 0.036423021753031588 -0.029717472103449879 3.2950000000000004 0.0057032182274090468
decision_type=2 8 8 10 10 10 10 10 8 8 10 10 2 10
left_child=1 2 4 -4 5 6 13 8 -8 -10 11 12 -7 -1
right_child=-2 -3 3 -5 -6 10 7 -9 9 -11 -12 -13 -14 -15
leaf_value=0.00082007537488623238 -0.022898177888368412 -0.018687624188785855 0.018760586941602233 0.00036417715173282312 -0.025278019446595572 -0.015746411365892155 -0.023252915631318365 0.031893222736560679 -0.018366984753147526 0.0081835294849200262 0.018248402307289257 -0.02800901507298113 0.030214525586285037 -0.014379218287461481
leaf_weight=74.684820753522217 8.6913879262283427 10.340432116761802 30.562262685969472 50.171109683811665 9.477878747507928 23.565370367839932 8.1505793863907439 13.655215563252566 8.8751828856766206 92.308835935778916 6.2631670683622351 20.89851342421025 8.6215351866558176 38.465786668471992
leaf_count=676 185 72 185 302 123 275 113 102 90 875 75 360 110 380
internal_value=-0.000821816 -0.000280883 0.000259642 0.00747261 -0.00166802 -0.000828018 0.00139758 0.00674929 0.00334837 0.00569774 -0.00955981 -0.0131174 -0.00289591 -0.00442766
internal_weight=404.732 396.041 385.7 80.7334 304.967 295.489 236.14 122.99 109.335 101.184 59.3486 53.0854 32.1869 113.151
internal_count=3923 3738 3666 487 3179 3056 2236 1180 1078 965 820 745 385 1056
is_linear=0
shrinkage=0.03


Tree=121
num_leaves=15
num_cat=0
split_feature=14 18 13 18 18 22 19 6 18 3 8 21 11 22
split_gain=5.18642 5.01144 15.9097 6.58882 7.49549 10.7564 13.2239 13.5654 11.5205 12.9243 9.55046 8.23504 8.10986 7.97156
threshold=4.7650000000000006 5.0850000000000009 0.8078129533380346 2.4150000000000005 0.19500000000000003 0.95500000000000007 0.078336181374485073 0.43108587511415525 1.5650000000000002 0.0034407277279203978 0.001828145790899516 0.0039403446282427713 0.14409522835140967 2.5350000000000006
decision_type=2 2 10 2 2 2 8 8 2 8 10 8 10 2
left_child=1 3 -3 4 12 8 7 10 -6 -10 -7 -11 13 -1
right_child=-2 2 -4 -5 5 6 -8 -9 9 11 -12 -13 -14 -15
leaf_value=0.0010891874117438618 -0.022683266371974115 -0.017918627420932861 0.038919846520902766 -0.014688526984925775 -0.022860970439398658 0.018485239730619687 -0.0090406260447056935 0.0081440834172704282 0.023240947645093525 0.010387890310153225 0.062885035026993899 -0.018917703445392002 -0.019431664467271591 -0.017027973780705748
leaf_weight=175.120231596753 8.5225598597899062 6.8626387976110008 9.534308400936423 28.204263786785305 16.853300711140037 9.7561881598085183 14.367825197055934 24.228677177801728 20.231407359242439 14.182475747540591 9.1146469730883819 19.258237035945058 23.599047668278217 23.960200380533934
leaf_count=1323 185 164 73 541 362 108 96 185 126 82 67 191 201 219
internal_value=-0.000805021 -0.00027725 0.0154686 -0.000997621 0.000142164 0.00590102 0.0154175 0.0235911 -0.00196058 0.00490035 0.0420159 -0.00654822 -0.00317952 -0.0011655
internal_weight=403.796 395.273 16.3969 378.877 350.672 127.993 57.4673 43.0995 70.5254 53.6721 18.8708 33.4407 222.679 199.08
internal_count=3923 3738 237 3501 2960 1217 456 360 761 399 175 273 1743 1542
is_linear=0
shrinkage=0.03


Tree=122
num_leaves=15
num_cat=0
split_feature=17 23 23 26 25 2 28 18 18 21 25 3 0 8
split_gain=5.15287 7.24965 7.14511 8.88742 7.12136 7.09342 5.79283 9.26251 14.1631 6.85814 7.6801 5.87671 5.3762 5.15966
threshold=0.042351909172153576 0.031457431646374996 0.049538499201370996 -0.020443108319836419 0.024684855643896209 -0.029565791945855843 0.010940189542239331 0.19500000000000003 0.38500000000000006 0.015857091511608776 0.055406382622521934 0.003909459560453076 -0.00058652185968055537 0.022370433489389278
decision_type=10 8 10 8 10 10 10 2 2 10 10 10 10 10
left_child=2 6 5 -4 -3 -1 -2 9 -9 10 12 -10 -8 -7
right_child=1 4 3 -5 -6 13 7 8 11 -11 -12 -13 -14 -15
leaf_value=0.014777422633513428 0.021380530788248933 0.01712429222754722 0.030107149478156799 -0.0042855591202263657 -0.0085252407674712115 -0.0090372350723364799 -0.012401341381501323 0.031417846020503182 0.0099318832506362278 -0.014357143314019417 0.023665587849772924 -0.013947538072473203 0.0052897509088445814 -0.031591719462465168
leaf_weight=9.3087347652763111 16.69061016663909 10.172842060215769 9.2960691824555379 19.109106307849292 77.826683128252625 87.109904007054865 24.43094134144485 21.563122877851129 24.951315559446812 28.760869074612856 11.970220834016798 13.442797247320412 38.487453332170844 9.5080650784075242
leaf_count=77 99 100 78 217 881 1101 175 145 284 210 59 110 264 123
internal_value=-0.000783376 0.00161867 -0.00555741 0.00761113 -0.00540103 -0.00912682 0.00505573 0.00327056 0.0125529 -0.00216754 0.00264136 0.00142925 -0.00166617 -0.0115577
internal_weight=402.629 268.297 134.332 28.4052 87.9995 105.927 180.297 163.607 59.9572 103.649 74.8886 38.3941 62.9184 96.618
internal_count=3923 2327 1596 295 981 1301 1346 1247 539 708 498 394 439 1224
is_linear=0
shrinkage=0.03


Tree=123
num_leaves=15
num_cat=0
split_feature=25 2 18 13 4 13 2 22 2 22 22 2 25 21
split_gain=4.72364 6.46276 14.1163 9.27475 6.32636 8.27505 6.828 6.94761 8.05517 7.91594 6.21662 5.81764 5.5058 5.45377
threshold=0.015807160562749889 -0.0079374030470251693 0.14500000000000005 0.80108723050838515 0.0065748581555160153 1.16784005522594 0.059571789504752511 2.3450000000000002 0.039930692133824948 2.6150000000000007 2.1950000000000007 -0.0055059026511048428 0.019574419397183667 0.01126239580595172
decision_type=10 10 2 10 10 10 10 2 10 2 2 10 10 10
left_child=11 2 13 -4 6 -6 7 8 10 -9 12 -1 -3 -2
right_child=1 4 3 -5 5 -7 -8 9 -10 -11 -12 -13 -14 -15
leaf_value=-0.031454304897419627 -0.00026302962226558917 0.010593119015901434 -0.0027460620389154577 0.023374639806745773 0.022362817450059337 -0.0020168197502306731 -0.03019444053811432 -0.031096486331065116 0.019291693419593685 0.00089627512041131252 0.018909168883501092 0.004281080890677494 -0.0064654423780838464 -0.024179835214702863
leaf_weight=8.6765577271580678 33.260189598426223 18.226583398878574 16.909504061564803 41.480490208603442 18.683747131377459 34.075465202331543 8.0026598349213582 15.220528952777387 14.488364040851591 12.096896320581434 9.7683018520474416 6.7437072079628697 153.68780843820423 10.575001252815126
leaf_count=128 291 186 188 323 93 199 40 123 77 108 54 68 1934 111
internal_value=-0.000758049 -8.82556e-05 0.00634431 0.0158913 -0.00241574 0.00687218 -0.004553 -0.00350442 -0.00149129 -0.0173979 -0.00324517 -0.0165173 -0.00460607 -0.00644344
internal_weight=401.896 386.476 102.225 58.39 284.25 52.7592 231.491 223.488 196.171 27.3174 181.683 15.4203 171.914 43.8352
internal_count=3923 3727 913 511 2814 292 2522 2482 2251 231 2174 196 2120 402
is_linear=0
shrinkage=0.03


Tree=124
num_leaves=15
num_cat=0
split_feature=14 18 27 18 18 10 2 28 8 3 8 14 5 4
split_gain=4.97576 4.5906 10.4259 6.28687 6.84082 10.0928 9.71581 8.57934 12.3689 7.50252 13.7412 9.24077 7.14079 6.49193
threshold=4.7650000000000006 5.0850000000000009 0.041051778533961698 2.4150000000000005 0.19500000000000003 19.215000000000003 0.0053883754461216968 0.02177021145384252 -0.026051777324811006 0.0027155356663769834 0.00036816517268478682 2.6350000000000002 0.00079557870780696855 0.0058243540830616057
decision_type=2 2 10 2 2 2 10 10 10 8 10 2 8 10
left_child=1 3 -3 4 7 9 -7 13 -9 10 -6 -11 -13 -1
right_child=-2 2 -4 -5 5 6 -8 8 -10 11 -12 12 -14 -15
leaf_value=-0.0042411378597250254 -0.022415441412653402 -0.015856548481931333 0.031691059238900962 -0.014387657899904802 -0.017770775987521619 0.026380013110508728 0.0028744878362038685 0.01879055772698723 -0.020199228212477428 -0.023708777218321868 0.034852385129484791 0.019319068711412635 -0.010270344514140006 0.0077920973993095772
leaf_weight=107.48108106479049 8.311264952644704 5.7338028000667718 10.475425926968454 27.799130382947624 6.6611274853348759 29.569128489121795 33.389049841091037 7.9913859367370597 42.282665537670255 19.963546432554722 10.108720241114495 11.904022913426159 16.063516354188327 63.249732796102762
leaf_count=911 185 133 104 541 140 199 243 61 436 336 105 67 127 335
internal_value=-0.000740402 -0.000225856 0.0149277 -0.000916134 0.000196032 0.00569965 0.014154 -0.00299438 -0.0137559 -0.00261721 0.0141262 -0.00864429 0.00255615 0.000236166
internal_weight=400.984 392.672 16.2092 376.463 348.664 127.659 62.9582 221.005 50.2741 64.7009 16.7698 47.9311 27.9675 170.731
internal_count=3923 3738 237 3501 2960 1217 442 1743 497 775 245 530 194 1246
is_linear=0
shrinkage=0.03


end of trees

feature_importances:
T10Y2Y_lvl=184
vol_60d=172
VIX_vol_20d=114
DFF_lvl=109
DGS10_vol_20d=90
vol_20d=89
DGS10_lvl=89
DFF_vol_20d=80
BRENT_vol_20d=75
zscore_60d=74
DXY_vol_20d=65
BRENT_ret_20d=65
T10Y2Y_vol_20d=61
T10Y2Y_ret_20d=60
DXY_ret_20d=51
ret_20d=45
dist_sma20=45
DFF_ret_20d=44
VIX_lvl=37
T10Y2Y_ret_5d=34
VIX_ret_20d=30
DGS10_ret_5d=30
DGS10_ret_20d=27
DFF_ret_5d=20
ret_5d=18
BRENT_ret_5d=16
VIX_ret_5d=13
DXY_ret_5d=8
ret_1d=5

parameters:
[boosting: gbdt]
[objective: binary]
[metric: binary_logloss]
[tree_learner: serial]
[device_type: cpu]
[data_sample_strategy: bagging]
[data: ]
[valid: ]
[num_iterations: 600]
[learning_rate: 0.03]
[num_leaves: 15]
[num_threads: 0]
[seed: 0]
[deterministic: 0]
[force_col_wise: 0]
[force_row_wise: 0]
[histogram_pool_size: -1]
[max_depth: -1]
[min_data_in_leaf: 80]
[min_sum_hessian_in_leaf: 0.001]
[bagging_fraction: 0.8]
[pos_bagging_fraction: 1]
[neg_bagging_fraction: 1]
[bagging_freq: 5]
[bagging_seed: 3]
[bagging_by_query: 0]
[feature_fraction: 0.8]
[feature_fraction_bynode: 1]
[feature_fraction_seed: 2]
[extra_trees: 0]
[extra_seed: 6]
[early_stopping_round: 0]
[early_stopping_min_delta: 0]
[first_metric_only: 0]
[max_delta_step: 0]
[lambda_l1: 0]
[lambda_l2: 1]
[linear_lambda: 0]
[min_gain_to_split: 0]
[drop_rate: 0.1]
[max_drop: 50]
[skip_drop: 0.5]
[xgboost_dart_mode: 0]
[uniform_drop: 0]
[drop_seed: 4]
[top_rate: 0.2]
[other_rate: 0.1]
[min_data_per_group: 100]
[max_cat_threshold: 32]
[cat_l2: 10]
[cat_smooth: 10]
[max_cat_to_onehot: 4]
[top_k: 20]
[monotone_constraints: ]
[monotone_constraints_method: basic]
[monotone_penalty: 0]
[feature_contri: ]
[forcedsplits_filename: ]
[refit_decay_rate: 0.9]
[cegb_tradeoff: 1]
[cegb_penalty_split: 0]
[cegb_penalty_feature_lazy: ]
[cegb_penalty_feature_coupled: ]
[path_smooth: 0]
[interaction_constraints: ]
[verbosity: -1]
[saved_feature_importance_type: 0]
[use_quantized_grad: 0]
[num_grad_quant_bins: 4]
[quant_train_renew_leaf: 0]
[stochastic_rounding: 1]
[linear_tree: 0]
[max_bin: 255]
[max_bin_by_feature: ]
[min_data_in_bin: 3]
[bin_construct_sample_cnt: 200000]
[data_random_seed: 1]
[is_enable_sparse: 1]
[enable_bundle: 1]
[use_missing: 1]
[zero_as_missing: 0]
[feature_pre_filter: 1]
[pre_partition: 0]
[two_round: 0]
[header: 0]
[label_column: ]
[weight_column: ]
[group_column: ]
[ignore_column: ]
[categorical_feature: ]
[forcedbins_filename: ]
[precise_float_parser: 0]
[parser_config_file: ]
[objective_seed: 5]
[num_class: 1]
[is_unbalance: 0]
[scale_pos_weight: 1]
[sigmoid: 1]
[boost_from_average: 1]
[reg_sqrt: 0]
[alpha: 0.9]
[fair_c: 1]
[poisson_max_delta_step: 0.7]
[tweedie_variance_power: 1.5]
[lambdarank_truncation_level: 30]
[lambdarank_norm: 1]
[label_gain: ]
[lambdarank_position_bias_regularization: 0]
[eval_at: ]
[multi_error_top_k: 1]
[auc_mu_weights: ]
[num_machines: 1]
[local_listen_port: 12400]
[time_out: 120]
[machine_list_filename: ]
[machines: ]
[gpu_platform_id: -1]
[gpu_device_id: -1]
[gpu_use_dp: 0]
[num_gpu: 1]

end of parameters

pandas_categorical:[]
