tree
version=v4
num_class=1
num_tree_per_iteration=1
label_index=0
max_feature_idx=28
objective=binary sigmoid:1
feature_names=ret_1d ret_5d ret_20d vol_20d vol_60d dist_sma20 zscore_60d DXY_ret_5d DXY_ret_20d DXY_vol_20d VIX_lvl VIX_ret_5d VIX_ret_20d VIX_vol_20d DGS10_lvl DGS10_ret_5d DGS10_ret_20d DGS10_vol_20d DFF_lvl DFF_ret_5d DFF_ret_20d DFF_vol_20d T10Y2Y_lvl T10Y2Y_ret_5d T10Y2Y_ret_20d T10Y2Y_vol_20d BRENT_ret_5d BRENT_ret_20d BRENT_vol_20d
feature_infos=[-0.060972338363795675:0.060972338363795675] [-0.075510436066743125:0.053989955360711051] [-0.09151328609306919:0.12112814542233075] [0.00078595146612348899:0.026978972894162453] [0.0015647757292928516:0.016289093016334237] [-0.047754179067705384:0.076712765318792106] [-4.3492367673087893:5.8287795559666522] [-0.079974460780886325:0.052918397191728417] [-0.10161625382829964:0.11629473925670908] [0.0012965675371935925:0.01288712818343282] [9.1400000000000006:82.689999999999998] [-0.55909291210651668:1.1407237740182365] [-0.76225097212909132:1.7991637635396711] [0.21885828147095893:10.231592920176725] [0.52000000000000002:5.2599999999999998] [-0.71149631922814183:0.36396537720141164] [-1.0608719606852626:0.36412376795172297] [0.015861240410776269:0.14514149176434346] [0.040000000000000001:5.4100000000000001] [-1.9924301646902063:1.4170660197866445] [-3.0910424533583156:1.5040773967762742] [0:0.61974082019060694] [-1.0800000000000001:2.9100000000000001] [-2.4849066497879999:2.3978952727983707] [-3.1354942159291492:3.0910424533583152] [0.0085069630922340617:0.13247045350806183] [-0.8686840776068232:0.53680111016925114] [-1.2578486197194674:1.287854288306638] [0.0051420499435602838:0.21913587910708232]
tree_sizes=1700 1745 1753 1753 1754 1759 1756 1759 1770 1739 1749 1755 1758 1747 1744 1751 1752 1753 1755 1749 1770 1768 1760 1741 1762 1763 1759 1762 1765 1761 1771 1759 1755 1753 1756 1775 1767 1760 1762 1772 1774 1766 1761 1764 1753 1753 1764 1759 1762 1767 1762 1763 1761 1763 1762 1759 1769 1773 1761 1772 1756 1771 1765 1768 1765 1771 1774 1774 1772 1763 1777 1757 1755 1771 1753 1766 1776 1763 1769 1766 1766 1765 1770 1772 1760 1768 1750 1767 1775 1763 1762 1785 1761 1788 1764 1768 1764 1779

Tree=0
num_leaves=15
num_cat=0
split_feature=4 27 2 2 15 9 4 13 17 18 5 6 14 1
split_gain=237.841 80.4017 57.5924 48.3742 32.5619 31.9499 20.8062 27.2292 19.2044 16.095 12.7552 9.12251 14.2962 8.99455
threshold=0.0058743903243480911 0.085043486200702137 0.032078665174125172 0.016534826762642844 -0.083381608939051041 0.003422655737183792 0.0040102416005633789 1.0823983361635687 0.032197989411465337 0.14500000000000005 -0.00074268637581626732 1.0414677703907718 2.1950000000000007 8.0867218438474011e-05
decision_type=8 8 10 8 10 10 10 10 10 2 10 10 2 10
left_child=2 3 4 5 -1 -2 11 8 -8 -10 -7 -6 -13 -3
right_child=1 13 -4 -5 6 10 7 -9 9 -11 -12 12 -14 -15
leaf_value=-1.6862287322124596 -1.7284645955164213 -1.7469292341144282 -1.6820653950095539 -1.6362114004431909 -1.7451354163745945 -1.6560426747874988 -1.6779174721525285 -1.7392231818718904 -1.7011290708131077 -1.7393154450284842 -1.697657965556356 -1.709348983218973 -1.7397730150438766 -1.710346664486206
leaf_weight=10.666097342967985 12.079676508903502 12.208183705806734 17.862500369548798 29.171133697032928 196.35899686813354 18.63354355096817 11.694154918193815 63.996584057807922 18.376529157161713 19.404586732387543 12.850719690322878 17.348471581935883 57.956745803356171 10.280575752258299
leaf_count=83 94 95 139 227 1528 145 91 498 143 151 100 135 451 80
internal_value=-1.7235 -1.681 -1.73336 -1.66585 -1.73577 -1.68721 -1.73723 -1.72641 -1.70985 -1.72065 -1.67172 -1.74173 -1.73267 -1.73036
internal_weight=508.888 95.2238 413.665 72.7351 395.802 43.5639 385.136 113.472 49.4753 37.7811 31.4843 271.664 75.3052 22.4888
internal_count=3960 741 3219 566 3080 339 2997 883 385 294 245 2114 586 175
is_linear=0
shrinkage=1


Tree=1
num_leaves=15
num_cat=0
split_feature=4 2 2 22 25 22 3 6 7 7 22 21 24 11
split_gain=219.338 64.0022 52.4211 32.2256 23.4814 18.8755 22.7258 19.1682 16.8738 16.3815 15.0849 12.7674 11.3064 10.3246
threshold=0.0056450395043735994 0.016534826762642844 0.032078665174125172 1.2450000000000003 0.022803508501982747 1.1950000000000001 0.004417729582702575 -1.2894053874949039 0.0038832203782015466 -0.0019006453629684115 1.6850000000000003 0.012586525155532787 -0.13353139262452265 0.017251998567895391
decision_type=8 10 10 2 8 2 10 10 10 8 2 10 10 10
left_child=2 3 5 4 -2 6 -1 11 13 -8 -3 -7 -9 -5
right_child=1 10 -4 8 -6 7 9 12 -10 -11 -12 -13 -14 -15
leaf_value=-0.020735536280174636 0.027871224940426622 0.042689834509086484 0.040618855576748748 0.034906361892094999 -0.027909167765872298 0.041516265719611277 0.036803808585920132 0.019745408741471775 0.063543711511228132 -0.013250858966903053 0.087845400420584016 -0.0031817729323573712 -0.011558763493824937 0.00031450265949913426
leaf_weight=218.1643613576889 10.450364485383036 14.749229371547697 16.396392345428467 22.089250892400742 15.751192197203634 11.55840276181698 10.29716584086418 10.531324729323385 13.28597868978977 11.484622702002527 20.159539327025414 10.365732312202452 111.70233768224716 11.728226408362387
leaf_count=1717 80 109 124 169 122 90 80 82 101 90 149 81 876 90
internal_value=-0.000150758 0.0375454 -0.0104043 0.0211207 -0.00545469 -0.0126821 -0.017822 -0.00406312 0.0357095 0.0109889 0.070487 0.0211661 -0.00872334 0.0232632
internal_weight=508.714 108.214 400.5 73.305 26.2016 384.104 239.946 144.158 47.1035 21.7818 34.9088 21.9241 122.234 33.8175
internal_count=3960 820 3140 562 202 3016 1887 1129 360 170 258 171 958 259
is_linear=0
shrinkage=0.03


Tree=2
num_leaves=15
num_cat=0
split_feature=4 27 2 2 15 22 5 3 13 25 14 6 22 3
split_gain=203.574 66.4578 49.7873 34.4872 30.6019 20.9472 19.0594 14.8131 13.7923 13.2691 12.2148 13.9574 22.9697 9.46863
threshold=0.0058743903243480911 0.085043486200702137 0.032078665174125172 0.015223120927796209 -0.083381608939051041 1.5050000000000001 -0.012352708251701693 0.004417729582702575 1.5642953205696306 0.023407148703876567 2.1950000000000007 -0.65547183145852428 2.4950000000000006 0.0081686768853804353
decision_type=8 8 10 8 10 2 10 10 10 10 2 10 2 8
left_child=2 3 4 6 -1 7 -2 -6 -8 -9 -7 12 -12 -5
right_child=1 -3 -4 13 5 10 8 9 -10 -11 11 -13 -14 -15
leaf_value=0.035648986596280761 0.065167426213874863 -0.0071704248398280022 0.036762785963497739 0.057155000904106558 -0.020009651877765697 0.02388828554605494 0.0014653736923483888 0.023808841680764699 0.039707804497720336 -0.017496879667256871 0.031864221561525553 -0.014615231123412113 -0.016769150835135131 0.098333252014731282
leaf_weight=10.881550341844557 10.935451209545134 22.575634941458702 18.919005781412125 22.19684062898159 246.75007203966379 13.264385312795637 17.785685822367668 13.265319466590883 15.376051962375639 12.771251931786535 17.799835696816444 58.878767520189285 15.462495222687719 11.530848383903502
leaf_count=83 80 175 139 156 1969 103 135 102 114 100 137 465 121 81
internal_value=-0.000136864 0.0379146 -0.00957052 0.050918 -0.011912 -0.0133708 0.0322767 -0.0177463 0.0198405 0.00365012 -0.00198684 -0.00592823 0.00942668 0.0736592
internal_weight=508.393 100.401 407.993 77.8249 389.074 378.192 44.0972 272.787 33.1617 26.0366 105.405 92.1411 33.2623 33.7277
internal_count=3960 741 3219 566 3080 2997 329 2171 249 202 826 723 258 237
is_linear=0
shrinkage=0.03


Tree=3
num_leaves=15
num_cat=0
split_feature=22 2 13 20 28 27 22 24 12 9 6 14 22 22
split_gain=138.114 93.2905 44.567 35.3362 32.5263 26.3485 16.3902 20.7249 16.2378 15.9475 19.1355 13.4512 12.9226 15.0335
threshold=1.2450000000000003 0.025889850541128915 2.7906556763820789 0.10608725997181813 0.016344682118421956 -0.18023046609652257 0.48500000000000004 -0.62638148424768392 -0.019367589914768498 0.0047411046851655253 1.1915633014078562 2.6450000000000005 2.5650000000000004 2.1350000000000002
decision_type=2 8 10 10 10 8 2 10 10 10 10 2 2 2
left_child=5 2 3 8 -5 -1 7 -7 12 10 -9 -3 13 -2
right_child=1 11 -4 4 -6 6 -8 9 -10 -11 -12 -13 -14 -15
leaf_value=0.029309382615128277 0.00090059263445845471 0.039111040182280732 0.05964282006965177 0.055542314754331266 -0.00058159855345191842 -0.020037881702798445 -0.025156318189393682 -0.0015457641088597314 -0.015814008933457236 -0.026567467776671277 0.036577744906700148 0.076548097919071093 -0.017890600606835519 0.030954055872199134
leaf_weight=11.080105148255823 44.574490159749985 23.792633883655071 12.863157719373701 19.095111928880215 17.25143163651228 84.725960947573185 108.27891944348812 46.323164239525795 54.743726924061775 13.713472560048102 14.887956209480761 18.423216946423054 16.585739433765411 21.610507272183895
leaf_count=83 345 169 93 141 134 679 874 366 431 111 114 126 131 163
internal_value=-0.000121934 0.0171071 0.00786863 0.00371892 0.0296015 -0.0142697 -0.0161742 -0.00996368 -0.00328645 0.00154226 0.00816566 0.056842 0.00508903 0.0110282
internal_weight=507.95 228.94 186.724 173.861 36.3465 279.01 267.929 159.651 137.514 74.9246 61.2111 42.2159 82.7707 66.185
internal_count=3960 1733 1438 1345 275 2227 2144 1270 1070 591 480 295 639 508
is_linear=0
shrinkage=0.03


Tree=4
num_leaves=15
num_cat=0
split_feature=4 27 2 9 12 22 3 9 14 6 22 6 18 22
split_gain=179.116 55.845 43.2554 30.4295 20.0804 19.8084 19.8165 20.2831 19.2005 15.5532 18.2163 9.48119 8.64782 11.4712
threshold=0.0058743903243480911 0.085043486200702137 0.032078665174125172 0.0033659575395490922 -0.07084994385194586 1.5750000000000004 0.004417729582702575 0.0039927477831152242 2.1950000000000007 -0.18151926753071032 2.4750000000000005 0.59152669645369405 4.3800000000000008 0.21500000000000002
decision_type=8 8 10 10 10 2 10 10 2 10 2 8 2 2
left_child=2 3 5 -2 -5 6 12 -8 -7 10 -10 -6 13 -1
right_child=1 -3 -4 4 11 8 7 -9 9 -11 -12 -13 -14 -15
leaf_value=-4.8999059415515229e-05 0.011648377346872643 -0.0069745245100593257 0.03289962623299568 0.036550227711321284 0.043937272259803872 0.035815391957684337 0.029106700978440644 -0.020809531845287613 0.027306561336061363 -0.01602853867768262 -0.011357356746416383 0.085363012310702271 -0.027869329249893479 -0.018522833672007046
leaf_weight=37.712408952414989 18.659807041287422 22.440863877534866 19.903482332825661 30.749811738729477 11.41893497109413 10.841635480523108 16.258323691785339 11.808208659291266 21.462290339171886 49.401483260095119 20.613067016005516 21.106778249144554 63.169450528919697 152.00504863262177
leaf_count=306 136 175 139 213 80 82 124 93 160 394 164 137 519 1238
internal_value=-0.000113934 0.0347207 -0.0091957 0.0460868 0.0559034 -0.0114617 -0.0155648 0.00811242 -0.000153397 -0.00475753 0.00854086 0.0725639 -0.0182142 -0.0148701
internal_weight=507.552 104.376 403.175 81.9353 63.2755 383.272 280.953 28.0665 102.318 91.4768 42.0754 32.5257 252.887 189.717
internal_count=3960 741 3219 566 430 3080 2280 217 800 718 324 217 2063 1544
is_linear=0
shrinkage=0.03


Tree=5
num_leaves=15
num_cat=0
split_feature=3 4 22 2 28 28 21 6 4 23 3 16 16 16
split_gain=187.175 52.8495 46.0954 41.0522 34.5214 18.9416 17.5265 16.6079 16.3144 19.4897 19.9922 11.1452 9.6038 9.10258
threshold=0.0043235429893379732 0.0063036758877023273 1.2450000000000003 0.019733758914552094 0.053212209830029965 0.013780081997510974 0.0078806892565143911 0.69442631630123175 0.004933317860591536 -0.023530497410194095 0.0035669754090724777 -1.0000000180025095e-35 0.060306010244821302 0.0027756568649872642
decision_type=8 8 2 10 8 10 10 8 10 10 10 10 10 10
left_child=2 3 -1 12 5 -3 -5 -7 9 10 -4 -11 13 -2
right_child=1 4 8 6 -6 7 -8 -9 -10 11 -12 -13 -14 -15
leaf_value=-0.021124331327528483 -0.0067185791725351629 0.027326253123969094 0.038253144456564261 0.066466704723731534 -0.003688581923447341 0.04110407677444694 0.019291543905437334 0.081310304544924841 0.035572018674337645 -0.02388161319176749 -0.012162044662514559 0.00096266764381751433 -0.023598941618780848 0.0179974846827805
leaf_weight=221.19151601195335 33.593227781355381 23.467886745929718 17.409987963736061 11.314662180840971 12.148510903120039 22.350483246147633 19.681686051189899 22.073627509176731 11.263652563095091 28.768663853406906 10.873527631163595 35.624500662088394 14.797837033867834 20.937507219612598
leaf_count=1830 258 159 136 79 88 158 141 141 83 231 85 283 116 159
internal_value=0.000177473 0.0246085 -0.0134094 0.00993918 0.0426458 0.0508701 0.0380511 0.0624321 0.00305326 -0.00123652 0.0191177 -0.0103324 -0.00299181 0.00292455
internal_weight=505.497 180.365 325.132 100.325 80.0405 67.892 30.9963 44.4241 103.94 92.6767 28.2835 64.3932 69.3286 54.5307
internal_count=3947 1299 2648 753 546 458 220 299 818 735 221 514 533 417
is_linear=0
shrinkage=0.03


Tree=6
num_leaves=15
num_cat=0
split_feature=3 2 22 16 21 26 20 20 6 16 10 9 6 7
split_gain=175.278 47.3388 44.4024 24.6646 18.9968 18.4255 16.3873 14.6741 15.2054 13.1785 10.4265 10.1023 9.77773 9.59408
threshold=0.0043235429893379732 0.019733758914552094 1.2450000000000003 0.069928014112144429 0.0051041778553254221 -0.0081906921927825654 0.0058261873083191315 0.10608725997181813 -1.2894053874949039 0.056677688621018359 15.385000000000003 0.0059061582647632676 0.026565398606280325 0.0033626483401811851
decision_type=8 10 2 8 10 10 10 10 10 10 2 10 10 10
left_child=2 3 -1 4 -2 12 -3 8 -4 13 -11 -5 -6 -10
right_child=1 6 7 11 5 -7 -8 -9 9 10 -12 -13 -14 -15
leaf_value=-0.020811334556053274 -0.0068013820346865799 0.055358884033504481 0.030065293430434927 -0.026399209949859528 0.058513073772295192 0.013354078783034648 0.020865306269162495 0.027504452297321982 -0.02403123729026407 -0.0082276696694351687 0.032669322197257614 0.0096895275855495532 0.022578962807092373 0.0014025632287631754
leaf_weight=217.8486285507679 18.948453664779663 41.817060023546219 10.512233339250086 16.527791164815429 17.397729821503166 43.572897478938103 19.916042037308216 17.14704767614603 34.360217094421387 10.280476316809656 10.553217053413389 10.910722717642782 13.957890905439852 21.273447945713997
leaf_count=1830 143 269 80 131 122 320 134 130 274 81 83 78 102 170
internal_value=0.000177923 0.0235438 -0.0131378 0.0124799 0.0197497 0.0264653 0.0447407 0.00296173 -0.00213422 -0.00689176 0.013036 -0.0122127 0.0437093 -0.0144527
internal_weight=505.024 183.049 321.975 121.315 93.877 74.9285 61.7331 104.127 86.9796 76.4674 20.8337 27.4385 31.3556 55.6337
internal_count=3947 1299 2648 896 687 544 403 818 688 608 164 209 224 444
is_linear=0
shrinkage=0.03


Tree=7
num_leaves=15
num_cat=0
split_feature=3 4 27 1 19 19 28 28 4 7 2 5 7 4
split_gain=164.112 46.1851 38.1046 30.8347 26.5233 18.5352 16.6764 14.8679 22.5536 12.3618 11.5671 10.9693 9.83038 7.32257
threshold=0.0043235429893379732 0.0063757229204524273 0.11947553918797028 0.015119708291404079 -0.10475038745521166 0.061091257407934259 0.01801694886483764 0.013669957591328327 0.0075095202318650493 0.0029617660050860199 0.019733758914552094 0.013509874530510143 -0.0047411779181092397 0.0030546455624857085
decision_type=8 8 8 10 10 10 8 10 10 10 10 8 10 10
left_child=4 3 7 10 9 13 -7 -3 -9 -1 12 -12 -2 -6
right_child=1 2 -4 -5 5 6 -8 8 -10 -11 11 -13 -14 -15
leaf_value=-0.0021968573242548755 0.014335410170896741 0.027210811892044984 -0.0060210711644422387 0.055170251290787085 -0.023357178695415915 0.024161679468147783 -0.015057688254341502 0.076588615074768732 0.030066807069723183 0.038980345757357732 0.038901948063221968 1.5884094224521762e-05 -0.0098182255509924841 -0.013005119459843228
leaf_weight=14.605048201978208 20.707366153597832 22.410134389996529 13.425880417227743 10.811679534614084 128.82899954915047 18.188324518501759 18.902056112885475 26.333938494324684 17.307163849473 10.767987631261347 12.975231543183325 12.254599943757059 49.443862579762936 127.58422149717808
leaf_count=117 156 146 103 72 1099 140 157 162 109 84 88 83 380 1051
internal_value=0.000176418 0.0225291 0.039689 0.00943574 -0.0128684 -0.0154183 0.00430406 0.0489315 0.0592258 0.0160936 0.00373298 0.020735 -0.00258724 -0.0182768
internal_weight=504.546 185.67 79.4771 106.193 318.877 293.504 37.0904 66.0512 43.6411 25.373 95.3811 25.2298 70.1512 256.413
internal_count=3947 1299 520 779 2648 2447 297 417 271 201 707 171 536 2150
is_linear=0
shrinkage=0.03


Tree=8
num_leaves=15
num_cat=0
split_feature=22 2 5 15 13 20 28 23 27 22 24 8 2 25
split_gain=139.04 48.6251 26.4833 19.2789 17.7926 14.9429 15.5921 14.5714 15.2457 14.2844 19.7835 12.3422 12.3027 11.6147
threshold=1.2450000000000003 0.035191583696073898 -0.020300334330204995 -0.087257137623724765 2.6853069961706155 0.13287651368349082 0.016152694977049183 -0.019737696447442301 -0.00089836485985639303 0.48500000000000004 -1.0742172065833933 -0.0078891486616798883 -0.013461179231514906 0.030760107378744354
decision_type=2 8 10 8 10 10 10 10 10 2 10 10 8 10
left_child=3 2 -2 -1 5 7 -7 8 -4 10 -5 -9 -12 -13
right_child=1 -3 4 9 -6 6 -8 11 -10 -11 12 13 -14 -15
leaf_value=0.024410971238869199 0.052129078600929676 0.051374476058588997 -0.00069325183260209857 -0.021610665440739613 0.037123506143498623 0.046181101049313708 0.0023546662750422169 -0.018742028677047631 0.032833686165301794 -0.024870867257144786 0.029237171076051196 -0.014834082023052019 -0.0046485585801196872 0.011620648329357717
leaf_weight=10.047417625784872 12.502944394946097 30.847669422626495 25.603086568415165 72.309712715446949 16.878987081348896 14.304917022585871 14.195495933294294 35.228568159043789 22.259570807218552 103.82591107487679 10.162742763757704 21.209205001592636 69.82652672380209 44.731298975646496
leaf_count=75 81 183 191 615 111 98 109 274 167 897 77 167 563 339
internal_value=0.000178272 0.0168142 0.0114395 -0.0146893 0.00856932 0.00566178 0.0251718 0.00178784 0.015252 -0.0163121 -0.0103533 -0.00466895 -3.54891e-05 0.00301722
internal_weight=503.934 237.762 206.914 266.172 194.411 177.532 28.5004 149.032 47.8627 256.125 152.299 101.169 79.9893 65.9405
internal_count=3947 1720 1537 2227 1456 1345 207 1138 358 2152 1255 780 640 506
is_linear=0
shrinkage=0.03


Tree=9
num_leaves=15
num_cat=0
split_feature=3 22 2 5 15 3 6 22 12 6 22 5 5 5
split_gain=147.06 40.3313 36.7405 24.8748 15.6309 13.4133 13.3055 13.5283 13.5546 13.2658 22.5196 10.2311 14.832 10.3358
threshold=0.0043235429893379732 1.2450000000000003 0.019733758914552094 -0.020300334330204995 0.062520356981333944 0.0081686768853804353 1.1211542803509011 1.6850000000000003 0.059487671601603738 -0.87204975788867323 2.4450000000000007 -0.00041408699646179695 0.0016155989943026857 0.0056424023084579627
decision_type=8 2 10 8 8 10 8 2 8 10 2 10 10 10
left_child=1 -1 3 -2 5 -5 -4 8 -8 10 -3 -11 -13 -14
right_child=2 9 6 4 -6 -7 7 -9 -10 11 -12 12 13 -15
leaf_value=-0.019987794713095926 0.050397978402972519 0.044768603346688217 0.010566161223953674 0.0061820475495821701 -0.02546788026608646 0.039305565789493173 0.050652447510290244 0.062303956868920478 0.0094862229254542383 -0.019225325900001079 -0.011397899847931306 0.034750713803349591 -0.022435229659584249 0.0068082094149963211
leaf_weight=209.26637452095747 12.067615225911139 14.317498780786993 12.859198540449141 88.852987430989742 11.315658450126646 11.66453132778406 13.680199727416039 23.97063934803009 15.248627074062824 23.899356178939342 10.491160526871679 10.228388741612433 15.921974949538706 29.575003936886787
leaf_count=1830 77 105 81 656 86 77 85 137 100 194 82 82 128 227
internal_value=0.000178721 -0.0124181 0.02097 0.0111944 0.00655488 0.0103752 0.0389453 0.0455199 0.0299954 0.00279586 0.0214954 -0.00322471 0.00385554 -0.00368814
internal_weight=503.359 313.7 189.659 123.901 111.833 100.518 65.7587 52.8995 28.9288 104.433 24.8087 79.6247 55.7254 45.497
internal_count=3947 2648 1299 896 819 733 403 322 185 818 187 631 437 355
is_linear=0
shrinkage=0.03


Tree=10
num_leaves=15
num_cat=0
split_feature=4 22 3 26 2 4 12 20 3 22 12 6 8 13
split_gain=144.607 32.5479 31.1536 21.4081 20.3882 17.6923 16.0926 17.0445 15.4921 14.7532 13.9164 10.4971 8.32521 9.76086
threshold=0.005911697174929534 1.2450000000000003 0.0054128394721795784 0.041328664643423448 0.032078665174125172 0.0075095202318650493 -0.11708822250540905 0.10608725997181813 0.0048185805810132638 1.3250000000000004 0.14975820653481622 0.56103216780066834 0.02565103657223711 0.97655069933921623
decision_type=8 2 8 8 10 10 10 10 10 2 8 10 10 10
left_child=1 8 9 5 6 10 -3 12 -1 -2 -4 -7 13 -8
right_child=2 4 3 -5 -6 11 7 -9 -10 -11 -12 -13 -14 -15
leaf_value=-0.018667055631700867 -0.021836002682375382 0.01389245938807528 0.067099267359032697 0.005517175384739878 0.03365911691475687 0.0063086081229049617 -0.0017449541025961284 0.016425284794704204 0.0066776121625555396 0.021887172771610685 0.028008379855192066 0.042378108651414906 0.0088128791470703533 -0.025790279336768182
leaf_weight=209.49737580120564 12.934913426637651 39.846701912581921 31.024326480925083 16.060274608433247 15.050601691007612 15.015960201621057 22.329101152718067 19.19112055003643 23.700576864182949 12.847447380423544 13.953712359070776 13.853459596633909 11.345232382416723 47.589696355164051
leaf_count=1851 105 309 190 108 92 97 174 142 172 84 83 79 89 383
internal_value=-0.000235654 -0.0090107 0.0290604 0.0373154 0.00162647 0.0440648 -0.00202366 -0.00841168 -0.0160737 -4.48554e-05 0.0558449 0.0244564 -0.0144055 -0.0182441
internal_weight=504.241 388.55 115.69 89.9077 155.352 73.8475 140.302 100.455 233.198 25.7824 44.978 28.8694 81.264 69.9188
internal_count=3958 3212 746 557 1189 449 1097 788 2023 189 273 176 646 557
is_linear=0
shrinkage=0.03


Tree=11
num_leaves=15
num_cat=0
split_feature=4 22 27 3 5 25 6 6 3 3 22 14 27 21
split_gain=134.893 31.1864 30.5775 18.7718 16.0224 20.0155 17.1644 15.293 18.6568 14.8939 14.8779 12.9859 11.0909 9.86162
threshold=0.005911697174929534 1.2450000000000003 0.14335464519352351 0.0054128394721795784 0.0056424023084579627 0.032676644892225139 -0.64298400246592469 0.73410067671172252 0.0072666376462165224 0.0048185805810132638 2.4750000000000005 2.6150000000000007 1.0000000180025095e-35 0.020062305898745234
decision_type=8 2 8 8 10 10 10 8 10 10 2 2 10 10
left_child=1 9 3 -2 6 -6 10 8 -5 -1 11 -3 -9 -8
right_child=2 4 -4 7 5 -7 13 12 -10 -11 -12 -13 -14 -15
leaf_value=-0.018364610514877162 0.0059678192460191903 0.0039752582195419156 -0.01302379693585244 0.041099609961547406 -0.010403462020033057 0.029025737634601534 -0.022088974368270019 0.039122237450679838 -0.00018174676017701963 0.0064574615073350163 -0.01305851500632285 0.045686278561745432 0.074449639835864584 0.0036529772291892409
leaf_weight=206.6195537224412 18.891828417778015 14.973399981856348 14.024182453751562 24.301465213298798 17.083465956151485 32.454556211829185 45.439166277647018 30.282550260424614 16.123006142675877 23.805790521204472 15.50718270242214 11.503622740507124 13.889579355716704 18.464067213237286
leaf_count=1851 132 111 111 155 131 226 368 165 103 172 124 80 80 149
internal_value=-0.000224226 -0.00880253 0.0277791 0.0333802 0.00158161 0.0154916 -0.00501002 0.0393606 0.0250279 -0.0157834 0.00975203 0.0231008 0.0516329 -0.0147095
internal_weight=503.363 385.851 117.513 103.488 155.425 49.538 105.887 84.5966 40.4245 230.425 41.9842 26.477 44.1721 63.9032
internal_count=3958 3212 746 635 1189 357 832 503 258 2023 315 191 245 517
is_linear=0
shrinkage=0.03


Tree=12
num_leaves=15
num_cat=0
split_feature=4 22 27 3 5 25 23 3 4 4 25 5 4 5
split_gain=125.977 29.8653 28.1286 16.9955 14.9743 18.4789 14.5646 14.3162 13.0702 13.402 8.89758 8.3194 11.3562 8.87172
threshold=0.005911697174929534 1.2450000000000003 0.14335464519352351 0.0054128394721795784 0.0056424023084579627 0.032676644892225139 -0.049201868792213756 0.0048185805810132638 0.0075095202318650493 0.0063036758877023273 0.023407148703876567 0.0016155989943026857 0.0048907904593633216 -0.00041408699646179695
decision_type=8 2 8 8 10 10 10 10 10 8 10 10 10 10
left_child=1 7 3 -2 6 -6 -3 -1 9 -5 -9 12 13 -8
right_child=2 4 -4 8 5 -7 11 10 -10 -11 -12 -13 -14 -15
leaf_value=-0.018064382140254256 0.0057764258000021843 0.025992332285408832 -0.012768929292605239 0.019836447910309828 -0.010178242589223591 0.027672829028885241 -0.015702904920348797 0.022405627902110332 0.021601744351154972 0.055701009042000836 -0.012929432288820717 -0.025185787105100263 0.017885199230239426 0.013489259060641096
leaf_weight=203.81144400686026 18.964259304106236 11.245129361748694 13.896890938282011 14.232331767678259 16.96163297444582 33.059385076165199 46.996696151793003 12.882321029901506 33.005378112196922 39.118070229887962 11.025376677513121 20.599073834717274 15.80116283893585 10.824572049081324
leaf_count=1851 132 85 111 89 131 226 378 90 195 219 82 167 115 87
internal_value=-0.000213494 -0.00859935 0.026589 0.0318535 0.00153559 0.01489 -0.00487853 -0.015496 0.0374486 0.0466744 0.00624549 -0.00879718 -0.00393569 -0.0101015
internal_weight=502.424 383.207 119.217 105.32 155.488 50.021 105.467 227.719 86.3558 53.3504 23.9077 94.2215 73.6224 57.8213
internal_count=3958 3212 746 635 1189 357 832 2023 503 308 172 747 580 465
is_linear=0
shrinkage=0.03


Tree=13
num_leaves=15
num_cat=0
split_feature=4 22 3 26 3 22 4 28 6 25 6 7 17 6
split_gain=117.638 28.5958 23.7305 17.5259 13.7581 13.7458 12.9097 13.1197 11.6932 16.9122 14.6512 20.0398 12.3832 8.67466
threshold=0.005911697174929534 1.2450000000000003 0.0054128394721795784 0.041328664643423448 0.0048185805810132638 1.3250000000000004 0.0075095202318650493 0.013824552006283441 1.2141069849290231 0.032676644892225139 -0.64298400246592469 0.0017495827266991173 0.056184611104328944 0.56103216780066834
decision_type=8 2 8 8 10 2 10 10 10 8 10 10 10 10
left_child=1 4 5 6 -1 -2 7 -4 10 -10 11 -3 -11 -8
right_child=2 8 3 -5 -6 -7 13 -9 9 12 -12 -13 -14 -15
leaf_value=-0.017766368889364694 -0.021493918789524002 -0.0060964112134514296 0.02093642134253829 0.0039492325669269086 0.0060439586498988052 0.020720953378079214 0.0051826675530959182 0.05753583655422502 -0.015590620379491099 0.048528149101121576 -0.01191955116517497 0.035159193899328325 0.0098720582776956316 0.037330573080864814
leaf_weight=201.07189007103443 12.69633772224188 26.488754823803902 13.833455346524714 16.527553915977478 23.999608665704727 13.076742619276045 15.341605424880983 34.745098292827606 11.362262956798075 12.101057536900045 70.31887798756361 16.400518961250782 18.88351909071207 14.636398926377295
leaf_count=1851 105 199 84 108 172 84 97 189 89 83 570 122 126 79
internal_value=-0.00020585 -0.00839969 0.0254569 0.0323135 -0.0152119 -0.000101014 0.0381564 0.0477461 0.00149112 0.0147491 -0.00355389 0.010121 0.0260145 0.0215769
internal_weight=501.484 380.626 120.857 95.0841 225.071 25.7731 78.5566 48.5786 155.555 42.3468 113.208 42.8893 30.9846 29.978
internal_count=3958 3212 746 557 2023 189 449 273 1189 298 891 321 209 176
is_linear=0
shrinkage=0.03


Tree=14
num_leaves=15
num_cat=0
split_feature=3 22 25 13 6 22 7 7 23 20 8 16 23 26
split_gain=108.491 26.5418 25.767 18.1344 17.7789 17.7571 15.6243 15.6971 14.8306 14.4605 19.4628 17.2 13.2597 11.6588
threshold=0.0043235429893379732 1.2450000000000003 0.039247861936623059 2.3980393413975221 0.7499911658583992 2.3750000000000004 0.0060598782351095623 -0.0019006453629684115 0.04589732463655883 0.056150863789374734 0.0034686076787946445 0.060306010244821302 -0.029457274801495566 -0.0004276701192553744
decision_type=8 2 10 8 8 2 10 10 8 10 8 10 8 8
left_child=1 -1 3 5 8 6 7 13 -4 11 -11 -3 -6 -2
right_child=2 9 4 -5 12 -7 -8 -9 -10 10 -12 -13 -14 -15
leaf_value=-0.01809712035655223 0.046005420905188714 -0.01490290032518011 0.024453222119303671 -0.026579959366214653 0.016501313366898748 -0.016442390904249909 0.040209272992716989 -0.0057066191679536367 -0.012747276638988305 0.039046894869994152 -0.0098707696954627357 0.016414795283765469 0.049591103399431805 0.0055905266927190212
leaf_weight=195.34577614068985 12.052523985505102 55.495938420295715 30.556815586984158 12.263651072978972 17.360740624368191 16.50439728051424 18.751529261469841 30.176253139972687 13.148457460105417 16.248836196959019 12.140417300164701 20.976498924195766 36.153784424066544 13.273977331817152
leaf_count=1830 79 450 195 90 99 128 123 211 93 119 95 159 197 90
internal_value=-0.000194847 -0.011589 0.0168603 0.00630834 0.0278639 0.0109936 0.0172292 0.00889116 0.0132269 0.00059128 0.0185036 -0.00621142 0.039356 0.0258403
internal_weight=500.45 300.207 200.242 103.022 97.2198 90.7587 74.2543 55.5028 43.7053 104.862 28.3893 76.4724 53.5145 25.3265
internal_count=3958 2653 1305 721 584 631 503 380 288 823 214 609 296 169
is_linear=0
shrinkage=0.03


Tree=15
num_leaves=15
num_cat=0
split_feature=4 27 22 3 2 5 2 6 23 9 1 21 8 12
split_gain=101.956 29.5116 28.3182 15.178 14.5968 18.0817 12.8429 13.0069 17.1005 12.0739 11.9959 11.4722 10.1719 8.01346
threshold=0.0058743903243480911 0.13963127557190916 1.5050000000000001 0.0044593998627396048 0.016534826762642844 -0.016009975759489526 0.032078665174125172 -0.059221190842704281 -0.011976191046715668 0.0040138329316321492 0.01317908436428117 0.026781264195605659 -0.0058771677132543046 -0.12576575199357817
decision_type=8 8 2 10 8 10 10 10 10 10 10 10 8 8
left_child=2 4 3 -1 5 -2 7 8 -4 -5 -6 12 -7 -9
right_child=1 -3 6 9 10 11 -8 13 -10 -11 -12 -13 -14 -15
leaf_value=-0.015233288937929397 0.049282681158215179 -0.017585001026448617 0.035418515115642722 0.018890738975532853 0.053561288194293864 0.0018594334437377366 0.032396920839336291 0.011963398028454732 -0.00060925125380809563 -0.014453016173210194 0.020350569265672771 -0.012561997379539131 0.032407747532029664 -0.014153236158941054
leaf_weight=223.25637975335121 13.613083139061926 12.884033545851706 17.921253569424152 22.459061272442341 29.592681214213371 17.501822881400585 12.972549036145208 13.041330896317957 31.670105122029781 15.82082539796829 17.074690729379654 13.002586610615252 21.700773060321808 43.374619349837303
leaf_count=2074 75 104 128 158 154 112 73 102 241 116 86 93 133 349
internal_value=0.000993058 0.0243462 -0.0067448 -0.0122502 0.0292616 0.0196706 0.0053581 0.00177741 0.0128532 0.00509287 0.042092 0.0111678 0.0191551 -0.0080128
internal_weight=505.886 125.37 380.516 261.536 112.486 65.8183 118.98 106.007 49.5914 38.2799 46.6674 52.2052 39.2026 56.416
internal_count=3998 757 3241 2348 653 413 893 820 369 274 240 338 245 451
is_linear=0
shrinkage=0.03


Tree=16
num_leaves=15
num_cat=0
split_feature=4 22 22 6 3 3 25 17 1 28 1 10 11 17
split_gain=95.2982 27.1657 19.6716 20.8822 20.6541 17.9218 15.6964 21.1562 13.9647 13.2542 8.68992 8.0584 7.90926 7.2194
threshold=0.0058743903243480911 1.3450000000000004 1.2050000000000003 0.73410067671172252 0.0051862735866230305 0.0048185805810132638 0.044909265249647022 0.073575954310029973 -0.012199879850741 0.01870190033674915 0.01317908436428117 20.485000000000003 -0.089762974965996042 0.067829117883463338
decision_type=8 2 2 8 10 10 10 10 10 10 10 2 10 10
left_child=1 5 4 8 -2 11 12 -8 -4 -7 -5 -1 -3 -13
right_child=2 6 3 10 -6 9 7 -9 -10 -11 -12 13 -14 -15
leaf_value=-0.019381715281838487 -0.025695673370745496 -0.016141735409189742 0.040518820480345552 0.055243709986074377 0.022980168591998001 0.030933219779305951 0.049253271346341353 0.0010324019327671069 0.0065276957425871463 -0.011034306127213487 0.025286259387060531 0.001996142417390565 0.0025493701063453063 -0.020427813118308109
leaf_weight=152.02533224225044 12.796744145452978 25.470897540450096 14.57359606772661 27.885113880038261 17.197525382041931 12.824270308017732 13.286571174859999 19.287482134997845 37.777562439441681 12.515161484479902 16.536979705095291 36.449657745659351 87.652788989245892 18.887177757918835
leaf_count=1444 110 198 84 141 104 86 89 142 236 93 82 343 670 176
internal_value=0.000970864 -0.00657767 0.0233783 0.0298989 0.00205411 -0.0129177 0.00356739 0.0215823 0.0165723 0.0105735 0.0448937 -0.0158253 -0.00176368 -0.00588419
internal_weight=505.167 378.399 126.768 96.7733 29.9943 232.702 145.698 32.5741 52.3512 25.3394 44.4221 207.362 113.124 55.3368
internal_count=3998 3241 757 543 214 2142 1099 231 320 179 223 1963 868 519
is_linear=0
shrinkage=0.03


Tree=17
num_leaves=15
num_cat=0
split_feature=4 22 27 3 25 17 9 28 9 5 13 5 2 1
split_gain=89.1658 25.906 24.5719 17.1262 14.6256 19.1821 13.9778 12.3059 9.09397 14.2216 8.84181 8.37704 9.01325 8.28483
threshold=0.0058743903243480911 1.3450000000000004 0.12607159276214855 0.0048185805810132638 0.044909265249647022 0.073575954310029973 0.0033659575395490922 0.01870190033674915 0.0052445287498554963 -0.002006519647077625 1.0771535256680294 0.0016155989943026857 0.012963716480408395 -0.013020835284265784
decision_type=8 2 8 10 10 10 10 10 10 10 10 10 8 10
left_child=1 3 6 -1 8 -6 -2 -5 9 10 -3 -11 -13 -8
right_child=2 4 -4 7 5 -7 13 -9 -10 11 -12 12 -14 -15
leaf_value=-0.015543086437374268 0.0052899266391956213 0.003616740938722037 -0.011992513053069746 0.029528832898670501 0.046551470493025542 0.0010022977954919205 0.050948166117259622 -0.010803105794333873 -0.016836349847002826 0.034126267900035728 -0.02430784446397628 -0.0095770358997251809 0.020156192396381063 0.027256061456135742
leaf_weight=204.90129623562098 21.447507195174694 20.2974658831954 15.756276503205298 13.074791058897974 13.687657848000525 19.300611943006516 18.048777520656586 12.422336831688879 26.269141376018524 12.436776347458361 19.076989136636257 16.764496572315696 18.149299211800095 72.811862170696259
leaf_count=1963 137 147 124 86 89 142 94 93 203 97 158 135 128 402
internal_value=0.00094717 -0.00641626 0.0224703 -0.012661 0.00345863 0.0207154 0.0273684 0.0102128 -0.00171694 0.00300247 -0.0101797 0.013948 0.00601011 0.0324657
internal_weight=504.445 376.381 128.064 230.398 145.982 32.9883 112.308 25.4971 112.994 86.725 39.3745 47.3506 34.9138 90.8606
internal_count=3998 3241 757 2142 1099 231 633 179 868 665 305 360 263 496
is_linear=0
shrinkage=0.03


Tree=18
num_leaves=15
num_cat=0
split_feature=3 22 2 5 13 10 25 13 9 16 23 26 21 21
split_gain=82.9799 28.6722 23.3987 18.1687 17.0319 20.3497 15.3991 13.9767 11.6561 11.5105 10.7429 10.0544 8.84742 7.21483
threshold=0.0042364767870688201 1.1850000000000003 0.019733758914552094 -0.020300334330204995 1.0623038506849984 26.265000000000004 0.04681992074783551 1.055469694545359 0.0053234525025419232 0.069928014112144429 -0.008510689667908659 0.011342032342513077 0.0098340395201285489 0.006863327411521414
decision_type=8 2 10 8 10 2 10 10 10 8 8 10 10 10
left_child=1 -1 3 -2 -4 -6 7 8 12 10 13 -12 -3 -5
right_child=2 6 4 9 5 -7 -8 -9 -10 -11 11 -13 -14 -15
leaf_value=-0.017068095039739245 0.037598022539764506 0.0334273514086528 0.048896320256827046 0.0040697459176545318 -0.0029356430840170649 0.034070277577845726 0.026421089076331609 -0.013857244912780699 -0.01790906800285735 -0.013856927132789061 0.0097346737425194427 -0.015537611924048659 0.0027233125725393235 0.029553788782717395
leaf_weight=177.4276060834527 15.005915671586989 15.823907539248465 23.692949645221233 16.838261246681213 23.338491134345531 29.867128536105156 18.76302631944418 47.555849432945251 9.8603688254952413 25.892222419381142 34.965673759579659 22.377010241150856 17.351263664662838 24.99121480435133
leaf_count=1746 84 112 130 120 139 151 138 399 82 191 239 162 141 164
internal_value=0.000923462 -0.00965402 0.0148846 0.00749112 0.0280826 0.018083 0.00242098 -0.00278404 0.00948906 0.00360914 0.00826205 -0.000224686 0.0179181 0.0196298
internal_weight=503.751 286.782 216.969 140.07 76.8986 53.2056 109.354 90.5914 43.0355 125.064 99.1722 57.3427 33.1752 41.8295
internal_count=3998 2618 1380 960 420 290 872 734 335 876 685 401 253 284
is_linear=0
shrinkage=0.03


Tree=19
num_leaves=15
num_cat=0
split_feature=3 22 2 16 13 10 6 21 26 1 7 20 13 16
split_gain=78.0464 27.5069 21.5706 15.7214 15.3103 18.7927 14.7183 11.9309 15.0344 14.7901 11.4335 10.4383 8.24969 8.20479
threshold=0.0042364767870688201 1.1850000000000003 0.019733758914552094 0.069928014112144429 1.0623038506849984 26.265000000000004 -0.65547183145852428 0.0051041778553254221 0.0033423644305665694 -0.0095906533367209317 0.0017495827266991173 -0.15450242096030117 1.1079344098666317 0.1239118630854925
decision_type=8 2 10 8 10 2 10 10 10 8 10 10 10 10
left_child=1 -1 3 7 -4 -6 10 -2 9 -9 -3 -8 -11 -5
right_child=2 6 4 13 5 -7 11 8 -10 12 -12 -13 -14 -15
leaf_value=-0.016780557373757082 -0.0070738063123024497 0.0055000251190325958 0.046393884623840052 -0.02661755919317051 -0.0028556349288243878 0.032614272987778872 0.020150140787795146 0.053032431691038814 0.0030551515868745801 -0.0028851575268545198 0.042958400133974679 -0.0092849599214551888 0.026631333443184215 0.006339417208355653
leaf_weight=175.10641837865114 22.836370050907135 20.236752152442936 24.266644261777401 15.518979184329512 23.30119975656271 30.302282139658928 11.954102776944636 13.938662543892859 40.26598359644413 12.528928726911543 10.826372608542441 66.445862770080566 24.49753350764513 11.008274190127848
leaf_count=1746 169 155 130 118 139 151 91 78 275 87 80 546 154 79
internal_value=0.000901374 -0.00943912 0.0143524 0.00724691 0.0269268 0.0174257 0.00235046 0.0120772 0.0168957 0.0275614 0.019488 -0.00459956 0.0168304 -0.0132076
internal_weight=503.034 284.57 218.465 140.595 77.8701 53.6035 109.463 114.067 91.2311 50.9651 31.0631 78.4 37.0265 26.5273
internal_count=3998 2618 1380 960 420 290 872 763 594 319 235 637 241 197
is_linear=0
shrinkage=0.03


Tree=20
num_leaves=15
num_cat=0
split_feature=4 15 21 4 13 7 2 9 26 17 14 13 16 21
split_gain=75.1389 21.5713 18.0755 16.2811 17.1787 16.6498 16.8742 12.6647 12.4315 11.03 10.1935 9.99034 9.80171 9.79663
threshold=0.005911697174929534 -0.083381608939051041 0.0051041778553253805 0.0030641019044173935 0.99902081144584964 0.0065468929551593122 0.014433428836671204 0.0034412938762184843 0.041328664643423448 0.047234019525537518 2.4850000000000008 0.82167364358616168 -0.016000796528761792 0.0060480531882803083
decision_type=8 10 10 10 10 10 10 10 10 10 2 10 10 10
left_child=1 -1 -2 -3 5 6 10 -6 -4 -9 -5 -7 -12 -11
right_child=2 3 8 4 7 11 -8 9 -10 13 12 -13 -14 -15
leaf_value=0.031297039509318975 -0.009210083684092759 -0.016453299200088204 0.029350738329225405 -0.022063096487881077 0.0061447792124050089 0.047433401194748835 0.027499390661126815 -0.030539146301624173 0.0015511068075957529 0.012280846588900815 -0.015312943686329168 0.0061655274068161854 0.014508475021117561 -0.014162535196413209
leaf_weight=12.422914132475851 15.358941338956354 119.40668781101704 92.245201818645 23.499854572117329 33.334954857826233 11.406498670578005 15.09980223327875 28.495431862771511 17.274791352450848 15.164203047752379 15.636081025004385 9.7834207415580732 23.612581342458725 58.571747601032257
leaf_count=93 110 1185 503 213 283 95 95 247 110 120 128 74 182 480
internal_value=0.000767899 -0.00608666 0.0207699 -0.00748299 -0.00286691 0.00659252 5.75249e-05 -0.00977519 0.0250196 -0.0149755 -0.00687387 0.0295165 0.00254278 -0.00863275
internal_weight=491.313 366.434 124.879 354.011 234.605 99.0382 77.8483 135.566 109.52 102.231 62.7485 21.1899 39.2487 73.736
internal_count=3918 3195 723 3102 1917 787 618 1130 613 847 523 169 310 600
is_linear=0
shrinkage=0.03


Tree=21
num_leaves=15
num_cat=0
split_feature=4 27 4 28 6 20 10 4 1 16 26 25 23 27
split_gain=70.2888 21.9237 19.9908 15.7641 19.383 15.0252 12.476 14.1693 10.7996 11.1396 13.2438 12.1742 9.85706 8.30188
threshold=0.0060534335557945133 0.12607159276214855 0.0030641019044173935 0.020692108665091264 1.0531682743080124 0.0058261873083191315 17.320000000000004 0.0033678325159972361 0.0022555463615581144 -0.01698795645149442 0.016113021161178857 0.027241609041278904 -0.035014685586275178 -0.06121372196980656
decision_type=8 8 10 10 10 10 2 10 10 10 10 10 10 10
left_child=2 -2 13 4 8 -6 -5 -8 9 12 11 -11 -4 -1
right_child=1 -3 3 6 5 -7 7 -9 -10 10 -12 -13 -14 -15
leaf_value=-0.0023626480443361287 0.025931547444652443 -0.01243062637564606 0.011192338106886425 -0.02601894442168922 0.031244629417622717 -0.0049107799246513664 0.02793932463814652 -0.0099371493166904336 -0.015298791169327006 0.045404506936858047 -0.0062091883504569552 0.0069472675456512369 -0.020506440586938311 -0.020201230796119334
leaf_weight=32.111133575439453 101.70719638466835 14.814571492373942 13.44108324497938 31.222376003861427 33.432944647967815 14.437010832130907 10.153809353709219 42.86469604074955 36.582144804298878 13.551251575350763 18.82888089120388 15.972387135028837 22.19532074034214 89.379423350095749
leaf_count=310 548 119 118 282 224 107 95 338 295 111 155 124 191 901
internal_value=0.000745683 0.0209899 -0.00559776 -0.000773086 0.0045239 0.0204632 -0.0112933 -0.00230033 -0.00192071 0.00401769 0.0132816 0.0255082 -0.00857136 -0.0155441
internal_weight=490.694 116.522 374.172 252.682 168.441 47.87 84.2409 53.0185 120.571 83.9889 48.3525 29.5236 35.6364 121.491
internal_count=3918 667 3251 2040 1325 331 715 433 994 699 390 235 309 1211
is_linear=0
shrinkage=0.03


Tree=22
num_leaves=15
num_cat=0
split_feature=3 22 13 26 22 10 16 7 16 21 2 18 19 2
split_gain=57.5809 20.3512 19.9918 16.9831 11.7291 11.6121 11.1415 11.0004 11.0221 10.2911 14.6868 13.1614 10.196 9.49288
threshold=0.0043235429893379732 1.2050000000000003 0.97655069933921623 -0.031669248420358002 2.5650000000000004 18.715000000000003 -0.0056417751301874866 -0.0035272160876895771 0.037128604952979601 0.0060480531882803456 0.017966208388158881 0.10500000000000002 0.087375145648818278 -0.0061718051490120543
decision_type=8 2 10 8 2 2 8 10 10 10 10 2 8 10
left_child=1 5 7 6 9 -1 -2 -3 -9 10 -5 -11 13 -4
right_child=3 2 12 4 -6 -7 -8 8 -10 11 -12 -13 -14 -15
leaf_value=-0.020179221909779287 0.036982222216979527 -0.0015441868316176763 -0.031342664091867679 -0.016985922581534221 -0.017450414536535026 -0.0035786305624938767 0.0064001768184720597 0.010502646808098062 0.048893578857995904 0.030982390068580046 0.018945268890414011 0.0079073232181368081 0.018725502350013107 -0.0049852308867150844
leaf_weight=112.68478005379438 34.53470005095005 17.453757271170616 17.304101802408695 24.312516517937183 14.259460836648939 57.658636130392551 16.04614195972681 15.262873373925688 12.14032658934593 31.952065832912922 16.205432280898094 71.742252387106419 9.5508208945393545 38.97911836206913
leaf_count=1165 190 132 147 182 113 579 99 115 90 170 85 454 74 323
internal_value=0.000721794 -0.00813602 0.00187437 0.0126116 0.00768695 -0.0146139 0.0275926 0.0171138 0.0286334 0.0102755 -0.00250482 0.0152456 -0.00860991 -0.0134944
internal_weight=490.087 281.034 110.691 209.053 158.472 170.343 50.5808 44.857 27.4032 144.212 40.5179 103.694 65.834 56.2832
internal_count=3918 2625 881 1293 1004 1744 289 337 205 891 267 624 544 470
is_linear=0
shrinkage=0.03


Tree=23
num_leaves=15
num_cat=0
split_feature=3 22 13 6 16 21 10 18 9 25 19 10 1 18
split_gain=54.1612 19.4875 18.7579 13.8505 13.2465 12.1603 11.2687 11.1119 12.4251 13.5852 10.0109 9.57486 9.38149 9.3395
threshold=0.0043235429893379732 1.2050000000000003 0.97655069933921623 1.1772399170802894 0.068736242285891938 0.0045883146773946443 18.715000000000003 1.8600000000000003 0.0043785914423502079 0.053792975475672626 0.090617595290866895 17.395000000000003 -0.017351766007205113 0.19500000000000003
decision_type=8 2 10 8 10 10 2 2 10 10 8 2 8 2
left_child=1 6 11 4 5 -2 -1 8 -5 -10 -4 -3 -7 -14
right_child=3 2 10 7 -6 12 -8 -9 9 -11 -12 -13 13 -15
leaf_value=-0.019893421799408811 -0.01486176378096646 0.007748217895157861 -0.013284469053738228 0.049479990478581273 -0.012286543131454006 0.037884214361032072 -0.0034827261386465051 0.0031979005569978299 -0.0003965207663280521 0.033418935933125789 0.018666591768635405 0.038548910319298281 0.003907655524751529 0.027198462487162713
leaf_weight=110.91589321196079 13.413505196571348 33.493684217333794 55.886930011212826 17.166253551840782 27.264308884739876 12.809274196624754 57.499000050127506 21.697518423199654 18.683118745684624 23.927762776613235 9.5421025902032834 11.851289436221121 54.30056469142437 20.928135059773922
leaf_count=1165 101 255 471 88 194 68 579 134 106 113 73 82 350 139
internal_value=0.000702515 -0.00794602 0.00182279 0.0121733 0.00596828 0.0109462 -0.0143442 0.0217849 0.0283679 0.0189231 -0.0084139 0.0164563 0.015001 0.0106588
internal_weight=489.379 279.189 110.774 210.19 128.716 101.451 168.415 81.4747 59.7771 42.6109 65.429 45.345 88.038 75.2287
internal_count=3918 2625 881 1293 852 658 1744 441 307 219 544 337 557 489
is_linear=0
shrinkage=0.03


Tree=24
num_leaves=15
num_cat=0
split_feature=4 15 27 28 4 13 13 16 13 9 10 9 12 12
split_gain=60.202 19.3699 18.7838 15.3405 19.622 14.9962 14.5163 15.8646 19.6147 12.7911 9.20512 8.27983 10.3476 8.0349
threshold=0.005911697174929534 -0.083381608939051041 0.12607159276214855 0.020692108665091264 0.0031717345711136085 0.99902081144584964 0.6697302432395732 -0.010389773946901213 0.81608134776813845 0.0034412938762184843 17.320000000000004 0.0033205201657517235 -0.07084994385194586 -0.14194749998227515
decision_type=8 10 8 10 10 10 10 10 10 10 2 10 10 10
left_child=1 -1 11 4 -3 6 -6 -8 -9 -7 -5 -2 -13 -11
right_child=2 3 -4 10 5 9 7 8 -10 13 -12 12 -14 -15
leaf_value=0.029371191372747116 0.0050906342489498539 -0.014359216500951037 -0.012642378951978443 -0.025012606526509596 -0.0035487037852311009 0.011616571075725864 -0.0017716511244942497 0.065413545260348593 0.015943630206329919 0.0069043313771812668 -0.0078191597194102683 0.015610108913962384 0.036181912220149229 -0.020166307063181697
leaf_weight=12.747248396277426 20.969499066472054 81.10526505112648 14.997225180268286 52.857720486819744 27.932266779243946 26.040594696998596 14.902526669204233 11.356933414936067 19.542699173092842 12.438381858170031 61.25435483455658 45.970026701688766 46.490594632923603 39.993238627910614
leaf_count=93 126 837 122 525 216 221 115 80 138 99 545 248 227 326
internal_value=0.00068877 -0.00560367 0.0182427 -0.00696753 -0.00253405 0.00381974 0.0134475 0.0236669 0.0356066 -0.0052821 -0.0159314 0.022401 0.0262304 -0.0137353
internal_weight=488.599 360.171 128.427 347.424 233.312 152.207 73.7344 45.8022 30.8996 78.4722 114.112 113.43 92.4606 52.4316
internal_count=3918 3195 723 3102 2032 1195 549 333 218 646 1070 601 475 425
is_linear=0
shrinkage=0.03


Tree=25
num_leaves=15
num_cat=0
split_feature=22 4 3 26 9 7 27 6 2 4 22 24 10 26
split_gain=51.4344 26.5769 22.2671 12.4465 10.6737 12.2866 10.8657 10.7828 18.0331 10.2035 9.32072 15.3158 10.9718 10.4042
threshold=1.2050000000000003 0.0056450395043735994 0.0050581217896854243 -0.031669248420358002 0.005389938328128111 0.0015075580248868905 0.034719381527338118 -0.64298400246592469 0.011441095647721557 0.0090987983803097264 0.48500000000000004 -0.2098014436774476 20.665000000000003 -0.020443108319836419
decision_type=2 8 10 10 10 10 10 10 10 10 2 10 2 10
left_child=2 4 10 -3 5 -2 -6 -7 -9 -5 11 12 -1 -13
right_child=1 3 -4 9 6 7 -8 8 -10 -11 -12 13 -14 -15
leaf_value=-0.023500314213633109 -0.0036517282879184403 0.038184768003246786 0.0098758957805554597 0.02020711023006189 -0.020978569914727116 0.037117288971435305 0.011709151508844455 -0.0096506133134663628 0.030923279539570574 -0.0033707078454590527 -0.02259041758842625 0.02931727347243054 0.0048328490549452386 -0.0037220327197396682
leaf_weight=55.659289993345737 59.898197136819363 25.354918830096722 39.406518027186394 63.789267838001251 30.886568613350391 14.600599244236944 12.085888162255285 22.912117026746273 15.866579554975031 21.825434848666191 78.542853802442551 10.81518170237541 15.323879286646841 30.657373078167439
leaf_count=589 468 121 245 348 239 105 88 192 112 118 835 99 150 294
internal_value=-0.00010335 0.00883748 -0.0104661 0.0199931 0.000837912 0.00566578 -0.011728 0.0159961 0.00731053 0.014227 -0.0146926 -0.00902609 -0.0174016 0.00538134
internal_weight=497.625 267.22 230.405 110.97 156.25 113.277 42.9725 53.3793 38.7787 85.6147 190.999 112.456 70.9832 41.4726
internal_count=4003 1791 2212 587 1204 877 327 409 304 466 1967 1132 739 393
is_linear=0
shrinkage=0.03


Tree=26
num_leaves=15
num_cat=0
split_feature=22 4 3 26 9 5 28 20 28 17 28 3 8 9
split_gain=48.614 24.7165 21.2274 11.4816 10.1059 11.544 9.50432 12.2744 12.1644 9.43473 9.30953 9.25651 12.0359 12.001
threshold=1.2050000000000003 0.0056450395043735994 0.0050581217896854243 -0.031669248420358002 0.0054387738500433665 0.011368814548620956 0.013422521433767176 -0.068918626925229085 0.010646906289949741 0.054612269351489114 0.017557864264130984 0.004747045485319761 0.002126908006307993 0.0048679060773131619
decision_type=2 8 10 10 10 10 10 10 10 10 10 10 10 10
left_child=2 4 -1 -3 5 11 8 -8 -5 -9 -6 12 -2 -14
right_child=1 3 -4 6 10 -7 7 9 -10 -11 -12 -13 13 -15
leaf_value=-0.014424727811860338 -0.0065938381006090665 0.036592544386901675 0.0095344459421887844 0.019031822847047315 0.010039751902747477 0.02557047078893222 0.0014356593638298258 0.047418646992721164 -0.014885788069141877 0.014280962402732867 -0.020764173349638506 -0.016282620142968558 0.026819818302987485 -0.010246676733112442
leaf_weight=188.7957980632782 35.775900907814503 25.702466994524002 39.625628769397736 17.762265481054783 11.798755690455435 19.871597304940224 17.337616167962551 17.209153287112713 18.324216991662979 15.554399877786635 29.03107051551342 20.843808300793171 28.885269582271576 10.05924306809902
leaf_count=1967 293 121 245 99 82 129 94 88 99 86 231 159 227 83
internal_value=-9.85399e-05 0.00855036 -0.0102449 0.0192464 0.000818048 0.00535681 0.0137131 0.0220385 0.00187195 0.0325755 -0.0118354 0.000932315 0.00588616 0.0172288
internal_weight=496.577 268.156 228.421 111.89 156.266 115.436 86.1877 50.1012 36.0865 32.7636 40.8298 95.5642 74.7204 38.9445
internal_count=4003 1791 2212 587 1204 891 466 268 198 174 313 762 603 310
is_linear=0
shrinkage=0.03


Tree=27
num_leaves=15
num_cat=0
split_feature=22 4 3 21 4 4 7 13 9 25 22 24 10 28
split_gain=45.9436 23.0695 20.2266 13.6388 12.0231 14.024 10.0922 11.1768 11.9573 10.6547 9.22855 14.8511 10.7554 10.0797
threshold=1.2050000000000003 0.0056450395043735994 0.0050581217896854243 0.0060480531882803274 0.0071863052264146679 0.0068381534546910249 0.013505133796583914 1.5742590541827568 0.0056982174319201856 0.044659530720894521 0.48500000000000004 -0.2098014436774476 20.665000000000003 0.019778676351514216
decision_type=2 8 10 10 10 8 10 10 10 10 2 10 2 10
left_child=2 6 10 -3 5 -5 7 8 9 -2 11 12 -1 -13
right_child=1 3 -4 4 -6 -7 -8 -9 -10 -11 -12 13 -14 -15
leaf_value=-0.02306690577905127 0.0029034937563413516 -0.0080501988826538612 0.0092067779614825578 0.019820057434558013 0.012545364614386285 0.055129001315686099 0.020778812234306634 -0.015896445679573191 -0.022065209210756418 0.032406709481663624 -0.022140647663446054 0.017196423191045786 0.0051372954322092016 -0.012563710662105545
leaf_weight=54.019125960767269 74.67476861923933 14.587992772459982 39.837127692997456 28.167150534689426 53.227935567498207 16.726022824645042 18.873248055577278 37.208492919802666 13.562090031802652 11.976572938263415 76.276452153921127 25.299855425953865 15.211688965559004 15.872980043292044
leaf_count=589 566 77 245 157 279 74 135 302 118 83 835 240 150 153
internal_value=-9.24444e-05 0.00827628 -0.0100236 0.0185573 0.0225544 0.0338898 0.000791486 -0.00208381 0.0031511 0.0073045 -0.0141545 -0.0084877 -0.0168848 0.00569742
internal_weight=495.522 269.004 226.517 112.709 98.1211 44.8932 156.295 137.422 100.213 86.6513 186.68 110.404 69.2308 41.1728
internal_count=4003 1791 2212 587 510 231 1204 1069 767 649 1967 1132 739 393
is_linear=0
shrinkage=0.03


Tree=28
num_leaves=15
num_cat=0
split_feature=3 19 4 28 4 2 15 16 2 4 28 26 21 13
split_gain=42.4 16.5423 13.7665 12.819 14.5101 11.2079 9.92689 9.81128 9.47636 8.91713 8.89805 11.9277 10.0685 14.3386
threshold=0.0042077391487710314 -0.10536051565782655 0.0063757229204524273 0.013422521433767176 0.0075095202318650493 0.019973163140549758 -0.0052770938393451585 -1.0000000180025095e-35 -0.0204324483713707 0.0023743393538635778 0.019651907216868176 0.052512835518386376 0.010606077507492073 1.0771535256680294
decision_type=8 10 8 10 10 10 10 10 10 10 10 10 10 10
left_child=1 7 5 -4 6 8 -5 -1 -2 -3 11 12 13 -11
right_child=2 9 3 4 -6 -7 -8 -9 -10 10 -12 -13 -14 -15
leaf_value=-0.0031813739249780351 0.014487606893579348 -0.026115300048332946 0.00053823877704984474 0.048953763436945061 0.0081833752488677438 0.0144964169236053 0.018351514124955545 0.034805788483024645 -0.0092407961080122839 0.018934655290434234 -0.015334302423439824 0.029247393314578304 -0.01359390492911129 -0.013239770606833711
leaf_weight=12.232198163866999 18.733256876468658 28.62657668441534 28.832592956721783 22.335436373949051 30.853481873869896 45.905548222362995 19.303585961461067 10.94615115970373 64.658532209694386 26.696534350514412 92.924331501126289 8.5581391155719739 62.083091892302036 21.733417145907879
leaf_count=102 123 324 160 104 170 258 95 88 499 229 942 87 621 201
internal_value=-8.8874e-05 -0.00828861 0.00928579 0.0175097 0.0241607 0.0027561 0.0355299 0.0154559 -0.0038019 -0.0106303 -0.00842656 -0.00295288 -0.00568639 0.00452032
internal_weight=494.423 263.8 230.622 101.325 72.4925 129.297 41.639 23.1783 83.3918 240.622 211.996 119.071 110.513 48.43
internal_count=4003 2594 1409 529 369 880 199 190 622 2404 2080 1138 1051 430
is_linear=0
shrinkage=0.03


Tree=29
num_leaves=15
num_cat=0
split_feature=3 19 7 7 24 25 14 12 23 21 24 14 8 8
split_gain=40.018 15.6804 14.0591 12.2674 21.5457 10.733 11.5775 10.4382 10.3375 9.63924 8.87075 7.49227 7.39941 7.0209
threshold=0.0042077391487710314 -0.11268292146417001 0.0087844166194983603 -0.012707729844692482 0.026937961212053722 0.042480645493822682 2.8750000000000004 0.085980747597105736 -0.011662038879155233 0.010942327384263888 0.05406722127027578 2.7250000000000005 0.0012466234528107913 0.0049102001713801089
decision_type=8 10 10 10 10 10 2 8 10 10 8 2 10 10
left_child=1 -1 5 4 -3 7 13 8 11 -10 -4 -2 -8 -7
right_child=2 3 10 -5 -6 6 12 -9 9 -11 -12 -13 -14 -15
leaf_value=0.017190833510504058 0.0040964368804715691 -0.011370234779634308 0.030301643171076025 -0.012394944744084225 0.046150228170840225 0.037217293032637891 -0.015418572203156157 -0.015159418610263937 -0.015132338836418529 0.011913455035675664 0.0030830406848649447 0.031213927683025937 0.014834032335518251 0.010412424290412753
leaf_weight=19.500437147915363 20.252609364688396 15.044372387230398 36.997368924319744 219.18570127338171 8.308308117091654 19.768127508461475 13.533233262598516 31.044524058699608 28.444615051150322 18.928716339170933 15.384361833333967 16.307803325355053 13.572591938078402 17.090991050004959
leaf_count=158 130 151 204 2209 76 108 88 213 193 123 90 103 72 85
internal_value=-8.28258e-05 -0.00809621 0.0089903 -0.0101916 0.0101489 0.00492808 0.0146755 -0.0005744 0.00493512 -0.00430291 0.0225151 0.0167012 -0.000281486 0.0253916
internal_weight=493.364 262.039 231.325 242.538 23.3527 178.943 63.9649 114.978 83.9337 47.3733 52.3817 36.5604 27.1058 36.8591
internal_count=4003 2594 1409 2436 227 1115 353 762 549 316 294 233 160 193
is_linear=0
shrinkage=0.03


Tree=30
num_leaves=15
num_cat=0
split_feature=3 9 22 2 4 22 24 4 3 23 24 26 21 1
split_gain=43.4667 14.3858 13.202 13.1908 7.81212 9.78737 20.8787 19.53 7.42624 12.0184 10.2144 11.5913 12.3522 7.32033
threshold=0.0043235429893379732 0.0024867960594430528 1.1950000000000001 0.018329104366582975 0.0023872406841326833 0.50500000000000012 -0.92529998462549401 0.003418219261001124 0.0028348604608741958 -0.023530497410194095 -0.034453199978824338 -0.0034285694793914074 0.016189665319509907 -0.014893258983295519
decision_type=8 10 2 8 10 2 10 10 10 8 10 10 10 10
left_child=2 -2 4 13 -1 6 -6 -8 9 -4 -10 -12 -13 -3
right_child=1 3 8 -5 5 -7 7 -9 10 -11 11 12 -14 -15
leaf_value=-0.027728429825626028 -0.017472391943756656 0.023860395308948599 0.037815190512809502 0.020980822848297841 -0.018866798012918986 -0.019497868660294512 0.036456207006954434 -0.0060877943853094064 -0.018316574152095619 -0.0014637106022565667 -0.014456671588467513 0.028158058169564626 -0.0092493524289973331 0.0025485705038873095
leaf_weight=27.296479739248753 14.941951185464857 15.969694145023821 10.05587477982044 87.636512659490108 36.548703826963902 55.999099314212799 16.160628661513329 21.821015991270542 29.322588913142681 18.969056621193889 19.16395591199398 20.303551904857159 12.037733621895311 102.23561070114374
leaf_count=320 107 85 79 436 409 640 168 218 243 165 153 143 101 683
internal_value=0.000311827 0.0101411 -0.00780301 0.0122203 -0.0133336 -0.0101354 -0.0029358 0.0124849 0.000191403 0.0129509 -0.00449277 0.00357626 0.0143749 0.00560383
internal_weight=488.462 220.784 267.679 205.842 157.826 130.529 74.5303 37.9816 109.853 29.0249 80.8278 51.5052 32.3413 118.205
internal_count=3950 1311 2639 1204 1755 1435 795 386 884 244 640 397 244 768
is_linear=0
shrinkage=0.03


Tree=31
num_leaves=15
num_cat=0
split_feature=4 18 6 2 23 27 6 21 13 10 16 13 28 16
split_gain=34.5261 20.9296 13.9051 13.4671 14.8251 10.9868 10.6086 10.5923 17.0164 10.7406 9.27469 9.10112 8.50412 7.12171
threshold=0.0050599290440149873 2.2550000000000003 0.97620638612976329 0.032078665174125172 -0.038466280827796052 -0.064806343044022427 -0.70968508256275631 0.016559295690476736 1.1225212945880938 17.395000000000003 0.069928014112144429 2.6853069961706155 0.012054325353709509 -0.051073415978997665
decision_type=8 2 8 10 8 10 10 10 10 2 10 10 10 10
left_child=3 2 6 4 5 -1 -2 8 -7 -9 12 13 -8 -6
right_child=1 -3 -4 -5 11 7 10 9 -10 -11 -12 -13 -14 -15
leaf_value=-0.0160757970601976 0.021306510595991812 -0.020680548754661028 0.023893404637356844 0.02074107588135737 -0.0229512254640429 0.048058485755600691 0.025054632300885511 -0.013695810472185219 0.00056001862500120576 0.024380920876988212 -0.018846064747031613 0.018345988775601021 -0.0016358903586811782 -0.0094604599343036822
leaf_weight=16.97000565379858 28.464505344629288 16.597749061882496 70.054683305323124 15.277788951992987 45.114988960325718 12.605801247060301 14.19293988496065 20.077807769179348 13.594480350613592 8.7562958374619466 16.931613698601723 8.144345246255396 36.31363970041275 164.50683448463678
leaf_count=156 162 134 337 83 446 101 88 216 125 82 115 77 218 1610
internal_value=0.000300519 0.0105868 0.0138191 -0.00586976 -0.00733929 0.00441556 0.00628938 0.0109083 0.0243397 -0.00170309 -0.000267802 -0.0112284 0.00620528 -0.0124591
internal_weight=487.603 182.555 165.957 305.048 289.771 72.0044 95.9027 55.0344 26.2003 28.8341 67.4382 217.766 50.5066 209.622
internal_count=3950 1054 920 2896 2813 680 583 524 226 298 421 2133 306 2056
is_linear=0
shrinkage=0.03


Tree=32
num_leaves=15
num_cat=0
split_feature=3 9 18 14 14 2 10 9 2 16 5 19 2 2
split_gain=38.8372 13.2635 12.7306 16.2166 20.7969 11.4124 9.94482 9.79886 10.7928 9.38554 8.5707 7.64231 7.62585 6.717
threshold=0.0043235429893379732 0.0024867960594430528 2.4050000000000007 2.5550000000000002 2.8750000000000004 0.018329104366582975 12.475000000000003 0.0055060703737762106 -0.0049270722466663299 -0.015037877364540484 -0.020300334330204995 -0.0165685191754355 -0.01420652158077562 0.0018042734954528685
decision_type=8 10 2 2 2 8 2 10 10 10 10 10 8 10
left_child=2 -2 3 6 9 10 -1 8 -6 -5 -3 -8 -4 -13
right_child=1 5 12 4 7 -7 11 -9 -10 -11 -12 13 -14 -15
leaf_value=-0.025609672872319723 -0.017159568239311532 0.026303295673453603 0.010008393792142313 0.0091984935560136486 -0.0141367073813106 0.019564548986464977 0.012733421821578368 -0.028287722100909761 0.021814966572476384 0.048290567340951072 0.0022282955265311203 -0.016646218482059712 -0.020990613497709594 8.1645828596657577e-05
leaf_weight=25.782251045107841 14.763914532959459 14.29680699110031 7.3826166838407516 10.461914688348772 13.298663005232811 88.841016285121441 17.21759357303381 9.9950729608535749 14.923070266842842 12.261264912784098 104.32570683956146 44.372802734375 67.558446325361729 41.222322463989258
leaf_count=283 107 72 83 87 107 436 147 96 132 101 696 460 770 373
internal_value=0.000293904 0.00951608 -0.00746174 -0.00328404 0.00936432 0.0114876 -0.00930399 -0.00422779 0.00496977 0.0314387 0.00532553 -0.00500773 -0.0178453 -0.00868222
internal_weight=486.703 222.227 264.476 189.535 60.94 207.464 128.595 38.2168 28.2217 22.7232 118.623 102.813 74.9411 85.5951
internal_count=3950 1311 2639 1786 523 1204 1263 335 239 188 768 980 853 833
is_linear=0
shrinkage=0.03


Tree=33
num_leaves=15
num_cat=0
split_feature=3 6 18 5 18 28 22 6 22 5 24 2 11 7
split_gain=36.6006 16.1057 12.2608 9.17855 9.04137 12.7673 10.8359 15.0872 14.6018 9.20875 8.75017 8.05293 7.6485 6.67061
threshold=0.0043235429893379732 0.73410067671172252 2.4050000000000007 -0.020300334330204995 1.6850000000000003 0.019651907216868176 1.1850000000000003 -0.32609982347387428 2.4650000000000003 -0.00041408699646179695 0.21047213934823086 -0.014476951851977614 0.098660069478153437 0.011479078620192153
decision_type=8 8 2 10 2 10 2 10 2 10 10 8 10 10
left_child=2 3 4 -2 6 -6 10 8 -8 -9 -1 -4 -11 -3
right_child=1 13 11 -5 5 -7 7 9 -10 12 -12 -13 -14 -15
leaf_value=-0.01803657544539853 0.022194853535508978 0.012945646185146811 0.011543418709881523 -0.0020251643641995059 0.038389834143403849 -0.008403682161552347 0.026934343865077034 -0.029648934520856426 -0.011788501554931512 -0.0092948747451775376 0.015808935750839317 -0.020782375653853848 0.017062161101420864 0.030448809168468191
leaf_weight=62.368308939039707 15.372999876737593 81.368784010410309 7.0898777022957802 99.807199999690056 9.6958810314536112 9.7239486053585988 27.382360495626926 13.198678754270075 11.994250714778898 34.983611024916172 6.9388608410954467 66.779154226183891 12.686047345399855 26.442595683038235
leaf_count=719 78 439 79 664 85 99 200 126 97 291 71 774 98 130
internal_value=0.000284147 0.00920194 -0.00728782 0.00137067 -0.00319835 0.0156952 -0.00544168 0.000882535 0.0151394 -0.00843606 -0.0144714 -0.017567 -0.00207418 0.017479
internal_weight=485.833 222.992 262.841 115.18 188.972 19.4198 169.552 100.245 39.3766 60.8683 69.3072 73.869 47.6697 107.811
internal_count=3950 1311 2639 742 1786 184 1602 812 297 515 790 853 389 569
is_linear=0
shrinkage=0.03


Tree=34
num_leaves=15
num_cat=0
split_feature=3 9 18 14 14 2 10 9 2 2 5 19 2 20
split_gain=34.5104 12.3213 11.8052 14.933 18.3758 10.051 9.58748 9.38904 9.97351 7.76415 7.55148 7.16662 7.0741 6.59739
threshold=0.0043235429893379732 0.0024867960594430528 2.4050000000000007 2.5550000000000002 2.8750000000000004 0.018329104366582975 12.475000000000003 0.0055060703737762106 -0.0049270722466663299 -0.014476951851977614 -0.020300334330204995 -0.0165685191754355 -0.0033749612107114575 0.11826036266160879
decision_type=8 10 2 2 2 8 2 10 10 8 10 10 8 10
left_child=2 -2 3 6 12 10 -1 8 -6 -4 -3 -8 -5 -12
right_child=1 5 9 4 7 -7 11 -9 -10 -11 13 -13 -14 -15
leaf_value=-0.025248970958289506 -0.016919838837669655 0.0244981057831603 0.011148209652372816 0.047961443933593945 -0.013742068133384808 0.018305543379741003 0.012326081792766362 -0.027988857539984931 0.020827792100157758 -0.020509780174055341 -0.0018521721992800109 -0.0083721654847050565 0.013857656611471418 0.016311189998961053
leaf_weight=24.998755387961864 14.63483117520809 14.572377413511274 7.1554137915372849 9.6183889433741552 13.097028844058514 89.929621070623398 17.343498058617115 9.6969096660613996 15.165440298616886 65.666945047676563 82.636947758495808 84.648734234273434 13.791914694011213 21.953933469951153
leaf_count=283 107 72 79 66 107 436 147 96 132 774 557 833 122 139
internal_value=0.000277799 0.00890396 -0.00711709 -0.0031135 0.0089439 0.0107834 -0.00896472 -0.00401511 0.00488572 -0.0172902 0.00500144 -0.00476698 0.0292604 0.00207874
internal_weight=484.911 223.728 261.183 188.361 61.3697 209.093 126.991 37.9594 28.2625 72.8224 119.163 101.992 23.4103 104.591
internal_count=3950 1311 2639 1786 523 1204 1263 335 239 853 768 980 188 696
is_linear=0
shrinkage=0.03


Tree=35
num_leaves=15
num_cat=0
split_feature=22 4 15 4 22 24 25 9 9 11 22 25 21 4
split_gain=35.3159 26.744 20.2911 14.9519 11.2897 11.4925 9.45257 12.4399 10.0106 9.10528 11.3124 9.81619 8.95727 15.4534
threshold=1.1950000000000001 0.0025220708284177731 -0.083381608939051041 0.0058743903243480911 0.50500000000000012 -1.0742172065833933 0.044659530720894521 0.0055060703737762106 0.0052445287498554963 -0.053759940477381633 0.17500000000000002 0.020124611797498134 0.0062712669245364389 0.0075798852470745307
decision_type=2 10 8 10 2 10 10 10 10 10 2 10 10 10
left_child=2 -2 -1 6 5 -4 8 -8 -3 -7 -11 -12 -5 -14
right_child=1 3 4 12 -6 9 7 -9 -10 10 11 -13 13 -15
leaf_value=0.028187427530385663 0.044226727135153167 -0.00044514124162653472 -0.016439957599816309 -0.0063485305572689634 -0.021363415006646489 -0.012431525758288032 0.030184230823641685 -0.0038823727982768247 -0.021021754793058109 0.032034084083622003 0.021922612238056766 -0.010426412981491339 0.029687657586543077 0.0037305437992152784
leaf_weight=11.387799918651579 15.401235863566397 98.837941385805607 56.265230678021908 16.06406556814909 67.574877351522446 26.868894152343273 17.132604762911797 20.188323646783829 26.133157156407833 12.843359008431433 11.547937743365763 24.802607372403145 44.196641683578491 38.595312505960464
leaf_count=84 73 772 620 84 802 225 118 138 219 114 82 233 220 198
internal_value=5.26752e-06 0.00705015 -0.00920525 0.00469731 -0.0114651 -0.00628807 -0.000917196 0.0121359 -0.00488071 0.00133737 0.00895555 0.000162111 0.0138315 0.0177761
internal_weight=487.84 276.549 211.291 261.148 199.903 132.328 162.292 37.3209 124.971 76.0628 49.1939 36.3505 98.856 82.792
internal_count=3982 1822 2160 1749 2076 1274 1247 256 991 654 429 315 502 418
is_linear=0
shrinkage=0.03


Tree=36
num_leaves=15
num_cat=0
split_feature=22 4 15 4 3 25 4 25 11 6 6 3 3 13
split_gain=33.3796 24.9786 19.1066 14.0252 13.4164 9.24174 8.81604 8.79204 10.2588 8.57053 7.72222 7.06076 11.6695 12.4959
threshold=1.1950000000000001 0.0025220708284177731 -0.083381608939051041 0.0059761842892223221 0.0048185805810132638 0.023407148703876567 0.0075798852470745307 0.043514970174563607 -0.11093247878859257 1.7326045272623254 0.17112503984644603 0.004747045485319761 0.0042077391487710314 0.98090499197110037
decision_type=2 10 8 10 10 10 10 10 10 10 8 10 10 10
left_child=2 -2 -1 7 -4 -6 -5 8 -3 10 -9 12 13 -10
right_child=1 3 4 6 5 -7 -8 9 11 -11 -12 -13 -14 -15
leaf_value=0.026976860985019668 0.042592322503195272 -0.023845006414960391 -0.015333671659514179 0.021856753823389145 0.015041066435003506 -0.012424423776456313 0.0034723335456823073 0.021557475186840265 0.011477510195105347 0.030324198312702191 -0.0091539269789467723 -0.013677985242585377 0.02882895383306313 -0.014794686808672035
leaf_weight=11.583661206066607 15.548515081405638 20.103682070970535 154.82849519699812 52.134041234850883 25.07055739313364 18.154451876878738 42.850629925727844 10.416858799755573 31.812348581850529 12.88032118976116 19.806900605559349 27.336579605937004 12.805127963423727 31.379292845726013
leaf_count=84 73 168 1804 258 149 123 220 76 239 69 148 191 90 290
internal_value=8.07987e-06 0.00683181 -0.00900036 0.00455159 -0.0112295 0.00348549 0.0136855 -0.000708431 -0.00478358 0.0108054 0.00178242 -0.000882147 0.00383847 -0.00159581
internal_weight=486.711 277.074 209.637 261.526 198.054 43.225 94.9847 166.541 123.437 43.1041 30.2238 103.333 75.9968 63.1916
internal_count=3982 1822 2160 1749 2076 272 478 1271 978 293 224 810 619 529
is_linear=0
shrinkage=0.03


Tree=37
num_leaves=15
num_cat=0
split_feature=22 15 3 2 6 12 22 28 27 25 25 2 20 21
split_gain=31.5636 18.0006 12.8602 12.7087 13.5681 19.441 10.6886 15.0076 8.85951 8.82997 8.69475 8.58985 7.97288 7.9221
threshold=1.1950000000000001 -0.083381608939051041 0.0048185805810132638 0.032078665174125172 -1.0872558518010909 -0.16047764422287122 2.5450000000000004 0.015391295485185899 -0.002845049106149133 0.058792676986415292 0.023407148703876567 -0.0013584796650254469 0.11657128878444291 0.020062305898745234
decision_type=2 8 10 8 10 10 2 10 10 10 10 10 10 10
left_child=1 -1 -3 4 6 11 7 -2 -5 12 -4 -6 13 -7
right_child=3 2 10 8 5 9 -8 -9 -10 -11 -12 -13 -14 -15
leaf_value=0.025839266953689266 0.0084486762355693822 -0.015063304497459748 0.014493611839246518 0.010277076679381034 0.00026781440992757789 -0.017831850572417537 -0.0065327624388792794 0.047426157258851721 0.036204864431653133 0.012166445715912185 -0.012157629056909687 0.026967062782775261 0.0055934014580903109 0.0049064099482921042
leaf_weight=11.771911434829233 21.304917804896832 152.92628433555365 25.271640792489052 34.272054225206375 17.853342436254025 71.80268944054842 12.192427977919577 14.959502175450323 18.19940921664238 19.210073441267014 18.020261473953724 26.707062043249607 24.417417094111443 16.551504284143448
leaf_count=84 130 1804 149 155 121 564 94 90 84 117 123 169 167 131
internal_value=1.20577e-05 -0.0087999 -0.0109985 0.00662533 0.00348387 -0.000404467 0.017372 0.0253686 0.0197789 -0.00619662 0.003376 0.0165105 -0.00940412 -0.013565
internal_weight=485.46 207.99 196.218 277.47 224.999 176.542 48.4568 36.2644 52.4715 131.982 43.2919 44.5604 112.772 88.3542
internal_count=3982 2160 2076 1822 1583 1269 314 220 239 979 272 290 862 695
is_linear=0
shrinkage=0.03


Tree=38
num_leaves=15
num_cat=0
split_feature=22 4 15 4 3 21 4 12 10 22 26 6 4 9
split_gain=29.8533 23.0278 16.9658 12.6911 12.3236 10.4767 11.4818 8.1994 11.5174 16.4236 8.11587 8.41271 7.08039 6.61192
threshold=1.1950000000000001 0.0025220708284177731 -0.083381608939051041 0.0058743903243480911 0.0048185805810132638 0.0060480531882803413 0.0075798852470745307 -0.11855149860929858 19.215000000000003 1.6950000000000001 0.018933781102684403 1.650232226464502 0.003638981141439184 0.0051201258853697676
decision_type=2 10 8 10 10 10 10 10 2 2 10 10 10 10
left_child=2 -2 -1 7 -4 -5 -7 8 9 -3 11 13 -12 -9
right_child=1 3 4 5 -6 6 -8 10 -10 -11 12 -13 -14 -15
leaf_value=0.024768356240551022 0.040583189167991994 0.021339368157586545 -0.01479506003425117 -0.010034136870237386 0.0032702153247476796 0.026723397869560128 0.0046110383865733112 -0.008350260593052378 0.033051850812418737 -0.022074861490400055 -0.011483536716021763 0.0066924217816253153 0.015779854583509556 -0.029042180192447472
leaf_weight=11.952874064445494 15.713933438062666 14.751523531973364 151.07442783564329 14.996902808547018 43.354230746626854 45.595801092684269 39.588195741176605 43.163580439984798 12.656228221952913 14.618576832115648 12.059188656508921 19.896231383085251 24.463927216827869 20.456088878214359
leaf_count=84 73 116 1804 77 272 223 202 347 88 112 107 121 174 182
internal_value=1.76422e-05 0.00642616 -0.00860289 0.00423307 -0.0107707 0.0125699 0.0166197 -0.000965858 0.0102894 -0.000284831 -0.00495882 -0.0100817 0.0067119 -0.01535
internal_weight=484.342 277.96 206.382 262.246 194.429 100.181 85.184 162.065 42.0263 29.3701 120.039 83.5159 36.5231 63.6197
internal_count=3982 1822 2160 1749 2076 502 425 1247 316 228 931 650 281 529
is_linear=0
shrinkage=0.03


Tree=39
num_leaves=15
num_cat=0
split_feature=22 4 15 4 3 9 25 21 11 25 4 12 25 17
split_gain=28.2128 21.5695 15.9951 11.923 11.8113 9.22339 14.9421 9.67225 8.94098 8.16797 7.68887 7.18089 6.59665 11.1379
threshold=1.1950000000000001 0.0025220708284177731 -0.083381608939051041 0.0059761842892223221 0.0048185805810132638 0.005389938328128111 0.044659530720894521 0.0064072327551599065 -0.11093247878859257 0.023407148703876567 0.0075798852470745307 0.061825126832760986 0.037464016795911104 0.045019001243093645
decision_type=2 10 8 10 10 10 10 10 10 10 10 10 10 10
left_child=2 -2 -1 5 -4 6 8 -7 -3 -6 -5 12 13 -10
right_child=1 3 4 10 9 7 -8 -9 11 -11 -12 -13 -14 -15
leaf_value=0.02375855490468276 0.039171866583153261 -0.020089318822054242 -0.014528983869910115 0.019989780589915955 0.01385356562907677 0.011942702834116432 0.029400429234855301 -0.019837519916636352 0.0030190861396118588 -0.011966015754607236 0.0029282915929924112 -0.0098955108265407852 -0.0099732637659010921 0.032539950644683568
leaf_weight=12.126858711242674 15.825951017439364 16.836328759789467 149.27178091555834 53.073515549302101 25.508708976209164 10.652448058128355 16.269848808646202 34.349857166409492 32.622178368270397 17.924382790923119 43.130485147237778 25.767637200653553 12.813023068010805 16.966400995850563
leaf_count=84 73 140 1804 258 149 70 107 276 244 123 220 210 96 128
internal_value=1.95013e-05 0.00622995 -0.00840799 0.00410263 -0.0105444 -0.00077223 0.00354049 -0.0122188 -0.000705869 0.0031686 0.0124495 0.00317928 0.0086492 0.013563
internal_weight=483.139 278.308 204.832 262.482 192.705 166.278 121.275 45.0023 105.006 43.4331 96.204 88.1692 62.4016 49.5886
internal_count=3982 1822 2160 1749 2076 1271 925 346 818 272 478 678 468 372
is_linear=0
shrinkage=0.03


Tree=40
num_leaves=15
num_cat=0
split_feature=4 15 26 9 7 24 27 25 17 3 4 26 27 9
split_gain=28.0858 16.3177 11.4002 11.1793 17.4077 11.4547 11.13 8.76479 19.7957 8.55811 8.45756 7.25899 9.4057 20.9803
threshold=0.0063036758877023273 -0.083381608939051041 0.064343535783070852 0.0030676094703286816 0.0063535419297084958 0.18282942885387243 -0.002845049106149133 0.044659530720894521 0.069674994018755224 0.0032354748807911834 0.0048907904593633216 0.05356414985456915 -0.030643654242770154 0.0039388992294384874
decision_type=8 10 8 10 10 8 10 10 10 10 10 10 10 10
left_child=1 -1 -2 4 6 7 -3 11 -9 -8 -11 12 13 -5
right_child=2 3 -4 5 -6 -7 9 8 -10 10 -12 -13 -14 -15
leaf_value=0.026415272941908062 0.015938920665604362 -0.020777629292985482 -0.012598323695757956 0.028300759416162981 0.035569618043417031 -0.019199045776292577 -0.014021881542038001 0.033883403736569943 -0.0084418181803205955 0.028620052101408083 -0.004219633186011513 0.010857187420602817 -0.01487508783170406 -0.012152541510785056
leaf_weight=14.086787939071653 105.16079670190811 18.269932992756367 13.545049481093882 15.967363893985747 12.678385920822619 64.205630205571651 11.556356973946093 14.973604984581469 25.57586757838726 16.783071391284469 11.323350146412848 16.24210225045681 104.19129455834627 35.065611831843853
leaf_count=97 533 168 89 142 104 723 136 99 184 141 86 164 987 339
internal_value=7.8731e-06 -0.00415855 0.0126046 -0.0054727 0.00512546 -0.00819065 -0.00202765 -0.00478245 0.00762685 0.00690776 0.0156994 -0.00774428 -0.00974771 0.000805267
internal_weight=479.625 360.919 118.706 346.833 70.6111 276.221 57.9327 212.016 40.5495 39.6628 28.1064 171.466 155.224 51.033
internal_count=3992 3370 622 3273 635 2638 531 1915 283 363 227 1632 1468 481
is_linear=0
shrinkage=0.03


Tree=41
num_leaves=15
num_cat=0
split_feature=4 15 28 3 12 3 14 5 26 11 6 21 24 9
split_gain=26.3594 15.2629 14.8685 13.1739 16.0041 14.4213 13.9263 11.2952 10.6918 9.80154 9.794 8.49621 7.62567 10.1803
threshold=0.0063036758877023273 -0.083381608939051041 0.020403400245186654 0.0030623561800994406 0.061825126832760986 0.003506010585350394 1.9950000000000003 0.002732187883573997 0.064343535783070852 0.019858386731818504 -0.029216443170300518 0.0045883146773945602 -0.016043239549032636 0.0051334895720582495
decision_type=8 10 10 10 10 10 2 10 8 10 10 10 8 10
left_child=1 -1 3 7 5 10 -7 -3 -2 -4 -5 -8 13 -11
right_child=8 2 9 4 -6 6 11 -9 -10 12 -12 -13 -14 -15
leaf_value=0.025292526134436222 0.015377734074500774 -0.017944357758029387 -0.020602161057333344 0.052231325103430121 -0.01033957313407302 0.030266156511813126 0.019504186358428006 0.007633746837847657 -0.012323886953749382 0.026245309503657135 0.008771832074570678 -0.0056055355548368388 -0.014803312237171625 -0.014289552842379184
leaf_weight=14.311614096164702 105.75574938207865 55.585121683776379 73.440829619765282 10.2320848479867 46.465617306530476 15.331443294882773 14.29191681742668 20.767326377332211 13.454930283129213 12.69082183390856 8.8057365640997869 57.620400600135326 21.424172095954418 8.5750948861241323
leaf_count=97 533 664 767 83 376 111 101 227 89 118 87 427 239 73
internal_value=9.02348e-06 -0.00404721 -0.00533304 -0.000883804 0.00420076 0.0105948 0.00525757 -0.0109785 0.0121746 -0.0140279 0.0335706 -0.000416148 -0.00250528 0.00999267
internal_weight=478.753 359.542 345.231 229.1 152.747 106.282 87.2438 76.3524 119.211 116.131 19.0378 71.9123 42.6901 21.2659
internal_count=3992 3370 3273 2076 1185 809 639 891 622 1197 170 528 430 191
is_linear=0
shrinkage=0.03


Tree=42
num_leaves=15
num_cat=0
split_feature=4 15 28 3 12 3 14 17 5 8 26 16 11 6
split_gain=24.7383 14.2828 14.2393 12.5114 15.0715 13.2256 12.8876 12.3731 10.8264 19.6213 10.0311 9.53892 9.48732 8.74488
threshold=0.0063036758877023273 -0.083381608939051041 0.020403400245186654 0.0030623561800994406 0.061825126832760986 0.003506010585350394 1.9950000000000003 0.032326459750489769 0.002732187883573997 0.0056150485446839768 0.064343535783070852 0.0758752241497931 0.019858386731818504 -0.029216443170300518
decision_type=8 10 10 10 10 10 2 10 10 8 8 10 10 10
left_child=1 -1 3 8 5 13 -7 -8 11 -10 -2 -3 -4 -5
right_child=10 2 12 4 -6 6 7 -9 9 -11 -12 -13 -14 -15
leaf_value=0.024236295134828948 0.014840596203717953 -0.02299730292197184 -0.020307087710925015 0.049232955184455147 -0.010102318276244797 0.028917951110532039 0.022821672179872379 -0.0068868916208787261 0.040606299106241854 -0.016007541920248607 -0.012054410540223824 0.010399291934783235 -0.0024409917259909254 0.0084849485638266373
leaf_weight=14.527464985847471 106.32330614328384 46.198128871619701 72.304578274488449 10.584878399968149 46.158367641270161 15.60713169723749 15.146214336156843 56.727744698524475 8.3230969160795194 12.567372150719168 13.366750985383986 8.5924755558371526 42.598000667989254 8.863281197845934
leaf_count=97 533 566 767 83 376 111 95 433 94 133 89 98 430 87
internal_value=1.12458e-05 -0.00393702 -0.00519481 -0.000850756 0.0040808 0.0102401 0.00509898 -0.00039906 -0.0107494 0.0073729 0.011762 -0.0176674 -0.0137618 0.0319856
internal_weight=477.889 358.199 343.671 228.769 153.088 106.929 87.4811 71.874 75.6811 20.8905 119.69 54.7906 114.903 19.4482
internal_count=3992 3370 3273 2076 1185 809 639 528 891 227 622 664 1197 170
is_linear=0
shrinkage=0.03


Tree=43
num_leaves=15
num_cat=0
split_feature=18 7 21 13 16 2 9 21 22 13 14 9 28 17
split_gain=21.1707 16.7867 13.9527 27.7823 17.0292 9.89821 9.2958 9.5611 11.1211 11.5888 8.70397 7.89633 11.6807 7.46277
threshold=2.4050000000000007 0.0065468929551593122 0.013088765773499473 0.89952260612103696 -0.063085279638596656 -0.017116620144165703 0.0081174716435957594 0.029370589007835585 2.5450000000000004 0.99902081144584964 2.9750000000000005 0.0037229380656395501 0.014884321471990718 0.066487038587407996
decision_type=2 10 8 10 8 10 10 8 2 10 2 10 10 10
left_child=1 6 3 -3 -4 -2 7 8 9 11 -6 12 -1 -5
right_child=5 2 4 13 10 -7 -8 -9 -10 -11 -12 -13 -14 -15
leaf_value=-0.0060126913621389626 0.010630852950501112 0.060084138445321955 0.027975942614939967 0.0031119151616300269 -0.019726951894797746 -0.017554069136131514 0.021379630627331767 -0.015616599389073357 -0.018539111456293209 -0.0031758013267695166 0.0095136967915781315 0.022515384674422403 0.027849759508117324 0.029303618789969989
leaf_weight=33.023399643599987 12.512519642710684 12.843759521842001 14.565375499427317 32.316816493868828 24.104200854897499 73.451717250049114 14.869086697697638 39.822181403636932 24.428393945097923 123.8854468613863 13.666588544845579 32.709043174982071 11.565986298024653 13.226026654243467
leaf_count=238 108 86 88 243 211 898 72 382 207 992 78 213 102 74
internal_value=1.44828e-05 0.00298501 0.0128184 0.0227719 0.00149542 -0.0133765 -0.000931023 -0.00225637 0.000160311 0.00251132 -0.00917433 0.0115502 0.00318906 0.0111844
internal_weight=476.991 391.026 110.723 58.3866 52.3362 85.9642 280.304 265.434 225.612 201.184 37.7708 77.2984 44.5894 45.5428
internal_count=3992 2986 780 403 377 1006 2206 2134 1752 1545 289 553 340 317
is_linear=0
shrinkage=0.03


Tree=44
num_leaves=15
num_cat=0
split_feature=3 18 18 28 22 25 20 9 8 24 11 10 10 3
split_gain=20.528 11.6823 9.8648 12.8848 10.8202 11.366 9.27767 10.39 11.4324 10.3709 8.69693 8.61178 11.9902 7.74713
threshold=0.0043235429893379732 2.4050000000000007 1.6850000000000003 0.02014098331666692 1.0750000000000004 0.046649587027829571 0.11657128878444291 0.0044832996500772182 0.002126908006307993 -0.017534151134512396 -0.08689904982048445 20.665000000000003 25.015000000000004 0.0049210803743213972
decision_type=8 2 2 10 2 10 10 10 10 10 10 2 2 8
left_child=1 2 4 -4 -1 6 7 8 -6 -10 -2 -3 -13 -12
right_child=10 11 3 -5 5 -7 -8 -9 9 -11 13 12 -14 -15
leaf_value=-0.014603101564838569 -0.0033129778196059863 -0.02234700979759973 0.039117880272950538 -0.0096769249408198976 -0.01465917392842242 0.026149874647298656 0.016379328164529441 -0.019902309925690177 -0.0061955270872937141 0.03236984454905234 0.023090035128405958 0.024930933277489676 -0.023190788138435878 0.0067835694924319005
leaf_weight=57.591594286262989 59.004373379051685 51.563757821917534 10.306234553456308 7.9836246669292441 18.623037561774254 13.505287259817122 17.968891769647598 31.474028296768665 10.550237379968166 13.553221665322781 32.047486171126366 8.8418091535568255 7.8583085909485808 135.27920366823673
leaf_count=712 363 696 87 89 171 87 150 287 94 109 223 104 83 737
internal_value=1.95277e-05 -0.00589832 -0.00188823 0.0184212 -0.00426168 0.00145835 -0.00240146 -0.00710687 0.00255836 0.0159152 0.00654875 -0.0163824 0.00225616 0.0100253
internal_weight=476.151 249.82 181.556 18.2899 163.266 105.675 92.1694 74.2005 42.7265 24.1035 226.331 68.2639 16.7001 167.327
internal_count=3992 2669 1786 176 1610 898 811 661 374 203 1323 883 187 960
is_linear=0
shrinkage=0.03


Tree=45
num_leaves=15
num_cat=0
split_feature=22 5 6 15 24 22 2 16 14 7 22 8 6 13
split_gain=24.3577 13.8878 11.9813 12.501 12.9617 11.5281 10.8066 10.0095 10.782 9.55055 12.8505 11.8813 9.16952 8.31071
threshold=1.5050000000000001 -0.013705491581748414 1.0897566402497298 0.029136991431091389 -0.62638148424768392 2.5650000000000004 0.034002551893401074 1.0000000180025095e-35 2.1150000000000007 -0.0094156021866216282 2.1750000000000003 0.0052467763848249591 -0.19999284600761122 1.0106884032985519
decision_type=2 10 10 10 10 2 10 10 2 10 2 10 8 10
left_child=1 -1 -3 4 -4 7 13 8 -2 -9 11 -11 -10 -6
right_child=5 2 3 -5 6 -7 -8 9 12 10 -12 -13 -14 -15
leaf_value=0.016428101388352885 0.020396757418654266 -0.013211382695159788 -0.019897693874036122 -0.020454079715454033 0.038210486778581666 -0.0091611218976207984 -0.011867671321290905 0.036783331393210515 0.011136394089638705 -0.01725711254933605 0.027857066979486277 0.014140203979017716 -0.012162726249720276 0.0098438077770764826
leaf_weight=20.749950356781483 21.976738400757313 165.90819206833839 11.888204634189604 18.112173952162266 14.646550603210924 32.264352522790432 10.914767205715178 17.17199344933033 23.22768547385931 16.971411108970642 26.990197241306305 26.382343642413616 39.975238189101219 25.406519167125225
leaf_count=139 109 1832 130 169 128 270 55 93 146 108 143 152 275 221
internal_value=-0.00067186 -0.00662162 -0.00861741 0.000842217 0.00720303 0.00709147 0.0137855 0.0101632 0.00278592 0.0172309 0.0120092 0.00173733 -0.00355999 0.020895
internal_weight=472.586 267.626 246.876 80.9682 62.856 204.96 50.9678 172.696 85.1797 87.5159 70.344 43.3538 63.2029 40.0531
internal_count=3970 2674 2535 703 534 1296 404 1026 530 496 403 260 421 349
is_linear=0
shrinkage=0.03


Tree=46
num_leaves=15
num_cat=0
split_feature=22 22 10 22 6 11 21 25 22 22 14 8 16 14
split_gain=23.2811 15.5547 13.9672 12.9548 12.717 8.90163 9.34307 9.24107 7.85454 11.3738 11.2283 11.6047 11.0555 9.8426
threshold=1.1650000000000003 0.48500000000000004 19.985000000000003 -0.034999999999999996 0.14575716680051604 -0.10511364363282992 0.0045883146773954614 0.040114966363139208 2.5850000000000004 2.2050000000000005 2.2050000000000005 0.0010598966991230976 -0.0070630687569088737 2.4950000000000006
decision_type=2 2 2 2 10 10 10 10 2 2 2 10 10 2
left_child=1 2 3 -1 -4 7 -7 -2 9 10 -8 -12 -11 -13
right_child=5 -3 4 -5 -6 6 8 -9 -10 12 11 13 -14 -15
leaf_value=-0.026134955225777849 -0.02012107450578304 -0.020798859936342368 0.039048346662335538 -0.0018888398437902371 0.0013498116642864982 -0.012517997377655174 0.015224313240769385 0.0058895131458409911 -0.006594698336780243 0.0066540329609641926 -0.01680290919181018 -0.012175727984283997 0.035090745850270749 0.018905364504814757
leaf_weight=26.639756321907043 22.726326301693916 62.03793378174305 10.478999391198156 70.848582245409489 27.241191476583481 18.455720871686935 67.260345868766308 24.793382078409195 24.116556294262409 21.710033126175404 27.187070176005363 13.128733791410921 29.212574541568756 25.706725858151913
leaf_count=369 188 791 84 655 256 133 401 149 199 133 196 113 158 145
internal_value=-0.000651255 -0.0084886 -0.00272904 -0.00871245 0.0125608 0.00499492 0.00746595 -0.00670838 0.00928772 0.0113915 0.00669084 -0.00210007 0.0233289 0.00835619
internal_weight=471.544 197.246 135.209 97.4883 37.7202 274.297 226.778 47.5197 208.322 184.205 133.283 66.0225 50.9226 38.8355
internal_count=3970 2155 1364 1024 340 1815 1478 337 1345 1146 855 454 291 258
is_linear=0
shrinkage=0.03


Tree=47
num_leaves=15
num_cat=0
split_feature=18 25 27 9 8 13 8 9 14 18 13 9 20 25
split_gain=14.882 13.0888 13.2427 10.1335 9.70369 8.60564 13.1496 11.3658 11.0293 10.8175 10.7354 8.1508 8.12816 7.8637
threshold=2.4050000000000007 0.039639825800243909 0.051990578851547127 0.005639050917871819 0.0070757817357458572 0.99902081144584964 0.002126908006307993 0.0029151539262745134 2.5750000000000006 0.13500000000000004 0.82601818938525451 0.0030676094703286816 0.017110699076050343 0.032505056301960419
decision_type=2 10 8 10 8 10 10 10 2 2 10 10 8 10
left_child=1 2 3 5 11 6 10 -7 -8 13 -1 -2 -13 -9
right_child=4 -3 -4 -5 -6 7 8 9 -10 -11 -12 12 -14 -15
leaf_value=-0.015318558625679188 0.014177827294832829 0.0082849043953484303 -0.014327550263598117 -0.026092599351635354 -0.026812059426711957 -0.023880198683692434 0.010628231835155563 -0.022669421215266005 0.047400301505655933 0.012308359956769772 0.019403043870675808 -0.021208896971822884 0.0052439814544142319 0.0094328604093386996
leaf_weight=19.09195272624493 14.129075601696966 163.1940064355731 63.592623732984066 9.9767102152109128 26.223783411085606 16.603134274482727 18.983972914516929 18.030482046306137 11.842751130461691 43.257546007633209 12.337106384336947 26.914893753826618 16.18092605471611 10.038961537182329
leaf_count=190 128 1009 613 98 346 144 153 186 75 334 86 336 197 75
internal_value=-0.000635712 0.00184999 -0.00285924 0.0017549 -0.0120473 0.00376514 0.0122067 -0.00228167 0.0258005 0.00300658 -0.00151097 -0.0049369 -0.0113831 -0.0112586
internal_weight=470.398 386.949 223.755 160.163 83.4487 150.186 62.2558 87.9301 30.8267 71.327 31.4291 57.2249 43.0958 28.0694
internal_count=3970 2963 1954 1341 1007 1243 504 739 228 595 276 661 533 261
is_linear=0
shrinkage=0.03


Tree=48
num_leaves=15
num_cat=0
split_feature=22 22 4 4 27 22 17 27 4 4 21 20 19 15
split_gain=21.2689 14.9965 13.3616 14.1565 18.9948 11.5436 10.587 12.212 10.5095 9.11118 13.1423 10.8751 9.65982 7.51103
threshold=1.1650000000000003 0.48500000000000004 0.002714680183505019 0.0033678325159972361 -0.045856007434394101 0.045000000000000005 0.032197989411465337 -0.15618541913139669 0.0024763675719620634 0.0056450395043735994 0.0062712669245364389 -0.11778303565638347 0.070098658889371571 0.037805301019128427
decision_type=2 2 10 10 10 2 10 8 10 10 10 10 10 10
left_child=1 2 -1 4 -4 -6 -5 -8 -2 13 -11 -12 -13 -10
right_child=8 -3 3 6 5 -7 7 -9 9 10 11 12 -14 -15
leaf_value=-0.022547326960875132 0.029699272760811805 -0.0204370722622889 -0.0113043196474571 0.012739607024470205 0.01414574446989565 0.064557030404541818 0.020292157882950575 -0.016334587204410649 0.0016340859550722268 -0.012813660108665114 -0.0025064127720729832 0.028542046605514969 0.0041381853957173685 -0.015910661992906888
leaf_weight=23.578536733984947 13.417694807052611 60.608183465898037 10.191703833639624 22.983006566762924 9.2433886900544184 7.5477237775921813 8.8145853206515294 51.871332306414843 125.9873896241188 18.269988656044006 24.49447687715292 44.970589153468609 21.950812846422195 25.56210582703352
leaf_count=346 59 791 129 154 119 74 54 488 1009 94 122 217 109 205
internal_value=-0.000622061 -0.00818025 -0.0025358 0.00189216 0.0203768 0.0391609 -0.00423931 -0.0107719 0.00474993 0.0033601 0.00990416 0.014534 0.0207161 -0.00141012
internal_weight=469.492 194.838 134.23 110.652 26.9828 16.7911 83.6689 60.6859 274.653 261.235 109.686 91.4159 66.9214 151.549
internal_count=3970 2155 1364 1018 322 193 696 542 1815 1756 542 448 326 1214
is_linear=0
shrinkage=0.03


Tree=49
num_leaves=15
num_cat=0
split_feature=22 22 4 4 11 27 4 4 21 9 20 21 11 19
split_gain=20.1114 14.4967 12.867 13.2205 23.0013 18.8958 9.93906 9.1098 12.3471 10.5325 10.1353 9.4516 9.13918 8.93733
threshold=1.1650000000000003 0.48500000000000004 0.002714680183505019 0.0033678325159972361 -0.053759940477381633 -0.05085882374531802 0.0026016630954700413 0.0056450395043735994 0.0062712669245364389 0.005389938328128111 -0.11778303565638347 0.006863327411521414 -0.11093247878859257 0.070098658889371571
decision_type=2 2 10 10 10 8 10 8 10 10 10 10 10 10
left_child=1 2 -1 4 -4 -6 -2 9 -9 12 -10 -11 -8 -12
right_child=6 -3 3 -5 5 -7 7 8 10 11 13 -13 -14 -15
leaf_value=-0.022312336630057539 0.026119346719222867 -0.020167638753005066 -0.020122043969299709 -0.0041261421296732975 -0.0043959688755833481 0.057418787677698625 -0.016663797166467886 -0.012512993019116143 -0.0024364276737779164 0.00822077079420277 0.027441586962262607 -0.024581682907137466 0.0066061291633902758 0.0040135561497774306
leaf_weight=23.12941375002265 17.079903073608875 59.604009818285704 8.4102650210261363 83.309660594910383 6.4326058328151703 12.527721844613554 17.122743040323257 18.173230700194836 24.471213258802891 10.482076361775396 45.404085963964462 26.725180827081203 93.453421361744404 21.983995750546455
leaf_count=346 95 791 103 696 81 138 153 94 122 76 217 229 720 109
internal_value=-0.000603077 -0.00799213 -0.00245931 0.00185211 0.0195526 0.0372775 0.0046059 0.00308526 0.00957986 -0.0017822 0.0140383 -0.0153672 0.00288572 0.0199691
internal_weight=468.31 193.414 133.81 110.68 27.3706 18.9603 274.896 257.816 110.033 147.783 91.8593 37.2073 110.576 67.3881
internal_count=3970 2155 1364 1018 322 219 1815 1720 542 1178 448 305 873 326
is_linear=0
shrinkage=0.03


Tree=50
num_leaves=15
num_cat=0
split_feature=4 6 14 6 14 3 11 20 7 16 14 1 7 13
split_gain=20.1383 11.7341 24.782 21.0923 11.1071 11.3039 8.48306 12.8398 15.7577 12.1566 16.6221 14.7335 11.7708 10.6828
threshold=0.0063757229204524273 1.1915633014078562 2.1150000000000007 1.8359812934390225 1.8250000000000004 0.0023025891952854079 -0.087978940199049158 0.017110699076050343 -0.00682774848342138 -0.0042284117088973163 2.7450000000000006 0.0018221915350686848 0.0072227124019255138 1.2006600671041627
decision_type=8 10 2 8 2 10 10 10 10 10 2 10 10 10
left_child=1 4 3 -3 5 -1 12 9 -9 -8 11 -11 -6 -10
right_child=-2 2 -4 -5 6 -7 7 8 13 10 -12 -13 -14 -15
leaf_value=0.013631914216604736 0.011918269706200312 0.055302210713845855 -0.0036900046640363417 0.0057056281675258603 -0.02079070911656879 -0.025342627663820023 -0.015856530242795125 0.044113219451734464 -0.0083455941881048351 0.035654956348575469 -0.010457062628434904 -0.0099661691573959751 0.018395873040337584 0.024526427105754416
leaf_weight=7.3584472201764575 112.66268736124039 13.147422447800635 73.244728706777096 17.552839465439323 38.778324034065008 39.626913376152515 51.083780243992805 10.395737685263155 23.703182451426983 18.277670074254278 32.445989426225424 8.9716974608600122 7.5342416465282431 12.935123994946478
leaf_count=88 576 100 621 113 406 420 542 100 231 158 331 90 75 113
internal_value=0.000925782 -0.00258592 0.00585331 0.0280199 -0.00608861 -0.0190819 -0.0030194 0.000319046 0.0132889 -0.00525724 0.00392482 0.0208134 -0.0141617 0.00360314
internal_weight=467.719 355.056 103.945 30.7003 251.111 46.9854 204.126 157.813 47.034 110.779 59.6954 27.2494 46.3126 36.6383
internal_count=3964 3388 834 213 2554 508 2046 1565 444 1121 579 248 481 344
is_linear=0
shrinkage=0.03


Tree=51
num_leaves=15
num_cat=0
split_feature=4 21 22 22 2 18 3 9 23 13 24 14 4 22
split_gain=18.8854 10.2729 7.87831 9.28505 9.11119 10.2034 11.38 13.9242 8.68044 9.47591 7.22606 6.46003 11.3887 14.4161
threshold=0.0063757229204524273 0.0051041778553254221 1.1650000000000003 0.48500000000000004 -0.016093599522250198 4.4300000000000006 0.0031806330463294633 0.004969521497903708 -0.076234296822136768 0.55398270216549539 -1.0742172065833933 2.2550000000000003 0.0032374596895106706 1.5550000000000004
decision_type=8 10 2 2 10 2 10 10 10 10 10 2 10 2
left_child=2 -2 3 4 -1 6 7 -6 -4 -10 -7 12 -11 -14
right_child=1 -3 8 -5 5 10 -8 -9 9 11 -12 -13 13 -15
leaf_value=0.019749189716973183 -0.010631341834310134 0.015113921678487732 0.025124621768101697 -0.017686792189095385 0.038091240675832666 -0.024607632565228424 -0.0065089334262401696 -0.011567126513950681 0.02275753497956233 0.029144694112848906 0.010211526101825729 -0.0068675891336094008 -0.015186236831419722 0.018266592982335288
leaf_weight=13.615280173718928 15.517852254211901 97.578616961836815 12.319948785006998 51.246804006397724 12.456868786364796 28.929452743381262 50.627349875867367 7.5597161389887324 14.0190157815814 13.142808511853216 5.9500953853130332 98.224011890590191 27.489414229989052 18.55569414794445
leaf_count=114 104 472 73 718 142 415 433 97 100 119 67 785 213 112
internal_value=0.000902675 0.0115192 -0.0025107 -0.00713842 -0.00249165 -0.00551975 0.00108228 0.0196786 0.00179583 -1.66863e-05 -0.0185488 -0.0021758 0.00559509 -0.00160338
internal_weight=467.233 113.096 354.136 170.386 119.139 105.523 70.6439 20.0166 183.751 171.431 34.8795 157.412 59.1879 46.0451
internal_count=3964 576 3388 1986 1268 1154 672 239 1402 1329 482 1229 444 325
is_linear=0
shrinkage=0.03


Tree=52
num_leaves=15
num_cat=0
split_feature=9 18 2 6 9 10 17 23 21 18 9 28 7 13
split_gain=18.2176 13.0564 11.3905 9.29884 9.45525 12.1384 12.081 9.9217 9.38237 10.9117 10.1979 12.0783 12.1257 9.70028
threshold=0.0081174716435957594 2.3400000000000003 -0.01529341293367925 1.1915633014078562 0.0044456236431153545 16.345000000000002 0.041736958223208782 -0.035718082602079072 0.029370589007835585 1.7600000000000002 0.00364217684769387 0.010350608801238158 0.0041755497484645696 0.97655069933921623
decision_type=10 2 8 8 8 2 10 8 10 2 10 10 10 10
left_child=1 3 -3 8 6 -6 7 -5 9 10 11 12 -1 -12
right_child=-2 2 -4 4 5 -7 -8 -9 -10 -11 13 -13 -14 -15
leaf_value=-0.0084964072500692232 0.023102352186795124 0.013046419911808139 -0.015964666820126067 0.02316272528895362 -0.024847593801000541 0.0074830917064356208 0.032863781587541642 -0.011864233860948509 -0.017712388706526385 0.029996629212462232 0.017050699365096792 -0.019658427650855102 0.028851980252728612 -0.0011471741772270687
leaf_weight=22.352453045547009 29.999929390847683 13.854591667652128 71.424868803471327 12.302432440221308 12.133974522352217 50.189058251678944 24.823961347341537 15.13614356890321 27.405035220086575 9.8239379525184614 36.964211035519838 43.535235702991486 10.792369544506071 85.895485155284405
leaf_count=165 152 121 911 80 100 306 144 116 323 68 276 431 74 697
internal_value=0.000879552 -0.000696617 -0.0111549 0.00186624 0.00884241 0.000895484 0.0181244 0.00410279 -0.00153291 0.00065906 -0.000927693 -0.00944478 0.00415352 0.00442139
internal_weight=466.634 436.634 85.2795 351.354 114.586 62.323 52.2625 27.4386 236.769 209.364 199.54 76.6801 33.1448 122.86
internal_count=3964 3812 1032 2780 746 406 340 196 2034 1711 1643 670 239 973
is_linear=0
shrinkage=0.03


Tree=53
num_leaves=15
num_cat=0
split_feature=9 22 4 22 24 4 4 28 13 3 18 12 24 6
split_gain=17.063 13.7817 14.8608 10.7535 12.5296 11.8808 18.0508 8.92119 7.78549 9.69207 7.55248 7.41031 10.2688 7.52935
threshold=0.0081174716435957594 1.1650000000000003 0.0026145482155652705 0.48500000000000004 -1.0742172065833933 0.0034831238003299575 0.002714680183505019 0.034105030513130581 0.88550609964247851 0.005725333662253901 4.3350000000000009 -0.12337526665762109 0.14192542425291566 1.0060911311826815
decision_type=10 2 10 2 10 10 10 10 10 10 2 10 10 10
left_child=1 3 -3 4 10 6 -6 -5 -7 -10 -1 -4 13 -13
right_child=-2 2 11 7 5 8 -8 -9 9 -11 -12 12 -14 -15
leaf_value=0.0041549618723918094 0.022292073706134456 0.033963443130725822 0.0097795221313312052 -0.021917597738150378 -0.010247346146916175 0.01631937170978497 0.043582925898307916 0.01526514575865308 -0.01868196484492567 0.011768782845882279 -0.021710099771179554 -0.0046068252643001835 -0.027376418455023553 0.0088598602462817578
leaf_weight=14.065514862537382 30.191030018031597 12.907395146787165 75.731688551604748 49.968548133969307 8.5421778485178965 14.10714680701494 13.705172650516031 5.843290787190198 27.680361352860928 13.180902935564516 33.112748321145773 94.913621731102467 11.734091393649576 60.220098473131657
leaf_count=154 152 86 487 718 121 108 135 68 244 70 456 713 89 363
internal_value=0.000856889 -0.000676024 0.00379979 -0.00700806 -0.00205158 0.0053792 0.0233623 -0.0178245 -0.00218649 -0.00881277 -0.0140726 0.00206211 -0.00147777 0.000643962
internal_weight=465.904 435.713 255.507 180.206 124.394 77.2158 22.2474 55.8118 54.9684 40.8613 47.1783 242.6 166.868 155.134
internal_count=3964 3812 1738 2074 1288 678 256 786 422 314 610 1652 1165 1076
is_linear=0
shrinkage=0.03


Tree=54
num_leaves=15
num_cat=0
split_feature=4 6 14 6 14 3 21 10 23 28 1 28 28 17
split_gain=16.0035 10.0502 21.6091 18.6393 10.215 11.0393 9.19703 8.43965 12.0041 9.78436 7.23112 8.36897 6.9826 14.6672
threshold=0.0063757229204524273 1.1915633014078562 2.1150000000000007 1.8359812934390225 1.8250000000000004 0.0023025891952854079 0.0051041778553254221 20.665000000000003 -0.045415489553304149 0.022056623100801937 0.0032349139389296071 0.0083135784146240749 0.015758982185458383 0.051298917604258053
decision_type=8 10 2 8 2 10 10 2 10 10 10 10 10 10
left_child=1 4 3 -3 5 -1 -2 9 -9 10 11 -6 -13 -14
right_child=6 2 -4 -5 7 -7 -8 8 -10 -11 -12 12 13 -15
leaf_value=0.014017335206837709 -0.01047213841660115 0.050708332617335948 -0.0035948354708206661 0.0048008525966632366 0.024912367915866599 -0.024738935875686461 0.013936007817628396 0.029845389269348467 -0.0017824336207395426 -0.021443721465447246 -0.015824620275975407 -0.010317611624642621 0.016622755732025631 -0.022808429501329559
leaf_weight=7.2845702692866316 15.406032294034956 13.75770131498575 72.912164613604546 17.788403436541561 11.036007240414618 38.022630460560322 98.287698864936829 14.598919332027434 34.77551431208849 29.351949606090784 26.977673046290874 42.321902263909578 32.281345631927252 10.448194682598112
leaf_count=88 104 100 621 113 75 420 472 138 310 354 249 417 376 127
internal_value=0.000833514 -0.00233506 0.00543188 0.0257646 -0.00562711 -0.0183395 0.0105661 -0.0026965 0.00797604 -0.00618325 -0.0024 0.00149328 -0.00179969 0.00667998
internal_weight=465.251 351.557 104.458 31.5461 247.099 45.3072 113.694 201.792 49.3744 152.417 123.065 96.0874 85.0514 42.7295
internal_count=3964 3388 834 213 2554 508 576 2046 448 1598 1244 995 920 503
is_linear=0
shrinkage=0.03


Tree=55
num_leaves=15
num_cat=0
split_feature=22 22 0 14 22 18 18 21 13 7 12 6 2 7
split_gain=13.2091 13.5334 12.0832 10.6107 11.6557 9.15236 12.0553 14.6827 12.0014 9.98973 7.97157 8.73997 17.3875 12.0056
threshold=1.2450000000000003 0.48500000000000004 -0.0059431896602504244 3.7150000000000003 2.5650000000000004 4.3800000000000008 3.7450000000000006 0.0034539519539484348 1.6661606389127883 0.002766045570381515 -0.16047764422287122 -0.88474558775115186 0.015619482482815973 0.0024255023795474178
decision_type=2 2 10 2 2 2 2 10 10 10 10 10 10 10
left_child=1 2 -1 4 10 6 7 9 -7 -4 -2 13 -13 -12
right_child=3 -3 5 -5 -6 8 -8 -9 -10 -11 11 12 -14 -15
leaf_value=0.032775826167511429 0.014832519543377023 -0.016800480701666856 0.0002609475083750804 0.022820367324602544 -0.016935850276337511 -0.021170891286039543 0.034475755122389075 -0.010177446873626201 0.022244170033749108 0.039843977917698524 -0.00053649202455632536 -0.012948635183390818 0.0088605546715215516 0.033979803499354311
leaf_weight=8.3272055871784669 51.958931267261505 65.566734302788973 12.310581192374231 24.595830470323563 23.987137205898762 33.798717461526394 8.7564718388020975 49.098772592842579 6.0110811777412883 9.7699766159057599 21.004557020962238 65.677566476166248 63.985859133303165 14.920419588685034
leaf_count=62 310 895 104 144 211 464 102 443 67 83 127 503 345 77
internal_value=0.00011655 -0.00582787 -0.000123815 0.00444741 0.00249008 -0.00266418 0.00320101 -0.00107074 -0.014231 0.0187427 0.00469971 0.00145025 -0.00220087 0.0143309
internal_weight=459.77 193.64 128.073 266.13 241.534 119.746 79.9358 71.1793 39.8098 22.0806 217.547 165.588 129.663 35.925
internal_count=3937 2220 1325 1717 1573 1263 732 630 531 187 1362 1052 848 204
is_linear=0
shrinkage=0.03


Tree=56
num_leaves=15
num_cat=0
split_feature=9 18 13 13 6 1 27 8 2 16 14 5 14 23
split_gain=13.7421 10.6891 9.82091 16.8513 11.7433 16.6369 12.0215 9.76149 9.00662 8.76306 9.87817 9.70078 8.11633 7.23763
threshold=0.0081174716435957594 2.4050000000000007 0.99902081144584964 0.6697302432395732 1.1915633014078562 0.00024590944125013619 -0.0072358207569909174 -0.0058771677132543046 -0.017116620144165703 -0.063085279638596656 2.8150000000000004 -0.00083005347200776119 2.4850000000000008 0.0099257009179398708
decision_type=10 2 8 10 8 10 10 10 10 8 2 10 2 10
left_child=1 2 3 12 5 6 -5 -8 -3 10 11 -4 -1 -14
right_child=-2 8 9 4 -6 -7 7 -9 -10 -11 -12 -13 13 -15
leaf_value=-0.022987508866640496 0.019265749541714606 0.013057056188650443 -0.023454046458028208 -0.0053674875999567759 0.030454377060621748 -0.011411983249750535 0.010832447499615316 0.048140841826236756 -0.016088243362685904 -0.0069996374676559977 0.026555755024851795 0.0065728282278797725 -0.011097475666066526 0.018793614335179586
leaf_weight=17.629212908446789 30.435010366141796 10.480894878506659 11.595166135579346 11.679184872657059 27.874816954135895 25.218322739005089 12.856188468635082 12.999880976974964 61.634996507316828 153.15094657987356 14.982172846794127 40.889825705438852 15.040222812443973 12.389432966709135
leaf_count=205 151 88 112 95 158 210 107 87 850 1300 96 285 107 86
internal_value=0.000119043 -0.00128283 0.000858941 0.00718106 0.0145825 0.00716515 0.0196186 0.0306844 -0.0117318 -0.00304422 0.00590569 -0.000375301 -0.00769905 0.0025899
internal_weight=458.856 428.421 356.305 135.687 90.6284 62.7536 37.5353 25.8561 72.1159 220.618 67.4672 52.485 45.0589 27.4297
internal_count=3937 3786 2848 1055 657 499 289 194 938 1793 493 397 398 193
is_linear=0
shrinkage=0.03


Tree=57
num_leaves=15
num_cat=0
split_feature=9 18 7 13 24 7 26 14 22 4 28 16 27 9
split_gain=12.8935 10.1731 9.43268 13.6152 16.0958 11.4119 10.6193 8.55454 10.8868 10.8405 7.53466 6.53382 7.98649 7.42764
threshold=0.0081174716435957594 2.4050000000000007 0.0067705230468839703 0.88550609964247851 -0.0069207743019276948 -0.01743999557800224 -0.028101837297044959 4.3550000000000013 -0.034999999999999996 0.0034831238003299575 0.035791704153348515 0.05215740930275848 -0.15618541913139669 0.0056641670300494199
decision_type=10 2 10 8 8 8 10 2 2 8 8 10 10 10
left_child=1 2 5 -4 6 -1 -5 -3 -9 -10 11 12 -7 -13
right_child=-2 7 3 4 -6 10 -8 8 9 -11 -12 13 -14 -15
leaf_value=0.023443886022448863 0.018615743102442225 -0.022502646036513557 0.031263624675146706 0.035291014281598115 -0.013163434083723625 0.019099055961491189 0.0033065361065346553 -0.023622422202406769 0.02798705716970103 -0.0095543515089726774 -0.026529013933567228 0.010399885619227058 -0.0069313758846598923 -0.01495894716641784
leaf_weight=14.031459059566258 30.585354425013065 32.856920253485441 18.769175108522177 14.223725721240042 30.330368589609861 10.373823221772907 24.792770773172379 12.599518362432717 12.788706596940758 13.143669776618479 11.145180232822893 54.247668515890837 166.18297364190221 11.879826225340365
leaf_count=97 151 454 149 91 248 75 173 191 163 130 104 467 1361 83
internal_value=0.000118394 -0.00124578 0.000836761 0.00929335 0.00298706 -0.00196935 0.0155572 -0.0114984 -0.00178291 0.00931116 -0.00346066 -0.00229673 -0.00530297 0.00568919
internal_weight=457.951 427.366 355.977 88.116 69.3469 267.861 39.0165 71.3888 38.5319 25.9324 253.829 242.684 176.557 66.1275
internal_count=3937 3786 2848 661 512 2187 264 938 484 293 2090 1986 1436 550
is_linear=0
shrinkage=0.03


Tree=58
num_leaves=15
num_cat=0
split_feature=9 18 13 13 6 1 7 2 26 14 9 18 9 25
split_gain=12.1021 9.6941 8.97361 15.831 10.7031 15.5914 19.0278 8.54301 10.3825 7.82878 6.92043 7.45068 12.4728 9.57864
threshold=0.0081174716435957594 2.4050000000000007 0.99902081144584964 0.6697302432395732 1.1915633014078562 0.00024590944125013619 1.0000000180025095e-35 -0.017116620144165703 -0.053370855107198516 2.4850000000000008 0.0027382298493961051 0.13500000000000004 0.0055274082251162331 0.045421996438648492
decision_type=10 2 8 10 8 10 10 10 10 2 10 2 10 8
left_child=1 2 3 9 5 6 -5 -3 -9 -1 -4 13 -13 -12
right_child=-2 7 10 4 -6 -7 -8 8 -10 -11 11 12 -14 -15
leaf_value=-0.022789731180905978 0.017992733549369675 0.012737919132731106 -0.020472918849425516 0.0020811750183710944 0.02899288828855499 -0.011210748219805796 0.045260405280730803 0.017388702162349463 -0.020072555050167726 0.0024159199910072514 -0.014428682310206208 0.010232921440531863 -0.010856746636227942 0.0069905314393623316
leaf_weight=17.39075118303299 30.72747103869915 10.551820583641527 17.545802470296621 23.875568732619286 28.267618052661419 25.078697469085455 14.032871741801499 6.810467440634965 53.382658969610929 27.513529948890209 60.376535706222057 79.732138678431511 35.780557181686163 26.362856887280941
leaf_count=205 151 88 166 185 158 210 104 94 756 193 584 634 265 144
internal_value=0.000115976 -0.00121042 0.000815061 0.00683966 0.0139652 0.0068733 0.0188176 -0.011271 -0.0156192 -0.00762966 -0.0029311 -0.00131607 0.00366319 -0.00791323
internal_weight=457.429 426.702 355.957 136.159 91.2548 62.9871 37.9084 70.7449 60.1931 44.9043 219.798 202.252 115.513 86.7394
internal_count=3937 3786 2848 1055 657 499 289 938 850 398 1793 1627 899 728
is_linear=0
shrinkage=0.03


Tree=59
num_leaves=15
num_cat=0
split_feature=9 18 7 20 7 13 24 26 8 14 22 4 10 11
split_gain=11.3634 9.21243 8.78843 12.3368 10.6814 10.1584 15.9881 12.8798 8.30808 7.93363 8.34884 10.7586 6.74047 7.56111
threshold=0.0081174716435957594 2.4050000000000007 0.0067705230468839703 0.15415067982725841 -0.01743999557800224 0.88550609964247851 -0.0069207743019276948 -0.028101837297044959 0.0070757817357458572 4.3550000000000013 -0.034999999999999996 0.0034831238003299575 28.825000000000003 -0.087978940199049158
decision_type=10 2 10 8 8 10 10 10 10 2 2 8 2 10
left_child=1 2 4 5 -1 -4 7 -7 9 -3 -11 -12 13 -6
right_child=-2 8 3 -5 12 6 -8 -9 -10 10 11 -13 -14 -15
leaf_value=0.022512350946576935 0.017395152255208195 -0.017655704919359996 0.033420313649727126 -0.018215350841887964 -0.011093297196326539 0.041839119358483716 -0.011060849000340279 0.005098686108521806 -0.026218485524830713 -0.018739638445631802 0.037761711644661397 -0.0044799327434808184 -0.019062496427102168 0.0013089734215517926
leaf_weight=14.200736392289398 30.861831575632095 20.720932889729738 16.704735651612282 12.073408037424086 58.34156684204936 13.597945213317869 24.401667408645153 21.650197435170412 21.313059002161026 7.6771677471697357 9.5769277848303336 10.756853640079497 21.500111740082502 173.20075043290854
leaf_count=97 151 281 127 102 512 84 199 149 325 111 114 107 144 1434
internal_value=0.000113051 -0.00117763 0.000790294 0.00893287 -0.00192726 0.0134056 0.00734194 0.0200355 -0.0110407 -0.00400895 0.00634678 0.0162528 -0.00338202 -0.00185028
internal_weight=456.578 425.716 355.671 88.428 267.243 76.3545 59.6498 35.2481 70.0449 48.7319 28.0109 20.3338 253.042 231.542
internal_count=3937 3786 2848 661 2187 559 432 233 938 613 332 221 2090 1946
is_linear=0
shrinkage=0.03


Tree=60
num_leaves=15
num_cat=0
split_feature=20 28 4 7 21 13 3 19 11 14 25 27 2 6
split_gain=12.1323 14.4377 11.6512 9.80533 13.2927 10.8462 9.71792 8.24846 7.30577 7.15323 6.60283 14.7798 7.32689 8.24215
threshold=-0.80042708437135446 0.048458161300633955 0.0028952012981834922 0.005772013448487546 0.013088765773499473 0.89952260612103696 0.0068483896119355507 0.013245226750020602 0.040762566992845979 2.1350000000000002 0.044659530720894521 -0.016960408131717394 0.018898108901611813 -0.30135856657907756
decision_type=8 8 8 10 10 10 8 10 10 2 10 10 10 10
left_child=-1 2 7 10 5 -5 9 -2 -7 -6 -4 -12 13 -13
right_child=1 -3 3 4 6 8 -8 -9 -10 -11 11 12 -14 -15
leaf_value=0.028991924786778447 -0.014969141970067296 -0.031358749187001683 -0.0027452999457279691 0.043502541763318442 0.012275110045684637 0.00032741144947374137 0.022189714010953564 0.012235542355490391 0.02453330782487918 -0.016970966317494132 -0.012844405836396873 0.026223774574947987 0.035271516568630631 -0.0026869843922072748
leaf_weight=12.4923730045557 56.451948191970587 11.743028022348879 195.55887447670102 13.168496359139679 9.6833819523453695 21.864869080483913 11.162127181887625 11.360328014940022 22.113757822662592 25.514239020645618 20.657380826771259 14.11130106449127 13.188843339681624 21.1058119982481
leaf_count=55 821 88 1627 85 89 159 49 149 135 231 135 90 70 163
internal_value=0.000963392 0.000118399 0.00103613 0.0031466 0.010927 0.020481 -0.00103376 -0.0103001 0.0127737 -0.00880811 7.36013e-05 0.00798082 0.0169481 0.00930161
internal_weight=460.177 447.684 435.941 368.129 103.507 57.1471 46.3597 67.8123 43.9786 35.1976 264.622 69.0633 48.406 35.2171
internal_count=3946 3891 3803 2833 748 379 369 970 294 320 2085 458 323 253
is_linear=0
shrinkage=0.03


Tree=61
num_leaves=15
num_cat=0
split_feature=20 4 19 13 27 27 27 9 13 25 13 7 7 3
split_gain=11.418 9.59559 8.62387 8.051 7.48669 7.4542 9.47415 14.6845 16.9515 10.9799 10.5685 9.70127 12.0768 9.64335
threshold=-0.80042708437135446 0.0028952012981834922 0.013245226750020602 2.1672100298503536 -0.038525386972210189 0.14335464519352351 -0.016960408131717394 0.0052445287498554963 0.71020965064166675 0.044659530720894521 1.0823983361635687 -0.0098988261895129864 0.0011297193869035385 0.0037333604188841993
decision_type=8 10 10 10 8 10 10 10 10 10 10 10 10 10
left_child=-1 2 3 4 -2 6 7 8 -3 10 11 -8 -13 -14
right_child=1 5 -4 -5 -6 -7 9 -9 -10 -11 -12 12 13 -15
leaf_value=0.028080224746055472 -0.0016060053243614149 -0.027259265223223503 0.0097047773015175812 0.0087853881544662782 -0.026608414498616714 -0.014870845277920963 0.031201372053311673 -0.018667536505845923 0.0084767135589176694 0.017637164681757949 -0.0071635583829927152 -0.0056767427279278034 0.036938809650406898 0.0054361061941766717
leaf_weight=12.542710006237028 15.414404012262819 13.011819060891865 16.15697743371129 10.552773859351872 35.911805897951126 20.834349110722542 13.839950300753115 37.788918036967516 80.429268963634968 61.724196553230286 59.136395275592804 44.97338879853487 13.074920307844875 24.226365681737661
leaf_count=55 205 129 180 94 565 188 96 296 590 393 533 335 125 162
internal_value=0.000941878 0.000119542 -0.00936948 -0.014425 -0.0192738 0.00214596 0.0032038 -0.00314447 0.00326448 0.00704015 0.00274111 0.00884616 0.00475613 0.0171546
internal_weight=459.618 447.076 78.036 61.879 51.3262 369.04 348.205 131.23 93.4411 216.975 155.251 96.1146 82.2747 37.3013
internal_count=3946 3891 1044 864 770 2847 2659 1015 719 1644 1251 718 622 287
is_linear=0
shrinkage=0.03


Tree=62
num_leaves=15
num_cat=0
split_feature=20 28 4 25 27 28 11 17 26 14 12 5 10 19
split_gain=10.7551 13.8103 10.4634 8.2315 14.013 9.6101 8.43419 10.0744 8.02323 9.04813 9.98938 11.3189 7.87093 7.53506
threshold=-0.80042708437135446 0.048458161300633955 0.0028952012981834922 0.044659530720894521 -0.0072358207569909174 0.020036338842964591 -0.10063446363635319 0.029451119181665486 -0.075330915384110839 1.9950000000000003 0.028505653882294982 0.0049344107128769113 20.805000000000003 0.013245226750020602
decision_type=8 8 8 10 10 10 10 10 10 2 10 10 2 10
left_child=-1 2 13 6 -5 12 -4 -8 -9 10 11 -10 -6 -2
right_child=1 -3 3 4 5 -7 7 8 9 -11 -12 -13 -14 -15
leaf_value=0.02720834095519294 -0.014449480609624398 -0.030989894342711984 -0.010817567728955752 -0.0039419487221727051 0.012841189551991223 0.0024309019514284118 0.020805947924305422 0.021503757050497084 0.0067258827387011765 -0.0055419319536756887 -0.0074244920638937336 0.044897593121132694 0.039578123591206903 0.01144548915437821
leaf_weight=12.58763813972473 55.018108088523149 11.48941023647785 49.738322142511606 38.94187806174159 20.467167265713215 21.769576493650675 23.696977768093348 14.033508867025374 21.553936880081896 128.22561257332563 19.275082159787416 9.6770917922258359 21.181863356381655 11.554642226547001
leaf_count=55 821 88 447 248 117 159 172 114 185 1040 158 64 129 149
internal_value=0.000914864 0.000114679 0.00100515 0.00298764 0.010173 0.0187668 0.000196986 0.002766 0.000452383 -0.00131096 0.00932974 0.0195796 0.0270482 -0.00985217
internal_weight=459.211 446.623 435.134 368.561 102.36 63.4186 266.201 216.462 192.765 178.732 50.5061 31.231 41.649 66.5728
internal_count=3946 3891 3803 2833 653 405 2180 1733 1561 1447 407 249 246 970
is_linear=0
shrinkage=0.03


Tree=63
num_leaves=15
num_cat=0
split_feature=20 28 6 2 7 8 12 22 28 10 28 27 18 24
split_gain=10.1305 13.3761 9.17377 16.1072 11.0684 10.0122 16.5217 11.9996 8.51344 8.42322 10.675 8.18332 12.6032 10.6427
threshold=-0.80042708437135446 0.020403400245186654 0.98900066103636586 0.00673760732596529 -0.014800587391490703 -0.0060734847076471246 -0.13574264805905686 0.16500000000000004 0.017772515539376855 16.415000000000003 0.048458161300633955 -0.016960408131717394 0.14500000000000005 0.14192542425291566
decision_type=8 8 10 10 10 10 10 2 10 2 10 10 2 8
left_child=-1 2 3 4 -2 6 -6 -7 -9 -3 -11 12 -4 -13
right_child=1 9 11 -5 5 7 -8 8 -10 10 -12 13 -14 -15
leaf_value=0.026373513424736383 0.029886241983524429 -0.018015162956207195 -0.016980880462582705 -0.019659867056100885 0.014334010552098653 -0.018606378239206651 -0.016741704418494211 0.0077551999876080318 0.033302489340935319 0.00027928046507638498 -0.030460916541173513 0.026184391216208924 0.01685967211555835 -0.0022957470488634713
leaf_weight=12.627532124519346 12.608934946358202 42.713804893195629 18.113809756934643 29.893115784972906 21.886474139988422 11.247174780815838 46.491134945303202 51.600085105746984 14.592475078999994 108.86095092445612 10.212528541684149 42.355771567672491 19.5595568343997 16.020319558680058
leaf_count=55 102 565 112 245 177 146 453 438 141 888 73 274 133 144
internal_value=0.000893715 0.000115194 0.00402946 0.000167202 0.00400818 0.00158217 -0.00673168 0.00891534 0.013799 -0.00674729 -0.00258893 0.0115223 0.000570368 0.0184615
internal_weight=458.784 446.156 284.369 188.319 158.426 145.817 68.3776 77.4397 66.1926 161.787 119.073 96.0495 37.6734 58.3761
internal_count=3946 3891 2365 1702 1457 1355 630 725 579 1526 961 663 245 418
is_linear=0
shrinkage=0.03


Tree=64
num_leaves=15
num_cat=0
split_feature=4 27 13 27 17 13 11 6 1 0 27 13 7 24
split_gain=9.62983 9.23427 8.41239 7.99201 12.5402 9.28892 8.97655 8.88133 12.5954 9.61561 9.18114 11.1179 8.41111 12.581
threshold=0.0028952012981834922 0.14335464519352351 3.3379139286885664 -0.016960408131717394 0.056184611104328944 0.71020965064166675 0.05110028956573754 1.1915633014078562 0.0021598300891771953 -0.0031195466571372061 0.080442678506958312 1.0050942573803157 0.0016676501349524033 0.0070671672230924474
decision_type=8 8 10 10 10 10 10 10 10 10 10 10 10 10
left_child=-1 2 3 4 5 -2 -6 8 9 -5 11 -9 13 -11
right_child=1 -3 -4 7 6 -7 -8 10 -10 12 -12 -13 -14 -15
leaf_value=-0.0096473659231070975 -0.023513868201503856 -0.0157550026787798 0.017915227519497975 -0.0060853252848949782 -0.029878950533930321 0.0058148017522069318 0.0013051548928901227 0.039611229932472507 -0.010368080677375777 -0.0066987021153199142 -0.0040869539325868618 0.0074781713018750402 0.027675675617836321 0.021578645704101181
leaf_weight=66.012889161705971 10.058873951435087 22.117507193237543 33.473710276186466 31.368074379861355 22.020807605236769 79.636929534375668 12.872237354516981 18.984062932431698 48.26619553565979 29.437209185212851 14.186920221894978 19.933614928275347 24.383532803505659 25.66939714923501
leaf_count=970 107 212 166 238 206 585 82 96 381 267 99 138 200 199
internal_value=0.000867218 0.00265606 0.00379522 0.00234306 -0.00366976 0.00230276 -0.0186591 0.00587355 0.00228785 0.0078415 0.016377 0.0237523 0.0133446 0.0066231
internal_weight=458.422 392.409 370.292 336.818 124.589 89.6958 34.893 212.229 159.124 110.858 53.1046 38.9177 79.4901 55.1066
internal_count=3946 2976 2764 2598 980 692 288 1618 1285 904 333 234 666 466
is_linear=0
shrinkage=0.03


Tree=65
num_leaves=15
num_cat=0
split_feature=27 1 7 7 21 16 13 20 6 16 11 23 5 22
split_gain=9.0022 8.69457 7.2564 7.6493 15.2315 15.4471 12.0456 7.86423 6.55973 6.35971 8.98869 6.10705 6.01674 8.49524
threshold=0.14335464519352351 -0.019960331561803765 -0.01743999557800224 0.0060598782351095623 0.013088765773499473 -0.058744613552220597 0.91216955682624867 0.12816910256289712 -0.96515069711020418 0.024383062998406316 0.028171085528719612 -0.017143416949836506 0.024976177220674769 0.48500000000000004
decision_type=8 10 10 10 10 10 10 10 8 10 10 10 10 2
left_child=1 -1 -3 7 6 -6 -5 12 -9 -7 -11 -10 13 -4
right_child=-2 2 3 4 5 9 -8 8 11 10 -12 -13 -14 -15
leaf_value=0.020860076312048666 -0.018327430404610844 0.01756130174726948 0.00046388407607966115 0.037264635102828993 0.017129637911900485 -0.02775732434430573 0.0070411460458194601 -0.011704353155608384 0.0011564973962849441 0.011829926539887651 -0.025768868671260943 0.02839200801219427 0.016455047601796977 -0.011453984668402115
leaf_weight=16.406883291900158 24.287539705634117 17.576552022248507 82.965688541531563 15.249223027378319 17.099087193608284 20.027166396379471 46.535689204931259 10.331065900623797 14.448952224105597 12.515934988856317 8.9624434895813447 14.40323505923152 9.1152181923389417 151.88466222211719
leaf_count=77 251 134 882 114 117 207 324 82 124 127 98 107 41 1345
internal_value=-0.000923741 8.19567e-05 -0.000775071 -0.00161517 0.00469375 -0.00621521 0.0149754 -0.00430468 0.00802754 -0.0160094 -0.00430762 0.0152483 -0.00631004 -0.00725964
internal_weight=461.809 437.522 421.115 403.538 120.39 58.6046 61.7849 283.149 39.1833 41.5055 21.4784 28.8522 243.966 234.85
internal_count=4030 3779 3702 3568 987 549 438 2581 313 432 225 231 2268 2227
is_linear=0
shrinkage=0.03


Tree=66
num_leaves=15
num_cat=0
split_feature=4 28 13 3 16 10 4 9 21 21 27 16 25 13
split_gain=9.13053 8.35919 9.78614 9.32362 17.6475 11.1581 8.58537 14.3549 11.1649 10.5755 10.3074 7.90893 7.86616 7.35054
threshold=0.005911697174929534 0.020692108665091264 3.1746868128456129 0.0025035576983464427 0.043249983793816567 18.495000000000001 0.0031717345711136085 0.0053440616078253159 0.026507181892781666 0.0039403446282427713 -0.099482170859800143 0.0097681019995021785 0.042887548548867942 2.1672100298503536
decision_type=10 8 10 10 10 2 10 10 10 10 10 10 10 10
left_child=1 6 3 4 5 -3 7 10 9 -8 -1 -10 -11 -12
right_child=-2 2 -4 -5 -6 -7 8 -9 11 12 13 -13 -14 -15
leaf_value=0.019626404252898862 0.0059745616746746995 -0.029680861473396058 0.012396445267141168 -0.018309749580138531 0.042978948770320602 0.016652107895687284 0.017944357741525814 0.024056987964840095 0.0054878494842148509 -0.0091242444408445467 -0.022529617266467676 0.035463575096320976 0.011023053381721876 0.012140776170284013
leaf_weight=6.3394298292696467 125.59140449017286 11.236360441893344 14.578091718256472 77.102889787405729 6.1510894671082488 6.7510294802486888 22.176963414996862 9.3530917353928071 17.605136707425121 75.780567307025194 47.007478609681129 14.089517358690498 21.652982212603092 5.5826468393206587
leaf_count=75 638 185 90 852 87 46 194 82 173 605 707 110 126 60
internal_value=-0.000895384 -0.00347791 -0.00996152 -0.0132707 0.00291313 -0.01233 -2.85344e-05 -0.00878374 0.00395434 -0.000289891 -0.0143106 0.0194904 -0.00458035 -0.0186913
internal_weight=460.999 335.407 115.819 101.241 24.1385 17.9874 219.588 68.2826 151.305 119.611 58.9296 31.6947 97.4335 52.5901
internal_count=4030 3392 1260 1170 318 231 2132 924 1208 925 842 283 731 767
is_linear=0
shrinkage=0.03


Tree=67
num_leaves=15
num_cat=0
split_feature=4 26 28 4 21 21 12 26 27 16 13 8 23 16
split_gain=8.58744 8.70776 12.2073 8.89731 10.666 10.6879 11.2415 10.1868 10.9655 8.82497 8.76222 7.91961 7.33457 7.23046
threshold=0.005911697174929534 -0.10146487901822264 0.020692108665091264 0.0031717345711136085 0.026507181892781666 0.0039403446282427713 -0.018144532133429699 -0.0054861927233349475 0.061296973208800239 -0.0042284117088973163 2.1672100298503536 0.038037540360641671 0.0055103249085100567 0.0097681019995021785
decision_type=10 8 8 10 8 10 8 8 10 10 10 10 8 10
left_child=1 -1 3 10 5 6 -5 -7 9 -9 -3 -4 -11 -6
right_child=-2 2 11 4 13 7 -8 8 -10 12 -12 -13 -14 -15
leaf_value=0.019020191538398706 0.0057848643546252439 -0.013846779287615334 -0.015616147154443512 0.035038261741160225 0.005311887970513505 -0.017454570179866222 -0.0069031633414032159 -0.0081016539161964819 -0.017409456723418544 0.034028090014937042 0.016284516712464895 0.011610729572738315 0.004261216663760811 0.033805880695890661
leaf_weight=13.957867711782454 125.84732931107283 57.142482567578554 92.729292865842581 12.811401292681692 17.674721989780664 35.374907597899437 9.3729251176118868 14.914017397910355 16.857083436101675 14.608580879867077 9.3452865183353406 9.9901452399790269 14.879426263272762 14.381439760327337
leaf_count=96 638 830 1115 103 173 274 88 124 137 93 83 65 101 110
internal_value=-0.000865355 -0.00338057 -0.0044136 -0.000371126 0.00365814 -0.000530829 0.0177845 -0.00487458 0.00255358 0.010349 -0.00943309 -0.0128817 0.0196404 0.0187312
internal_weight=459.887 334.04 320.082 217.362 150.875 118.818 22.1843 96.634 61.2591 44.402 66.4878 102.719 29.488 32.0562
internal_count=4030 3392 3296 2116 1203 920 191 729 455 318 913 1180 194 283
is_linear=0
shrinkage=0.03


Tree=68
num_leaves=15
num_cat=0
split_feature=27 4 17 17 7 7 21 9 6 6 24 26 4 28
split_gain=8.51915 10.1076 10.0794 16.5892 8.18338 8.09972 12.8066 11.1289 10.3633 10.9627 8.32475 10.322 9.33971 9.38377
threshold=0.14335464519352351 0.0030641019044173935 0.034408536272574182 0.038699245198678019 0.00037675804426351439 0.0060598782351095623 0.0075915465451524009 0.0081174716435957594 0.7499911658583992 -0.65547183145852428 -1.0000000180025095e-35 0.014559729605562845 0.0051192653998890407 0.01681272002588741
decision_type=8 8 10 10 10 10 10 10 10 10 8 8 10 10
left_child=1 2 -1 4 -4 7 -7 10 9 -8 12 -12 -3 -14
right_child=-2 5 3 -5 -6 6 8 -9 -10 -11 11 -13 13 -15
leaf_value=-0.0266065467832825 -0.017945943783822447 -0.015676681602896956 0.050068389315559098 -0.010250626490101819 0.00063663828335607507 0.024501530826544982 0.010122597038102768 0.023068637498202642 0.014467554113353145 -0.02271887487541124 0.010000786688491796 -0.0073606925070245355 -0.0097461972197282563 0.016812704085407207
leaf_weight=21.051366422325373 23.784706428647041 62.600159551948309 5.9070476703345758 51.81823967024684 5.3941498287022114 33.176040187478065 15.038645830005406 15.846537075936793 30.462996531277895 20.691563084721565 75.953680757433176 50.495314605534077 26.267564848065376 20.362492077052593
leaf_count=355 251 573 84 704 78 218 92 78 201 162 570 414 142 108
internal_value=-0.000838029 0.000136257 -0.00913735 -0.002987 0.028444 0.0023804 0.00958563 -0.000492823 0.0018564 -0.00899682 -0.00216782 0.00306441 -0.00819769 0.00196108
internal_weight=458.851 435.066 84.1708 63.1194 11.3012 350.895 99.3692 251.526 66.1932 35.7302 235.679 126.449 109.23 46.6301
internal_count=4030 3779 1221 866 162 2558 673 1885 455 254 1807 984 823 250
is_linear=0
shrinkage=0.03


Tree=69
num_leaves=15
num_cat=0
split_feature=27 4 17 17 19 27 13 28 3 22 12 13 6 1
split_gain=8.1444 9.57175 9.84334 15.5401 9.6997 8.49656 8.0029 8.46011 9.76211 8.46806 8.56961 8.01151 12.08 9.5371
threshold=0.14335464519352351 0.0030641019044173935 0.034408536272574182 0.038699245198678019 0.061091257407934259 -0.077100983500444351 3.1746868128456129 0.020692108665091264 0.0025478579204208673 2.5150000000000001 -0.1634684997344302 0.99902081144584964 1.2340117086168763 0.0024165443398140867
decision_type=8 8 10 10 10 10 10 10 10 2 10 10 10 10
left_child=1 2 -1 -4 5 -5 7 9 -9 10 -3 12 13 -12
right_child=-2 6 3 4 -6 -7 -8 8 -10 -11 11 -13 -14 -15
leaf_value=-0.026429850467941187 -0.017651600780279577 0.016488742889975205 0.027143852291843525 0.0082848673874584555 0.022758151178654366 -0.021878393072529756 0.016412525396598848 0.020380048974464153 -0.010487051463151634 -0.013431346710763622 0.010176377856378125 -0.0044361756734565176 0.027798343186861075 -0.0150759965000156
leaf_weight=20.570314727723598 23.47725023329258 49.815782736986876 11.552894253283737 10.394299190491436 6.1885132156312457 34.813754580914974 31.844371944665909 9.4886077903211099 78.934229120612144 22.003461882472038 39.395366873592138 78.94178744405508 21.225044175982475 19.197903018444777
leaf_count=355 251 323 162 123 60 521 155 81 687 182 283 598 108 141
internal_value=-0.000814561 0.000133925 -0.00893183 -0.00289003 -0.0100302 -0.014914 0.0023113 0.000856755 -0.00698385 0.00388065 0.00576234 0.00231446 0.00896325 0.00178837
internal_weight=457.844 434.366 83.5198 62.9495 51.3966 45.2081 350.847 319.002 88.4228 230.579 208.576 158.76 79.8183 58.5933
internal_count=4030 3779 1221 866 704 644 2558 2403 768 1635 1453 1130 532 424
is_linear=0
shrinkage=0.03


Tree=70
num_leaves=15
num_cat=0
split_feature=13 13 27 27 27 7 24 14 3 28 7 3 28 3
split_gain=10.7647 8.86505 12.0063 11.6286 9.29984 9.26826 7.30001 12.9916 7.10072 8.54868 8.18328 8.81537 10.2717 8.37292
threshold=0.6697302432395732 0.96212948943298271 0.0077257785775839425 0.051990578851547127 -0.18023046609652257 0.0073546556537329453 -0.027844176112076121 2.5550000000000002 0.0023523405826650829 0.023847585140010404 -0.01743999557800224 0.0041901600574841538 0.032137060414486614 0.0047227146744188379
decision_type=10 10 10 10 10 10 10 2 10 10 10 10 10 10
left_child=6 2 -2 -4 -3 -5 -1 -8 9 -6 -10 -12 13 -13
right_child=1 4 3 5 8 -7 7 -9 10 -11 11 12 -14 -15
leaf_value=-0.01873862269163986 -0.0036048812318101456 0.016236746625025195 0.035572942276508215 -0.002817746373250476 0.00013247261268271415 0.030673680344662665 -0.023527918318817079 0.014752720195803253 0.019005947147301454 0.037093658220948067 -0.011353603603635238 0.02131973616097951 -0.018248167148489449 0.00033410569293613302
leaf_weight=37.604904133826494 31.512792363762856 28.675403907895088 22.524965278804302 23.376625288277864 14.872544292360546 9.8075470291078073 11.675532981753348 20.535905353724957 13.384158451110123 8.0712750256061536 93.951172776520252 19.816473659127951 21.062961526215076 96.312469467520714
leaf_count=535 278 155 164 198 185 69 118 156 86 89 1077 146 141 571
internal_value=0.000810293 0.00278884 0.0111363 0.0193914 0.00030111 0.00768836 -0.00994006 0.000586674 -0.00146145 0.014141 -0.00297705 -0.00432635 0.000533358 0.00406658
internal_weight=453.185 383.368 87.2219 55.7091 296.146 33.1842 69.8163 32.2114 267.471 22.9438 244.527 231.143 137.192 116.129
internal_count=3968 3159 709 431 2450 267 809 274 2295 274 2021 1935 858 717
is_linear=0
shrinkage=0.03


Tree=71
num_leaves=15
num_cat=0
split_feature=13 13 10 14 13 3 10 14 24 10 13 0 3 24
split_gain=10.2268 8.31059 11.4205 14.8179 8.21672 7.83725 12.3273 7.3883 8.02049 7.68321 8.62526 10.8953 10.0353 7.02177
threshold=0.6697302432395732 0.96212948943298271 18.795000000000005 3.0750000000000006 3.3379139286885664 0.0023523405826650829 20.665000000000003 1.6150000000000004 0.16342959114549535 33.685000000000009 1.5452619316167855 0.0038183183477586984 0.0059576667861723238 -0.027844176112076121
decision_type=10 10 2 2 10 10 2 2 8 2 10 10 10 10
left_child=13 2 3 -2 5 6 -3 -7 9 10 -9 12 -12 -1
right_child=1 4 -4 -5 -6 7 -8 8 -10 -11 11 -13 -14 -15
leaf_value=-0.018462405302184477 0.012635393071629556 -0.0034937087110505347 0.033004175428380723 -0.019627709624741394 0.013069144128284893 -0.017910293170489502 0.040958661094788296 -0.0026733003959478539 -0.01327530198651183 -0.018215197222717121 -0.0014336005795464873 0.035394998206933356 0.029015821933435937 0.00055838845521980916
leaf_weight=37.0459746979177 56.168600641191006 13.114120781421663 15.882907301187513 15.559591829776762 38.34185753762722 26.39513286575675 8.6356527507305128 86.996408179402351 39.811770778149366 15.088936537504194 43.067614685744047 12.797750495374201 11.556922882795332 32.188953466713428
leaf_count=535 423 178 108 178 224 276 72 679 414 74 389 86 58 274
internal_value=0.000791255 0.00271279 0.0107721 0.00546309 0.000297552 -0.00164761 0.0151805 -0.00325794 -0.00133391 0.00153214 0.00356652 0.0115393 0.00541441 -0.00973715
internal_weight=452.652 383.417 87.6111 71.7282 295.806 257.464 21.7498 235.715 209.319 169.508 154.419 67.4223 54.6245 69.2349
internal_count=3968 3159 709 601 2450 2226 250 1976 1700 1286 1212 533 447 809
is_linear=0
shrinkage=0.03


Tree=72
num_leaves=15
num_cat=0
split_feature=13 13 27 27 27 22 14 24 1 3 13 3 22 1
split_gain=9.69888 7.77497 11.1793 10.3674 8.41426 7.39415 7.09645 11.4897 9.45895 6.31393 8.36904 8.94552 7.43894 10.7975
threshold=0.6697302432395732 0.96212948943298271 0.0077257785775839425 0.051990578851547127 -0.18023046609652257 1.385 2.4850000000000008 -0.016668210133795876 -0.0010403228656596928 0.0023523405826650829 1.6400682527444892 0.0020376429846205202 1.5750000000000004 -0.0054989772487288304
decision_type=10 10 10 10 10 2 2 10 8 10 10 10 2 10
left_child=6 2 -2 -4 -3 -5 -1 -8 -9 10 11 -6 -11 -14
right_child=1 4 3 5 9 -7 7 8 -10 12 -12 -13 13 -15
leaf_value=-0.025744903498755013 -0.0038107294886576084 0.015413639591263415 0.033369276808898632 -0.0057794350198314623 -0.0015456371701238227 0.021833162469379257 -0.015482467925564368 0.031712199052451831 -0.006777606817764288 -0.0079386762644433374 -0.011807418004454751 0.043030001777068366 -0.012536736307973416 0.007838513411804025
leaf_weight=17.039665620774031 31.599281195551157 28.802104078233242 23.035559426993132 17.958226792514324 6.6743038445711163 15.405062459409235 30.253548834472895 10.507010903209446 10.90104788914323 124.32330046594143 7.5009031631052485 9.0544379092752916 30.747855436056852 88.325495917350054
leaf_count=217 278 155 164 175 81 92 426 74 92 1254 91 102 204 563
internal_value=0.000771082 0.00263629 0.0104095 0.0183045 0.000293594 0.00723466 -0.00952722 -0.00379081 0.0126853 -0.00139123 0.0132238 0.0251532 -0.00283448 0.0025165
internal_weight=452.128 383.427 87.9981 56.3988 295.428 33.3633 68.7013 51.6616 21.4081 266.626 23.2296 15.7287 243.397 119.073
internal_count=3968 3159 709 431 2450 267 809 592 166 2295 274 183 2021 767
is_linear=0
shrinkage=0.03


Tree=73
num_leaves=15
num_cat=0
split_feature=13 13 27 11 27 5 24 1 13 7 3 3 1 10
split_gain=9.20266 7.29322 11.711 11.1627 7.82229 7.03985 6.52471 7.98575 9.95368 6.10902 6.63084 8.84826 9.87931 8.24347
threshold=0.6697302432395732 0.95249995971687751 0.0077257785775839425 0.031918724480219936 -0.18023046609652257 0.00045899354873742544 -0.027844176112076121 0.0036036295703365533 0.55398270216549539 -0.01743999557800224 0.0023523405826650829 0.0034235529783195667 -0.0060660931141869314 20.665000000000003
decision_type=10 10 10 10 10 10 10 10 10 10 10 8 10 2
left_child=6 2 -2 5 -3 -4 -1 8 -8 -6 13 -12 -13 -11
right_child=1 4 3 -5 9 -7 7 -9 -10 10 11 12 -14 -15
leaf_value=-0.017921872032282397 -0.0049000199253681912 0.014910571915770766 0.039118536133962059 -0.0015076804460554211 0.017547651062922238 0.012346052413039314 0.032361064525855833 -0.018171350888420659 -0.0080403073267092291 -0.0027259702450836958 -0.014315751819400462 -0.014201207184216975 0.003021043420669296 0.032100929811309499
leaf_weight=35.98164152726531 29.376044720411301 28.912662416696548 20.165028117597103 17.415382508188486 13.722599137574433 17.446151033043861 9.6584554873406905 11.837992165237663 10.664590775966643 13.72930892929435 54.656508848071098 36.977912310510874 141.32162375003099 9.8295708373188955
leaf_count=535 264 155 150 135 89 127 84 91 99 185 672 270 1021 91
internal_value=0.000750736 0.00256086 0.0102933 0.018347 0.000352198 0.0273414 -0.00932755 0.000538234 0.0117775 -0.00125463 -0.00232472 -0.00387311 -0.000609998 0.0125204
internal_weight=451.695 383.553 84.4026 55.0266 299.15 37.6112 68.1427 32.161 20.323 270.238 256.515 232.956 178.3 23.5589
internal_count=3968 3159 676 412 2483 277 809 274 183 2328 2239 1963 1291 276
is_linear=0
shrinkage=0.03


Tree=74
num_leaves=15
num_cat=0
split_feature=13 13 10 28 13 11 3 10 17 24 1 13 24 10
split_gain=8.72573 6.8567 10.4935 9.66346 7.24994 6.85237 6.61574 10.712 6.7412 6.28232 7.57636 9.2393 6.05669 6.33325
threshold=0.6697302432395732 0.96212948943298271 20.205000000000002 0.021926071094425445 3.3379139286885664 0.033420163122634079 0.0023523405826650829 20.665000000000003 0.052227990253302117 -0.027844176112076121 0.0036036295703365533 0.55398270216549539 0.16342959114549535 33.685000000000009
decision_type=10 10 2 10 10 10 10 2 10 10 10 10 8 2
left_child=9 2 3 -2 6 -6 7 8 -3 -1 11 -11 13 -8
right_child=1 4 -4 -5 5 -7 12 -9 -10 10 -12 -13 -14 -15
leaf_value=-0.017649178783504096 0.0099669255485795513 0.016123802643815237 0.036986211395870577 -0.019833184683136218 0.0010958455779904446 0.026313891671382501 0.00095014190475284301 0.037207356761238819 -0.023866934586962704 0.030941458852857626 -0.017838570967682595 -0.007858436838519868 -0.012993309404379127 -0.01845644553778731
leaf_weight=35.46479532495141 68.077803149819374 6.7579905353486556 10.184546273201702 10.462171342223881 22.082797572016716 16.418964870274067 174.87931280955672 8.9829940684139711 6.4550607278943062 9.8415517061948794 11.717562116682528 10.608073748648165 43.749562572687864 15.561206042766569
leaf_count=535 502 93 70 137 136 88 1427 72 85 84 91 99 469 80
internal_value=0.000731665 0.00248847 0.00975024 0.00579786 0.000278011 0.0122439 -0.00155951 0.0137351 -0.00371779 -0.00912409 0.00052368 0.0113863 -0.00306133 -0.000723727
internal_weight=451.244 383.612 88.7245 78.54 294.888 38.5018 256.386 22.196 13.2131 67.632 32.1672 20.4496 234.19 190.441
internal_count=3968 3159 709 639 2450 224 2226 250 178 809 274 183 1976 1507
is_linear=0
shrinkage=0.03


Tree=75
num_leaves=15
num_cat=0
split_feature=22 22 15 2 17 20 4 4 21 22 14 14 16 22
split_gain=10.3912 12.2416 9.17758 8.4719 5.90807 9.53696 5.40388 8.29819 8.50615 7.27866 10.3673 5.2074 13.2743 9.74241
threshold=1.0750000000000004 0.48500000000000004 -0.083381608939051041 -0.016093599522250198 0.067829117883463338 0.11657128878444291 0.0047203110355917184 0.0023872406841326833 0.0022360679774674173 0.085000000000000006 4.3550000000000013 2.1350000000000002 -0.012618589539391765 1.8450000000000004
decision_type=2 2 10 10 10 8 10 10 10 2 2 2 10 2
left_child=1 2 -1 -4 5 6 7 -5 -9 -10 -11 -2 -13 -14
right_child=11 -3 3 4 -6 -7 -8 8 9 10 -12 12 13 -15
leaf_value=0.027255529435190277 0.0098943619443044081 -0.018337940432619625 0.015356607832938482 -0.027831580247373273 -0.020478499197168227 0.02948150268244085 -0.016991357300571625 0.030397093313697918 -0.020183280383842258 -0.0068577429243931081 0.033466722811498824 -0.0082618488948423136 -0.0064305037747428772 0.013326898399369862
leaf_weight=8.9331413432955724 90.901249498128891 46.1775854639709 18.585588630288839 7.1387184336781493 19.780253406614065 6.6366427093744269 24.378062635660172 8.4342993982136232 11.54083953425288 15.004613071680071 8.0377734787762147 77.682087410241365 30.452689036726952 79.52817577123642
leaf_count=54 588 717 142 142 278 52 196 73 198 152 97 568 257 481
internal_value=0.000450846 -0.0052685 -0.000465432 -0.00274599 -0.0061967 -0.00250955 -0.00571068 -2.81996e-06 0.0051427 -0.0016976 0.00801539 0.00404265 0.00117074 0.00784761
internal_weight=453.212 174.648 128.47 119.537 100.951 81.1709 74.5343 50.1562 43.0175 34.5832 23.0424 278.564 187.663 109.981
internal_count=3995 2101 1384 1330 1188 910 858 662 520 447 249 1894 1306 738
is_linear=0
shrinkage=0.03


Tree=76
num_leaves=15
num_cat=0
split_feature=22 22 15 2 4 3 6 28 4 3 8 5 4 11
split_gain=9.799 11.7683 8.60316 7.96916 5.52373 9.63196 18.0727 7.13634 8.06639 6.32694 5.02016 9.40325 9.89094 8.59219
threshold=1.0750000000000004 0.48500000000000004 -0.083381608939051041 -0.016093599522250198 0.0023872406841326833 0.0025765256429421349 0.026565398606280325 0.020196592349200078 0.0047203110355917184 0.003451650287840479 -0.0021804941419971686 0.0016155989943026857 0.005911697174929534 0.12124502470821753
decision_type=2 2 10 10 10 10 10 10 10 10 10 8 8 10
left_child=1 2 -1 -4 -5 6 -6 8 9 -7 -2 12 -12 -13
right_child=10 -3 3 4 5 7 -8 -9 -10 -11 11 13 -14 -15
leaf_value=0.026236896580272319 -0.00088826655435889947 -0.018071391390946944 0.014791522721816448 -0.026090928634841196 -0.01801366698588806 -0.0063049034663345835 0.050986775566983979 -0.018587143184083544 -0.016257918055824817 0.020327139335202672 0.0081959204852610507 -0.0027144251003067871 0.034537776537109856 0.018002943568332031
leaf_weight=9.0387437120079976 115.00312063843012 45.478348907083273 18.752357974648476 10.053953275084494 5.5330739915370923 13.546146880835296 6.5263780727982521 30.332787163555622 16.968424450606108 17.460772462189198 41.511499579995871 82.264258600771427 18.191384330391884 22.003740426152945
leaf_count=54 800 717 142 206 102 178 85 337 131 149 359 515 84 136
internal_value=0.000437838 -0.00513876 -0.000447072 -0.0026724 -0.00604724 -0.0035561 0.0203731 -0.00745161 -0.000175324 0.00885879 0.00391582 0.00727019 0.016659 0.00178706
internal_weight=452.665 173.691 128.213 119.174 100.422 90.3676 12.0595 78.3081 47.9753 31.0069 278.974 163.971 59.7029 104.268
internal_count=3995 2101 1384 1330 1188 982 187 795 458 327 1894 1094 443 651
is_linear=0
shrinkage=0.03


Tree=77
num_leaves=15
num_cat=0
split_feature=22 22 15 17 25 24 28 12 16 17 14 14 12 14
split_gain=9.25632 11.3069 8.0703 7.57221 10.7007 5.49444 7.58725 6.17296 8.08582 7.55262 5.01185 9.66497 8.48456 10.1954
threshold=1.0750000000000004 0.48500000000000004 -0.083381608939051041 0.067829117883463338 0.044259997383879854 0.74737303467369498 0.013422521433767176 -0.14376133517436471 -0.065207671228903683 0.038699245198678019 2.8550000000000004 3.6750000000000003 -0.1634684997344302 2.7150000000000003
decision_type=2 2 10 10 10 8 10 10 8 10 2 2 10 2
left_child=1 2 -1 4 5 6 -4 -8 -9 -10 12 -12 -2 -14
right_child=10 -3 3 -5 -6 -7 7 8 9 -11 11 -13 13 -15
leaf_value=0.025270120757157122 0.018088151218399608 -0.017805618799921395 -0.01873741369764274 -0.019010693159902239 0.031695679193848733 -0.014198117669027083 -0.0083663563238226511 -0.010221296816220539 0.032909154264165567 0.0022254812671008142 -0.0084715493168705039 0.011361728957166009 0.00027996382888785401 0.026832353400904983
leaf_weight=9.1396922543644887 43.667192157357931 44.797767627984285 11.702588085085152 19.903483800590038 8.1975733749568445 24.157022219151258 16.005597505718463 9.338337689638136 17.467674374580394 12.10701674222946 63.859199721366167 32.570239134132862 125.73351132497191 13.520481057465075
leaf_count=54 266 717 92 286 95 359 145 85 134 134 449 207 899 73
internal_value=0.000427424 -0.00501281 -0.0004329 -0.00260331 0.000853268 -0.00224691 0.00223251 0.00695616 0.0133103 0.0208318 0.00379883 -0.00172476 0.00670421 0.00303093
internal_weight=452.167 172.817 128.019 118.879 98.9758 90.7782 66.6212 54.9186 38.913 29.5747 279.351 96.4294 182.921 139.254
internal_count=3995 2101 1384 1330 1044 949 590 498 353 268 1894 656 1238 972
is_linear=0
shrinkage=0.03


Tree=78
num_leaves=15
num_cat=0
split_feature=22 22 15 2 23 17 4 4 14 28 14 6 1 1
split_gain=8.74266 10.8599 7.57399 7.40612 5.60362 8.05379 5.55047 6.56316 11.3544 4.96933 4.76138 8.73085 10.3355 7.4122
threshold=1.0750000000000004 0.48500000000000004 -0.083381608939051041 -0.016093599522250198 -0.042660736878438847 0.038699245198678019 0.002714680183505019 0.0033891783128570511 3.4450000000000007 0.034105030513130581 2.1350000000000002 0.70511167710427125 0.00064631434399853316 0.012447349793298425
decision_type=2 2 10 10 8 10 10 10 2 10 2 10 10 8
left_child=1 2 -1 -4 5 -5 -6 8 -8 -3 11 12 -2 -13
right_child=10 9 3 4 6 -7 7 -9 -10 -11 -12 13 -14 -15
leaf_value=0.024351372446947232 0.011326179112040908 -0.021457246980290719 0.014214372568940618 0.020304051951374972 -0.027390033409241659 -0.0092856346611868302 -0.020468172884646252 -0.012656007328502829 0.028640797175057006 0.0069192488781859426 0.00093804209777453894 0.026443623770068429 -0.016640871616943984 -0.00062356459298471868
leaf_weight=9.2362109348177892 29.252370987087488 38.14956883341074 18.903074450790882 14.478443868458273 13.193407248705624 16.905360266566277 6.0828094184398642 39.233392152935266 9.7785961106419546 5.9858255274593821 188.09404823184013 31.102109670639038 18.596861347556114 12.647546246647833
leaf_count=54 211 650 142 116 268 184 73 397 150 67 1306 181 135 61
internal_value=0.00041659 -0.00489014 -0.00041944 -0.00253643 -0.00582291 0.00457057 -0.0105966 -0.00615848 0.00971066 -0.0175407 0.00368481 0.00925412 0.000338489 0.0187797
internal_weight=451.64 171.947 127.811 118.575 99.672 31.3838 68.2882 55.0948 15.8614 44.1354 279.693 91.5989 47.8492 43.7497
internal_count=3995 2101 1384 1330 1188 300 888 620 223 717 1894 588 346 242
is_linear=0
shrinkage=0.03


Tree=79
num_leaves=15
num_cat=0
split_feature=15 14 10 4 24 20 20 17 8 20 17 6 6 14
split_gain=7.46765 5.98634 6.09116 6.67022 6.50015 5.72382 7.44917 11.0251 10.8037 13.0978 15.433 13.869 8.62939 11.2552
threshold=-0.10248086172985064 1.1400000000000001 11.995000000000003 0.0023872406841326833 -0.027844176112076121 0.38490240972566386 0.046845841893786495 0.034858737023732246 0.00087440230861934875 0.0052356499336477244 0.037314453246063591 0.067612282345546296 1.1772399170802894 2.8550000000000004
decision_type=8 2 2 8 10 8 10 10 10 10 10 8 10 2
left_child=-1 -2 4 -4 -3 6 8 -8 12 10 11 -10 -5 -14
right_child=1 2 3 5 -6 -7 7 -9 9 -11 -12 -13 13 -15
leaf_value=0.019261886394639865 -0.019837964630298535 -0.022292054087257825 -0.020221808790098248 -0.010768620723564624 0.0066703936246176807 -0.014175984789136536 -0.013672306528612052 0.013862958168474888 0.047596649362546456 -0.02489934454462292 0.002716069660755801 0.0067249803467466056 0.025138771586634828 -0.01221364032578851
leaf_weight=17.14157285541296 12.783888664096592 19.628556013107303 11.602951548993586 93.196144450455904 9.9632555544376356 17.826271157711744 14.605986341834067 85.079394537955523 14.06857544928789 10.615582656115292 101.62278988584876 15.587383762001993 14.805110212415459 12.587462186813353
leaf_count=92 160 341 227 887 117 169 110 602 102 102 781 119 88 98
internal_value=0.000404239 -0.000383192 0.000252887 0.00125699 -0.0126414 0.00196419 0.00279547 0.00973275 0.000133898 0.00572643 0.00837243 0.0270343 -0.00643969 0.00814892
internal_weight=451.115 433.973 421.189 391.598 29.5918 379.995 362.168 99.6854 262.483 141.894 131.279 29.656 120.589 27.3926
internal_count=3995 3903 3743 3285 458 3058 2889 712 2177 1104 1002 221 1073 186
is_linear=0
shrinkage=0.03


Tree=80
num_leaves=15
num_cat=0
split_feature=26 22 0 12 14 14 24 2 6 13 7 2 15 6
split_gain=9.28741 6.87052 8.12738 6.64182 9.60016 9.31331 6.91879 6.66478 9.69799 8.77451 8.65488 7.48045 6.3394 5.74761
threshold=-0.11024252278065004 1.2450000000000003 -0.0060506579181180955 -0.15552727750579273 2.7650000000000001 3.6950000000000007 0.14192542425291566 0.015619482482815973 -0.87204975788867323 1.0106884032985519 0.0025067613122491399 0.036733051148596603 0.046220200060065171 2.2244169384561459
decision_type=8 2 8 10 2 2 10 8 8 10 10 10 8 8
left_child=-1 2 -2 4 -3 6 7 8 10 -9 -5 -11 13 -4
right_child=1 3 12 5 -6 -7 -8 9 -10 11 -12 -13 -14 -15
leaf_value=0.021499912142689141 0.019192619858985401 0.01828902970635761 -0.0029691468290970486 -0.0043896405662270611 -0.0062599970133548266 0.018729106125168718 -0.021212600644103404 0.024374165682471523 -0.012491295199963684 0.0091750224513916737 0.02628560692821072 -0.015355323324798349 -0.023609258053968889 -0.023092968887156819
leaf_weight=16.462504148483276 10.35370586812496 44.057507388293743 131.6208737231791 21.447210147976875 20.42025738209486 19.323250949382782 15.502625972032545 17.202210132032633 63.810126572847366 28.027106270194054 12.249120213091372 17.205759271979332 17.645448412746191 13.208498597145079
leaf_count=91 86 256 1709 145 137 113 110 87 516 166 68 77 254 145
internal_value=4.98147e-05 -0.000815216 -0.0054317 0.00227146 0.0105374 -0.000504839 -0.00271739 -0.000804042 -0.00568325 0.00678541 0.00719748 -0.000286181 -0.00710869 -0.00495022
internal_weight=448.536 432.074 172.829 259.245 64.4778 194.767 175.444 159.942 97.5065 62.4351 33.6963 45.2329 162.475 144.829
internal_count=3960 3869 2194 1675 393 1282 1169 1059 729 330 213 243 2108 1854
is_linear=0
shrinkage=0.03


Tree=81
num_leaves=15
num_cat=0
split_feature=20 23 7 12 8 13 14 21 8 9 12 2 0 27
split_gain=8.8638 6.88099 9.79585 6.20943 7.99802 10.652 7.87386 9.16737 10.1843 9.00969 7.72066 8.07217 7.53044 6.40101
threshold=-0.80042708437135446 0.040821994520255193 -0.010835413870795117 -0.1078459480103615 0.014793119018739366 1.9342014730069697 1.8350000000000002 0.070691136200400559 -0.0048471824315465808 0.004161058859075176 -0.028788723097724175 0.00045270391561391682 -0.0031818410148853889 0.02043530572581043
decision_type=8 8 8 8 10 10 2 8 10 10 10 10 10 8
left_child=-1 3 -3 4 5 12 -5 8 9 -8 -10 -12 -2 -11
right_child=1 2 -4 6 -6 -7 7 -9 10 13 11 -13 -14 -15
leaf_value=0.023849457493857334 -0.0017273977385589014 0.011680315009983013 -0.010131178005381297 -0.013099632536201585 -0.0083174681677679278 -0.013332046753865611 -0.021932773284843412 -0.019998054857728709 -0.004436442898379995 0.017087000538471533 0.029981075176270328 0.0079599296697475379 0.022337098578569706 -0.01055327514949039
leaf_weight=12.655012682080267 14.914330817759035 21.446567196398973 108.18013326451182 39.305846642702818 20.765267685055733 11.60706304758787 20.553392913192511 14.95585051178932 27.216351818293333 14.477576509118078 19.94932821020484 56.85271905362606 51.137344196438789 13.771125365048649
leaf_count=55 104 204 1197 385 171 91 211 145 203 109 170 403 395 117
internal_value=4.88112e-05 -0.000696482 -0.0064607 0.00176238 0.00792562 0.0123194 -0.00119095 0.00166005 0.00389586 -0.00731182 0.00917369 0.0139918 0.0169587 0.00371236
internal_weight=447.788 435.133 129.627 305.506 98.424 77.6587 207.082 167.776 152.82 48.8021 104.018 76.802 66.0517 28.2487
internal_count=3960 3905 1401 2504 761 590 1743 1358 1213 437 776 573 499 226
is_linear=0
shrinkage=0.03


Tree=82
num_leaves=15
num_cat=0
split_feature=26 22 0 20 5 5 6 5 27 24 18 5 15 6
split_gain=8.55361 6.25984 7.67158 6.46404 6.47883 8.80011 6.40791 8.72662 8.9201 9.51516 9.47637 19.066 6.03695 5.43756
threshold=-0.11024252278065004 1.2450000000000003 -0.0059431896602504244 0.13287651368349082 -0.0073540625475522316 0.002732187883573997 -1.2894053874949039 -0.0041637433555147627 1.0000000180025095e-35 0.12898197155981203 0.095000000000000015 0.0025605780699061932 0.046220200060065171 2.2244169384561459
decision_type=8 2 8 10 10 10 10 10 10 10 2 10 8 8
left_child=-1 2 -2 6 -5 -6 -3 -8 -9 10 -10 -12 13 -4
right_child=1 3 12 4 5 -7 7 8 9 -11 11 -13 -14 -15
leaf_value=0.020577271109465195 0.017813341549856008 0.01189866743524709 -0.0028959842568247593 -0.0050025382965003893 0.035988740138184726 0.0057040820744920983 -0.01530063709036821 -0.006355608875213776 0.030089454534078772 -0.014595261225529234 0.031865174651248565 -0.011577873378217387 -0.023270227581101303 -0.022675063272956226
leaf_weight=16.549548670649529 11.182762108743189 32.359132699668407 130.36932149156928 14.31862088292837 14.182946383953093 21.100234024226665 36.443620838224888 71.988055776804686 19.661694921553135 12.166392073035238 13.432011656463144 23.651682585477829 17.126726359128952 12.898007176816462
leaf_count=91 94 191 1703 75 85 120 260 489 112 91 100 152 253 144
internal_value=4.62025e-05 -0.000788187 -0.00521727 0.00215123 0.0117752 0.0185341 -0.000170235 -0.00242677 0.000987409 0.00863941 0.0137875 0.00458108 -0.00692339 -0.00482148
internal_weight=447.431 430.881 171.577 259.304 49.6018 35.2832 209.703 177.343 140.9 68.9118 56.7454 37.0837 160.394 143.267
internal_count=3960 3869 2194 1675 280 205 1395 1204 944 455 364 252 2100 1847
is_linear=0
shrinkage=0.03


Tree=83
num_leaves=15
num_cat=0
split_feature=20 28 4 26 23 28 7 28 23 14 14 6 4 14
split_gain=8.16018 9.41214 7.61007 8.8418 7.25887 5.8679 7.11954 6.88711 5.85891 5.15968 6.77577 10.2481 8.29562 7.80406
threshold=-0.80042708437135446 0.048458161300633955 0.0063036758877023273 -0.075330915384110839 -0.031677018864955629 0.013609746321498058 -0.0012244842935738018 0.010940189542239331 0.03454585262432245 2.9050000000000007 2.5550000000000002 1.1915633014078562 0.0047203110355917184 2.0550000000000002
decision_type=8 8 10 10 10 10 10 10 10 2 2 10 10 2
left_child=-1 2 3 4 -2 7 -7 -4 9 10 11 -5 -12 -13
right_child=1 -3 5 8 -6 6 -8 -9 -10 -11 12 13 -14 -15
leaf_value=0.022879855576747911 -0.00019841044088156242 -0.028894010569642307 0.011205196609702817 -0.008289351728390168 0.033709581087782776 0.0012292137425936637 0.022521135615764312 -0.015005648824351498 -0.011088357115221105 -0.0061953858270926195 0.02794474650670788 0.022083025666829258 -0.00079014387212071244 -0.0053895911178632157
leaf_weight=12.657996505498884 11.887300629168751 9.380256272852419 16.783443719148636 66.679159309715033 9.8647568523883802 24.775494158267975 32.286365635693073 17.340829268097878 68.29085211083293 104.66210114210844 17.332141794264317 22.184657111763954 17.737619653344154 14.999128036200998
leaf_count=55 105 81 80 784 78 127 148 84 697 1190 137 149 124 121
internal_value=4.67134e-05 -0.000669966 1.96218e-05 -0.00208293 0.0159849 0.00765171 0.0134569 -0.0021623 -0.00339011 -0.00119542 0.00258856 -0.00128985 0.0137922 0.0111502
internal_weight=446.862 434.204 424.824 333.638 21.7521 91.1861 57.0619 34.1243 311.886 243.595 138.933 103.863 35.0698 37.1838
internal_count=3960 3905 3824 3385 183 439 275 164 3202 2505 1315 1054 261 270
is_linear=0
shrinkage=0.03


Tree=84
num_leaves=15
num_cat=0
split_feature=26 22 3 10 28 6 15 6 6 14 26 5 27 7
split_gain=7.7206 5.79615 6.16592 11.4446 7.1754 6.08807 6.14031 7.93189 7.43009 5.81491 7.54128 9.725 6.7153 9.54927
threshold=-0.11024252278065004 1.2450000000000003 0.0035669754090724777 20.575000000000003 0.014655752812153984 2.2244169384561459 0.050952822580062264 1.0897566402497298 1.6625905396468748 2.5350000000000006 -0.02152943415831032 -0.0084770708430528616 -0.10926433597027828 -1.0000000180025095e-35
decision_type=8 2 10 2 10 8 10 10 10 2 10 8 8 8
left_child=-1 5 3 4 -3 6 7 9 -9 -2 12 -12 -11 -14
right_child=1 2 -4 -5 -6 -7 -8 8 -10 10 11 -13 13 -15
leaf_value=0.019507126164378816 -0.014341459548774228 0.016189267439385251 -0.00039097436808788698 0.029308085945536258 -0.0095789656106510974 -0.023270155628857529 -0.021408009289865488 0.020685179028833024 -0.0071397491933960847 -0.010684367729452967 0.015053015634420915 -0.016636950851864247 0.04622396780185449 0.0031819013848734998
leaf_weight=16.629112504422665 39.766126532107592 15.581238761544226 202.20402890071273 18.666132662445307 22.533420026302338 14.051533758640288 14.156365338712929 22.865375451743603 12.894863560795782 7.3051487132906914 11.247164975851772 29.953106313943863 7.3154157064855099 10.85713673010469
leaf_count=91 606 109 1213 134 219 167 208 240 129 71 94 471 75 133
internal_value=4.84972e-05 -0.000748643 0.00207682 0.0107196 0.00109965 -0.00502972 -0.00325306 -0.00130887 0.0107304 -0.00541574 4.07214e-05 -0.00783428 0.0125904 0.0220158
internal_weight=446.026 429.397 258.985 56.7808 38.1147 170.412 156.361 142.204 35.7602 106.444 66.678 41.2003 25.4777 18.1726
internal_count=3960 3869 1675 462 328 2194 2027 1819 369 1450 844 565 279 208
is_linear=0
shrinkage=0.03


Tree=85
num_leaves=15
num_cat=0
split_feature=18 14 16 7 4 21 13 24 11 6 4 16 7 28
split_gain=7.69942 8.22427 10.454 7.93236 12.002 11.84 14.1868 9.64606 10.7021 7.41932 9.49228 8.77048 7.42499 7.2317
threshold=2.4050000000000007 4.3550000000000013 -0.02345525970861417 0.0034462948779858675 0.0025220708284177731 0.013088765773499473 1.0771535256680294 0.049524172887718619 0.010982958208018314 1.0414677703907718 0.0035127251735063056 -0.082204953826764612 -0.0052138694241214969 0.0092782721706334021
decision_type=2 2 10 10 10 8 10 10 10 10 10 10 10 10
left_child=3 -2 -3 4 -1 6 -5 8 -8 10 -6 -12 -11 -13
right_child=1 2 -4 5 9 -7 7 -9 -10 12 11 13 -14 -15
leaf_value=0.027692309600707746 -0.019067106437937811 0.02508439990565035 -0.0090297749906398384 0.029406805783262477 -0.021706112106704784 -0.0019718991896879546 -0.003563001625218228 -0.01791190384128322 0.024946117173869149 0.014597676526230466 -0.022284544745562233 -0.017418345720924454 -0.0042060932531287403 0.0042497362967534383
leaf_weight=11.667296033352612 31.391146123409271 10.826811946928499 24.577049870043993 35.501542616635561 27.736466787755489 63.641574177891016 21.985234905034304 11.718923218548296 24.161907497793436 37.375107295811176 16.209428507834673 15.450616598129271 36.553247287869453 87.174971226602793
leaf_count=131 488 146 345 223 404 508 169 110 156 232 133 109 247 625
internal_value=0.00119471 -0.0081406 0.00180512 0.0028137 -0.000712201 0.00799892 0.0147441 0.00540167 0.0115764 -0.0023334 -0.00622806 -0.00246444 0.00536826 0.000850927
internal_weight=455.971 66.795 35.4039 389.176 232.167 157.009 93.3676 57.8661 46.1471 220.5 146.571 118.835 73.9284 102.626
internal_count=4026 979 491 3047 1881 1166 658 435 325 1750 1271 867 479 734
is_linear=0
shrinkage=0.03


Tree=86
num_leaves=15
num_cat=0
split_feature=18 14 16 20 14 10 14 28 9 27 2 12 4 16
split_gain=7.27845 7.91649 9.7509 7.17238 6.64888 9.92733 7.98017 8.31917 9.4143 12.1891 6.92411 9.14944 8.37422 8.30794
threshold=2.4050000000000007 4.3550000000000013 -0.02345525970861417 0.12237508663234238 2.5750000000000006 12.435 2.9250000000000003 0.013422521433767176 0.0048366429563854183 0.063556264380965302 -0.0072785023132788665 -0.17643532299619322 0.0040406041785605506 0.14906783728939121
decision_type=2 2 10 8 2 2 2 10 10 10 10 10 10 8
left_child=4 3 -3 -2 5 -1 -6 -8 9 -9 12 -12 -7 -13
right_child=1 2 -4 -5 6 10 7 8 -10 -11 11 13 -14 -15
leaf_value=-0.020380494044272411 -0.025523573077617059 0.023948673439026812 -0.0088305277678069078 0.010061294819698295 0.014407361976449181 -0.026053358655171374 -0.018098306762129077 0.03366388191938282 -0.00159085604291698 -0.0054482250322213568 0.018773605901195672 0.0030413582781200791 0.00069717392888608419 -0.024801643613317031
leaf_weight=20.193734303116798 25.161677062511444 11.044066496193407 24.402882691472769 5.7539939694106605 74.254011522978544 15.45585500821471 15.379543896764515 17.814052261412147 61.289460353553295 11.189623508602379 30.478919010609388 104.51297690719366 29.119464859366417 9.6157846301794034
leaf_count=300 430 146 345 58 479 207 120 117 398 86 214 848 187 91
internal_value=0.00115811 -0.00795199 0.00175923 -0.0187928 0.00272745 -0.000908294 0.00693993 0.00160685 0.00512469 0.0188958 0.00126644 0.00445434 -0.00894633 0.00050043
internal_weight=455.666 66.3626 35.4469 30.9157 389.303 209.377 179.927 105.673 90.2931 29.0037 189.183 144.608 44.5753 114.129
internal_count=4026 979 491 488 3047 1847 1200 721 601 203 1547 1153 394 939
is_linear=0
shrinkage=0.03


Tree=87
num_leaves=15
num_cat=0
split_feature=18 8 13 20 11 1 7 4 22 8 15 22 7 11
split_gain=6.87905 11.7735 7.79907 8.66793 8.2712 7.81919 7.43816 11.4632 9.79819 11.7247 11.0735 7.84468 7.09876 7.99318
threshold=2.4050000000000007 0.0060483472749393039 1.8150415027107327 0.017110699076050343 -0.033874986311596793 -0.0015152652999363967 0.0034462948779858675 0.0025220708284177731 2.1950000000000007 0.031334573530839023 -0.0038314363727846019 2.4750000000000005 -0.00682774848342138 -0.0073621820477489655
decision_type=2 10 8 10 10 8 10 10 2 8 10 2 10 10
left_child=6 2 3 4 -2 -5 7 -1 9 10 -8 -10 -9 -14
right_child=1 -3 -4 5 -6 -7 8 12 11 -11 -12 -13 13 -15
leaf_value=0.02687052302755983 0.008016050402976432 -0.026327529872654683 0.029806297904581825 0.037192378144129692 -0.026495706766411092 -0.0056149456747619673 0.017168697020129419 0.0044353067297156221 0.036461180592618166 -0.016473772092022526 -0.0024076996156936494 0.0075221477209195626 -0.013740156482256261 0.00074940004598549254
leaf_weight=11.763015076518057 9.0884163454174978 20.079063933342695 6.0758358165621749 6.0264231339097023 16.650236494839195 7.9771011099219304 53.276157151907682 84.31815692037344 15.862538002431391 20.66172843053937 49.510588765144348 18.187667526304722 68.435020375996828 67.454848080873489
leaf_count=131 126 358 69 60 240 126 369 640 78 132 454 133 579 531
internal_value=0.00112024 -0.00777191 0.000748466 -0.00431648 -0.0144654 0.0140583 0.00264082 -0.000778581 0.0076502 0.00364316 0.00780674 0.0216592 -0.00237033 -0.0065947
internal_weight=455.367 65.8971 45.818 39.7422 25.7387 14.0035 389.47 231.971 157.499 123.448 102.787 34.0502 220.208 135.89
internal_count=4026 979 621 552 366 186 3047 1881 1166 955 823 211 1750 1110
is_linear=0
shrinkage=0.03


Tree=88
num_leaves=15
num_cat=0
split_feature=11 27 4 25 24 4 11 16 15 13 16 5 24 25
split_gain=5.96167 9.59154 7.48534 10.25 9.04405 6.6818 6.04951 11.5248 7.43746 6.51238 5.46336 6.81147 5.37525 5.71313
threshold=-0.089762974965996042 -0.17495200720372625 0.0029097338420489686 0.020844032340469092 -0.19913342444920995 0.0054429257692925267 -0.046846377335506777 -0.010389773946901213 0.038318864302136636 3.1746868128456129 -0.077395631221087155 0.0041808914160708808 0.094028949648276391 0.043835817676065612
decision_type=10 8 8 10 10 8 10 10 10 10 10 8 10 10
left_child=5 -2 3 4 -3 -1 7 -4 9 10 11 -8 13 -12
right_child=1 2 6 -5 -6 -7 8 -9 -10 -11 12 -13 -14 -15
leaf_value=-0.011870797504458703 0.021668707509752947 -0.010377863386840724 -0.0058671932754108744 -0.015688217584786376 0.044758241617325355 0.0034769725234405345 -0.020674903661827188 0.023545003181109442 -0.011226305243135306 0.024344890613918778 0.0033968903394423545 0.004833635294704472 -0.0083431000509938211 0.017908724814039132
leaf_weight=58.006220433861017 22.016741383820772 4.6803811863064766 18.385501183569431 39.615959588438272 4.4324877634644491 44.360319506376982 17.952724549919367 31.750416934490204 34.410351503640413 11.872529692947863 94.366760924458504 18.123730059713125 22.864032924175262 32.261410426348448
leaf_count=696 132 95 157 640 69 241 177 223 273 59 749 114 198 203
internal_value=0.00109044 0.00294031 0.00163194 -0.00910928 0.0182143 -0.00525058 0.0035137 0.0128554 0.00144712 0.00370131 0.00225714 -0.00807544 0.00478776 0.00720546
internal_weight=455.1 352.733 330.716 48.7288 9.11287 102.367 281.987 50.1359 231.852 197.441 185.569 36.0765 149.492 126.628
internal_count=4026 3089 2957 804 164 937 2153 380 1773 1500 1441 291 1150 952
is_linear=0
shrinkage=0.03


Tree=89
num_leaves=15
num_cat=0
split_feature=18 14 4 16 7 4 22 23 13 11 24 1 22 6
split_gain=6.29584 7.59797 9.1171 13.4371 6.89079 10.8346 9.09699 7.98141 8.40098 9.14796 8.46108 8.08363 7.35977 6.87887
threshold=2.4050000000000007 4.3550000000000013 0.0034734102125384097 -0.0026393002738577249 0.0034462948779858675 0.0025220708284177731 2.1950000000000007 -0.016690266729476152 0.94083410004811929 -0.01251221782711842 -0.058156138886945478 -0.0024983388148234194 2.4750000000000005 1.0414677703907718
decision_type=2 2 8 10 10 10 2 10 8 10 10 10 2 10
left_child=4 -2 3 -3 5 -1 7 8 -6 -10 -11 -9 -8 -7
right_child=1 2 -4 -5 6 13 12 11 9 10 -12 -13 -14 -15
leaf_value=0.025977618932140945 -0.018344113544621475 0.036787634607657889 -0.015421070013037627 -0.010031890821412757 0.029238204159039917 -0.0061166290905639124 0.03503237574131142 0.015266880827011456 -0.012822296960096053 0.023817715933004652 -0.0065630976537856094 -0.011013398439365179 0.0071145945446110387 0.0050521380941849995
leaf_weight=11.865910589694975 29.957759357988834 10.526461068540812 14.734257381409405 9.9311102963984013 15.216973166912792 145.65702061727643 16.000378906726837 12.868525829166172 17.492467030882835 22.381892535835501 12.193823017179968 43.392336290329695 18.290219068527222 74.117664132267237
leaf_count=131 488 140 171 180 118 1271 78 99 145 148 84 361 133 479
internal_value=0.00106117 -0.00750058 0.00198201 0.0146508 0.00250888 -0.00078798 0.00732183 0.00345389 0.0103588 0.00439425 0.01322 -0.00484068 0.0207649 -0.00234421
internal_weight=454.627 65.1496 35.1918 20.4576 389.477 231.641 157.837 123.546 67.2852 52.0682 34.5757 56.2609 34.2906 219.775
internal_count=4026 979 491 320 3047 1881 1166 955 495 377 232 460 211 1750
is_linear=0
shrinkage=0.03


Tree=90
num_leaves=15
num_cat=0
split_feature=15 20 20 3 11 11 13 23 6 1 20 6 26 13
split_gain=6.78882 8.39162 10.1526 9.22207 7.60743 7.96925 8.53339 7.61113 7.36139 8.86331 11.4314 6.49072 6.08814 5.76902
threshold=-0.10248086172985064 0.40546510810816433 0.1177830356563835 0.0032693977412298959 -0.081810552092475883 -0.036906368800921234 0.89264182479253273 -0.024097551579060485 0.8663660019630518 0.011457006558121654 -0.10114158278885986 1.5663888704486129 0.032984180835851092 1.151199314280301
decision_type=8 8 10 8 10 10 10 8 8 10 10 8 10 10
left_child=-1 2 4 -4 -2 6 -6 13 -9 10 -10 -12 -8 -7
right_child=1 -3 3 -5 5 7 12 8 9 -11 11 -13 -14 -15
leaf_value=0.01798990692446235 -0.0096551648195532386 -0.021447019416204534 0.032369639819058188 0.0045375327486079677 0.026407058535950295 0.013726728084133454 -0.0071578337296636244 -0.011403444206745352 0.037966104642577644 -0.013968433063894819 0.014312066489284521 -0.015617559543181104 0.020345561412385089 -0.0027671314700489242
leaf_weight=16.381224788725376 90.595104854553938 16.558433819562197 13.08755614235997 46.600010450929403 18.811248030513525 37.256705243140459 22.61473223939538 89.559591174125671 9.4270893670618516 17.629849951714277 12.992718335241081 11.213783472776411 9.4532746113836748 37.528193652629852
leaf_count=87 870 160 151 276 186 331 199 967 51 102 144 114 76 304
internal_value=-0.00039595 -0.00113082 -0.000274239 0.011073 -0.0021966 0.000365629 0.0109254 -0.00216522 -0.00625801 0.00277749 0.0117051 0.000377491 0.00131993 0.00552256
internal_weight=449.71 433.328 416.77 59.6876 357.082 266.487 50.8793 215.608 140.823 51.2634 33.6336 24.2065 32.068 74.7849
internal_count=4018 3931 3771 427 3344 2474 461 2013 1378 411 309 258 275 635
is_linear=0
shrinkage=0.03


Tree=91
num_leaves=15
num_cat=0
split_feature=11 4 23 13 27 12 10 23 23 27 15 4 7 23
split_gain=6.37929 7.43481 6.18331 12.9977 7.1546 7.16718 9.23418 7.24387 7.69648 8.01102 9.18227 9.09429 8.67763 6.65225
threshold=-0.089762974965996042 0.0054429257692925267 -0.12260232209233239 1.0106884032985519 -0.18785162066552583 -0.25233281132467761 14.135000000000003 0.18773427156868275 0.037819800286916457 -0.00089836485985639303 0.019835415256452497 0.0029228096587527058 0.0032843747696738039 -0.052566958053409267
decision_type=10 8 8 10 8 8 2 10 10 10 10 10 10 8
left_child=1 -1 3 -2 -4 6 -6 8 9 10 12 -11 -7 -14
right_child=2 -3 4 -5 5 7 -8 -9 -10 11 -12 -13 13 -15
leaf_value=-0.01397275502474582 0.037754788060007309 0.0024331388612643451 0.018153611710705234 -0.0018085461122059497 0.033593134349709168 -0.020527175152765448 -0.0015133273442209151 0.019038131269330186 -0.014211505133126603 -0.014459840619680836 0.014348369046776827 0.0079581897729855099 0.016068471410965759 -0.0091483292087236566
leaf_weight=57.438969813287258 11.628096763044597 42.817696966230869 18.006529174745083 18.098005663603544 10.970128227025272 41.830073116347194 15.255164034664629 12.673780418932436 47.131345596164465 18.511035870760679 14.226485684514044 98.901496641337872 12.714135918766258 29.061483453959227
leaf_count=702 108 234 101 137 94 412 130 131 422 333 154 736 86 238
internal_value=-0.000380432 -0.00701128 0.00153895 0.0143927 0.000301024 -0.000822511 0.0138663 -0.00226821 -0.00336577 -0.000936179 -0.00723805 0.00433154 -0.0110374 -0.00127753
internal_weight=449.264 100.257 349.008 29.7261 319.282 301.275 26.2253 275.05 262.376 215.245 97.8322 117.413 83.6057 41.7756
internal_count=4018 936 3082 245 2837 2736 224 2512 2381 1959 890 1069 736 324
is_linear=0
shrinkage=0.03


Tree=92
num_leaves=15
num_cat=0
split_feature=15 20 20 16 23 25 10 4 4 11 6 14 14 13
split_gain=6.27736 8.01515 9.55853 7.05639 9.2792 9.01407 8.65049 6.78872 7.92711 6.73303 9.17896 11.68 10.6748 8.7021
threshold=-0.10248086172985064 0.40546510810816433 0.1177830356563835 -0.016000796528761792 -0.11056128172591502 0.040247588975995181 15.005000000000001 0.0040102416005633789 0.0052662519058453731 0.0030503359711797633 0.73410067671172252 2.8150000000000004 2.0550000000000002 1.5796876741950445
decision_type=8 8 10 10 8 10 2 10 10 10 8 2 2 10
left_child=-1 2 3 9 -5 6 7 -6 -9 -2 11 -11 -12 -13
right_child=1 -3 -4 4 5 -7 -8 8 -10 10 12 13 -14 -15
leaf_value=0.017256539012187069 -0.012851209533441202 -0.021087551605981841 0.010735886126804881 0.022462843622374173 -0.0086584656725399584 0.0073583342568119261 -0.015839836910534713 0.022125670295321032 -0.0083985763570200659 -0.024328282569784605 0.028501400112165533 -0.0097859635677169082 -0.004195301907906665 0.030157707222019301
leaf_weight=16.487366527318954 80.640910767018795 16.295934624969959 59.9537697955966 16.522878229618073 30.201078813523054 77.34688632376492 45.121784221380949 19.706396482884887 11.469559162855147 21.945378258824348 15.45612934604287 10.661771148443224 19.313970424234867 7.577703930437564
leaf_count=87 781 160 427 153 453 580 511 143 79 212 89 134 150 59
internal_value=-0.000366447 -0.00107698 -0.000244254 -0.00211849 0.00160312 -0.000383001 -0.00602145 0.00133483 0.0109839 -0.00689063 -0.000393127 -0.010044 0.0107296 0.00751383
internal_weight=448.702 432.214 415.918 355.964 200.369 183.846 106.499 61.377 31.176 155.596 74.955 40.1849 34.7701 18.2395
internal_count=4018 3931 3771 3344 1919 1766 1186 675 222 1425 644 405 239 193
is_linear=0
shrinkage=0.03


Tree=93
num_leaves=15
num_cat=0
split_feature=11 4 24 23 23 0 9 17 7 21 21 11 15 2
split_gain=5.91161 7.08007 6.11857 5.46261 6.35615 8.61204 5.46421 13.9809 5.75896 11.6472 7.73681 10.1149 8.61464 8.43645
threshold=-0.089762974965996042 0.0054429257692925267 0.026937961212053722 0.22314355131421007 0.040821994520255193 -0.00024772470094891469 0.0081174716435957594 0.090655505291933308 0.0049952307068057431 0.013088765773499473 0.0078806892565144154 0.018508964955055166 0.023176039473314928 0.0088353559432099455
decision_type=10 8 10 10 10 10 10 8 10 10 10 10 8 10
left_child=1 2 -1 4 6 -6 7 8 10 -10 12 13 -2 -12
right_child=3 -3 -4 -5 5 -7 -8 -9 9 -11 11 -13 -14 -15
leaf_value=-0.019743563369450955 -0.012282257020296663 0.0024237660479252687 0.0019088072182728518 0.02137388893381752 0.0059852626422533467 -0.017695365761005475 0.018962748237043862 -0.032409765777458459 0.017608287194754275 -0.0041028421543610177 0.021399024783023329 -0.0052014062939688263 0.018087116448931861 -0.0055299204074443428
leaf_weight=40.463015504181385 59.113826530054212 42.765891458839178 16.157631833106279 11.006566017866133 22.258571140468121 33.818832639604807 16.295900896191597 9.4883276224136335 54.499482460319996 36.575773201882839 37.056792782619596 45.633206468075514 8.8683020304888469 13.958909407258032
leaf_count=512 521 234 190 108 198 297 82 85 384 372 378 468 78 111
internal_value=-0.000355719 -0.00677181 -0.0136388 0.00148779 0.000778183 -0.00835573 0.00262094 0.00154929 0.00293073 0.00893925 -0.00042713 0.00500874 -0.00811579 0.0140661
internal_weight=447.961 99.3865 56.6206 348.574 337.568 56.0774 281.491 265.195 255.706 91.0753 164.631 96.6489 67.9821 51.0157
internal_count=4018 936 702 3082 2974 495 2479 2397 2312 756 1556 957 599 489
is_linear=0
shrinkage=0.03


Tree=94
num_leaves=15
num_cat=0
split_feature=15 20 20 3 8 8 12 6 20 14 14 9 28 3
split_gain=5.82305 7.63298 8.89863 8.6961 5.96741 13.6556 8.35855 11.7644 7.53144 9.06579 11.867 16.7177 6.71722 6.65902
threshold=-0.10248086172985064 0.40546510810816433 0.1177830356563835 0.0032693977412298959 0.00087440230861934875 0.0056150485446839768 -0.019367589914768498 1.1772399170802894 0.0052356499336477244 2.5550000000000002 3.8150000000000004 0.0053440616078253159 0.017719298436623083 0.0036885728694661156
decision_type=8 8 10 8 10 10 8 10 10 2 2 8 10 10
left_child=-1 2 4 -4 6 13 -2 -8 9 -7 11 12 -11 -6
right_child=1 -3 3 -5 5 8 7 -9 -10 10 -12 -13 -14 -15
leaf_value=0.016589787378268193 -0.00043125164274485502 -0.020722622963263247 0.030764080677741907 0.003981021860273274 0.033733357890352797 -0.0068973259590377183 -0.022050078325430999 0.0041915928167858725 -0.014270879793172868 0.01626027038099153 -0.013368495574426037 -0.0040147674421347037 0.049487494440203707 0.0074728820959594801
leaf_weight=16.559026643633842 98.076548781245947 16.023713666945696 13.384730651974676 46.801079757511616 13.536160118877886 57.805987235158682 48.428864208981395 21.908113587647676 35.552891883999109 12.286217451095583 13.967856410890816 18.001968614757061 11.599245995283125 23.567656960338354
leaf_count=87 915 160 151 276 159 491 616 167 386 79 180 104 84 163
internal_value=-0.000346502 -0.00103418 -0.000225839 0.0103428 -0.002043 0.00165417 -0.00611885 -0.0139323 -0.0024238 0.00137407 0.00990508 0.0177967 0.0337363 0.0176871
internal_weight=447.5 430.941 414.917 60.1858 354.732 186.318 168.414 70.337 149.214 113.661 55.8553 41.8874 23.8855 37.1038
internal_count=4018 3931 3771 427 3344 1646 1698 783 1324 938 447 267 163 322
is_linear=0
shrinkage=0.03


Tree=95
num_leaves=15
num_cat=0
split_feature=24 27 16 27 1 6 14 14 3 28 14 6 8 20
split_gain=6.89614 5.63655 5.62988 6.33968 5.21105 5.52277 9.70773 7.81167 12.7498 7.34593 7.76545 7.31708 7.98187 8.55225
threshold=-1.0742172065833933 0.14335464519352351 0.17369213503609782 0.12272786267145276 -0.019960331561803765 1.0414677703907718 2.4850000000000008 2.2250000000000005 0.0060487017138743616 0.019701617283574852 2.6850000000000005 0.50355965075757447 -0.0025599264408784346 0.0019743419997022564
decision_type=10 10 10 10 10 10 2 2 10 10 2 8 10 10
left_child=-1 2 3 4 -2 6 -6 8 -7 10 -9 12 -8 -14
right_child=1 -3 -4 -5 5 7 11 9 -10 -11 -12 -13 13 -15
leaf_value=-0.01166779244241645 0.01766875263263273 -0.013755100257241379 -0.018873166428499184 0.022604863509581762 -0.0096665788446635304 0.024516819649920665 -0.0014431659491400918 -0.013475926881235114 -0.0030930642171752253 -0.014518352757465856 0.014740185887967609 -0.0094948054885046155 0.026280372216621377 0.00090070249825115244
leaf_weight=43.135779872536659 16.211370818316936 21.539336524903774 10.633442278951405 12.381304781883953 89.379566922783852 36.001197420060635 48.193978283554316 11.724540650844572 25.034778490662575 23.679303847253323 27.809679269790649 30.197112981230021 27.710954640060663 20.593955367803574
leaf_count=672 74 234 102 108 972 241 400 92 111 198 200 227 194 162
internal_value=-0.000411808 0.000824738 0.00168611 0.00232811 0.00156272 0.000745987 -0.00215078 0.00576056 0.0133249 -0.001637 0.00624621 0.00318552 0.00721023 0.0156979
internal_weight=444.226 401.091 379.551 368.918 356.536 340.325 216.076 124.249 61.036 63.2135 39.5342 126.696 96.4989 48.3049
internal_count=3987 3315 3081 2979 2871 2797 1955 842 352 490 292 983 756 356
is_linear=0
shrinkage=0.03


Tree=96
num_leaves=15
num_cat=0
split_feature=24 27 16 27 1 6 6 8 3 10 3 0 8 21
split_gain=6.55688 5.36075 5.37262 5.9041 4.90965 5.18748 8.33971 12.4613 9.96729 5.76661 6.63177 5.96336 5.51771 9.23777
threshold=-1.0742172065833933 0.14335464519352351 0.17369213503609782 0.12272786267145276 -0.019960331561803765 1.0414677703907718 0.14575716680051604 -0.002711780462538282 0.005725333662253901 21.355000000000004 0.0040724235527840446 -0.0020405030081591664 0.01252692246002063 0.013586930374661575
decision_type=10 10 10 10 10 10 8 10 8 2 10 10 10 10
left_child=-1 2 3 4 -2 6 7 9 -8 11 -11 -6 13 -7
right_child=1 -3 -4 -5 5 12 8 -9 -10 10 -12 -13 -14 -15
leaf_value=-0.011431659994514875 0.017133485530057096 -0.013489133479838438 -0.01856135602065417 0.021702871006825941 0.0032419989544233262 0.021509557202493961 -0.017100450316751316 0.011310497777382441 0.0052496338755768767 0.021185956985411095 -0.010506234410474361 -0.019874649204470088 -0.0020624244839367134 0.00045000663440824667
leaf_weight=42.732821587473154 16.24698044359684 21.328060977160931 10.506448224186896 12.547966394573448 14.232537377625702 35.64456881955266 53.265255503356457 68.887730043381453 26.262330397963524 11.08303112536669 10.816342957317827 31.190458614379168 50.448129460215569 38.469503846019506
leaf_count=672 74 234 102 108 133 198 564 601 134 104 65 354 329 315
internal_value=-0.000400822 0.00080041 0.00163661 0.00226015 0.00151712 0.000723526 -0.00208973 0.00241906 -0.00974626 -0.00671149 0.00575759 -0.0127176 0.00557383 0.0107299
internal_weight=443.662 400.929 379.601 369.095 356.547 340.3 215.738 136.21 79.5276 67.3224 21.8994 45.423 124.562 74.1141
internal_count=3987 3315 3081 2979 2871 2797 1955 1257 698 656 169 487 842 513
is_linear=0
shrinkage=0.03


Tree=97
num_leaves=15
num_cat=0
split_feature=24 10 23 23 0 7 10 15 0 0 0 24 12 2
split_gain=6.23331 4.91774 4.70449 5.58577 6.15122 4.7207 4.30769 8.71901 6.08837 8.89833 5.11069 6.48961 6.62505 6.17597
threshold=-1.0742172065833933 20.205000000000002 0.28768207245178118 0.070677059152865915 -0.00031069585109655401 -0.0033233860046921744 12.375000000000002 0.023176039473314928 -0.0029160810804345068 -0.0060506579181180955 -0.0024548241078286011 0.14674729700316483 -0.052855701926123759 -0.019463670640456728
decision_type=10 2 8 10 10 8 2 10 10 10 10 10 10 8
left_child=1 -1 3 6 5 -5 7 -2 9 -8 -10 13 -13 -12
right_child=2 -3 -4 4 -6 -7 8 -9 10 -11 11 12 -14 -15
leaf_value=-0.017544713295366651 -0.017745286803398416 0.0045995487066347318 0.019893678664023508 0.01647183306863834 -0.018053283434797816 -0.010818057956476342 0.0074555414759917274 0.020340185237056826 0.024313831882431594 -0.014893775642478842 -0.0088446789321228406 0.0078596898503953787 -0.025423383736007936 0.0071047705840911694
leaf_weight=30.127643233165145 22.797214187681679 12.213198833167551 10.261246386915444 10.593474272638558 28.140522874891758 10.281218878924848 26.809786099940538 6.0984921604394904 10.501224551349877 37.204081166535616 23.75702179223299 8.5098102018237132 12.074674736708401 193.47651398926973
leaf_count=526 305 146 102 87 255 99 162 74 82 288 160 76 112 1513
internal_value=-0.00039051 -0.0111985 0.000777136 0.000224915 -0.00914036 0.0031509 0.00159295 -0.00929577 0.00262678 -0.00556291 0.00475183 0.00378985 -0.0119372 0.00532798
internal_weight=442.846 42.3408 400.505 390.244 49.0152 20.8747 341.229 28.8957 312.333 64.0139 248.319 237.818 20.5845 217.234
internal_count=3987 672 3315 3213 441 186 2772 379 2393 450 1943 1861 188 1673
is_linear=0
shrinkage=0.03


end of trees

feature_importances:
vol_60d=109
T10Y2Y_lvl=102
vol_20d=79
VIX_vol_20d=78
zscore_60d=75
DGS10_lvl=65
BRENT_ret_20d=59
ret_20d=57
DXY_vol_20d=55
BRENT_vol_20d=54
DXY_ret_5d=53
DFF_vol_20d=45
DGS10_ret_20d=44
T10Y2Y_ret_20d=43
DFF_ret_20d=40
VIX_lvl=39
T10Y2Y_vol_20d=38
dist_sma20=35
VIX_ret_5d=33
DGS10_ret_5d=33
DFF_lvl=32
T10Y2Y_ret_5d=32
BRENT_ret_5d=32
ret_5d=29
VIX_ret_20d=29
DXY_ret_20d=28
DGS10_vol_20d=28
DFF_ret_5d=14
ret_1d=12

parameters:
[boosting: gbdt]
[objective: binary]
[metric: binary_logloss]
[tree_learner: serial]
[device_type: cpu]
[data_sample_strategy: bagging]
[data: ]
[valid: ]
[num_iterations: 600]
[learning_rate: 0.03]
[num_leaves: 15]
[num_threads: 0]
[seed: 0]
[deterministic: 0]
[force_col_wise: 0]
[force_row_wise: 0]
[histogram_pool_size: -1]
[max_depth: -1]
[min_data_in_leaf: 80]
[min_sum_hessian_in_leaf: 0.001]
[bagging_fraction: 0.8]
[pos_bagging_fraction: 1]
[neg_bagging_fraction: 1]
[bagging_freq: 5]
[bagging_seed: 3]
[bagging_by_query: 0]
[feature_fraction: 0.8]
[feature_fraction_bynode: 1]
[feature_fraction_seed: 2]
[extra_trees: 0]
[extra_seed: 6]
[early_stopping_round: 0]
[early_stopping_min_delta: 0]
[first_metric_only: 0]
[max_delta_step: 0]
[lambda_l1: 0]
[lambda_l2: 1]
[linear_lambda: 0]
[min_gain_to_split: 0]
[drop_rate: 0.1]
[max_drop: 50]
[skip_drop: 0.5]
[xgboost_dart_mode: 0]
[uniform_drop: 0]
[drop_seed: 4]
[top_rate: 0.2]
[other_rate: 0.1]
[min_data_per_group: 100]
[max_cat_threshold: 32]
[cat_l2: 10]
[cat_smooth: 10]
[max_cat_to_onehot: 4]
[top_k: 20]
[monotone_constraints: ]
[monotone_constraints_method: basic]
[monotone_penalty: 0]
[feature_contri: ]
[forcedsplits_filename: ]
[refit_decay_rate: 0.9]
[cegb_tradeoff: 1]
[cegb_penalty_split: 0]
[cegb_penalty_feature_lazy: ]
[cegb_penalty_feature_coupled: ]
[path_smooth: 0]
[interaction_constraints: ]
[verbosity: -1]
[saved_feature_importance_type: 0]
[use_quantized_grad: 0]
[num_grad_quant_bins: 4]
[quant_train_renew_leaf: 0]
[stochastic_rounding: 1]
[linear_tree: 0]
[max_bin: 255]
[max_bin_by_feature: ]
[min_data_in_bin: 3]
[bin_construct_sample_cnt: 200000]
[data_random_seed: 1]
[is_enable_sparse: 1]
[enable_bundle: 1]
[use_missing: 1]
[zero_as_missing: 0]
[feature_pre_filter: 1]
[pre_partition: 0]
[two_round: 0]
[header: 0]
[label_column: ]
[weight_column: ]
[group_column: ]
[ignore_column: ]
[categorical_feature: ]
[forcedbins_filename: ]
[precise_float_parser: 0]
[parser_config_file: ]
[objective_seed: 5]
[num_class: 1]
[is_unbalance: 0]
[scale_pos_weight: 1]
[sigmoid: 1]
[boost_from_average: 1]
[reg_sqrt: 0]
[alpha: 0.9]
[fair_c: 1]
[poisson_max_delta_step: 0.7]
[tweedie_variance_power: 1.5]
[lambdarank_truncation_level: 30]
[lambdarank_norm: 1]
[label_gain: ]
[lambdarank_position_bias_regularization: 0]
[eval_at: ]
[multi_error_top_k: 1]
[auc_mu_weights: ]
[num_machines: 1]
[local_listen_port: 12400]
[time_out: 120]
[machine_list_filename: ]
[machines: ]
[gpu_platform_id: -1]
[gpu_device_id: -1]
[gpu_use_dp: 0]
[num_gpu: 1]

end of parameters

pandas_categorical:[]
